ISO-10303-21;
HEADER;
/* Generated by software containing ST-Developer
 * from STEP Tools, Inc. (www.steptools.com) 
 */
/* OPTION: using custom renumber hook */

FILE_DESCRIPTION(
/* description */ ('STEP AP242 Edition 2',
'CAx-IF Rec.Pracs.---Representation and Presentation of Product Manufa
cturing Information (PMI)---4.0---2014-10-13',
'CAx-IF Rec.Pracs.---3D Tessellated Geometry---0.4---2014-09-14','2;1',
'CAx-IF Rec.Pracs.---User Defined Attributes---1.5---2016-08-15'),
/* implementation_level */ '2;1');

FILE_NAME(
/* name */ '69417803353d633dc218ba5b',
/* time_stamp */ '2025-12-16T15:17:23Z',
/* author */ (''),
/* organization */ (''),
/* preprocessor_version */ 'ST-DEVELOPER v20',
/* originating_system */ 'ONSHAPE BY PTC INC, 1.208',
/* authorisation */ '  ');

FILE_SCHEMA (('AP242_MANAGED_MODEL_BASED_3D_ENGINEERING_MIM_LF { 1 0 10303 442 3 1 4 }'));
ENDSEC;

DATA;
#10=TOROIDAL_SURFACE('',#10677,3.,1.);
#11=TOROIDAL_SURFACE('',#10681,3.,1.);
#12=TOROIDAL_SURFACE('',#10685,3.,1.);
#13=TOROIDAL_SURFACE('',#10689,3.,1.);
#14=TOROIDAL_SURFACE('',#10695,3.,1.);
#15=TOROIDAL_SURFACE('',#10697,3.,1.);
#16=TOROIDAL_SURFACE('',#10703,3.,1.);
#17=TOROIDAL_SURFACE('',#10705,3.,1.);
#18=B_SPLINE_CURVE_WITH_KNOTS('',3,(#15858,#15859,#15860,#15861,#15862,
#15863,#15864,#15865,#15866,#15867,#15868,#15869,#15870),.UNSPECIFIED.,
 .F.,.F.,(4,1,1,1,1,1,1,1,1,1,4),(0.,0.000658018806054125,0.00131603761210825,
0.00197405641816237,0.00230306582118944,0.0026320752242165,0.00296108462724356,
0.00329009403027062,0.00394811283632475,0.00460613164237887,0.005264150448433),
 .UNSPECIFIED.);
#19=B_SPLINE_CURVE_WITH_KNOTS('',3,(#15875,#15876,#15877,#15878,#15879,
#15880,#15881,#15882,#15883,#15884,#15885,#15886,#15887),.UNSPECIFIED.,
 .F.,.F.,(4,1,1,1,1,1,1,1,1,1,4),(0.,0.000658018806054086,0.00131603761210817,
0.00197405641816226,0.0023030658211893,0.00263207522421635,0.00296108462724339,
0.00329009403027043,0.00394811283632452,0.0046061316423786,0.00526415044843269),
 .UNSPECIFIED.);
#20=B_SPLINE_CURVE_WITH_KNOTS('',3,(#15892,#15893,#15894,#15895,#15896,
#15897,#15898,#15899,#15900,#15901,#15902,#15903,#15904),.UNSPECIFIED.,
 .F.,.F.,(4,1,1,1,1,1,1,1,1,1,4),(0.,0.000658018806054121,0.00131603761210824,
0.00197405641816236,0.00230306582118942,0.00263207522421649,0.00296108462724355,
0.00329009403027061,0.00394811283632473,0.00460613164237885,0.00526415044843297),
 .UNSPECIFIED.);
#21=B_SPLINE_CURVE_WITH_KNOTS('',3,(#15909,#15910,#15911,#15912,#15913,
#15914,#15915,#15916,#15917,#15918,#15919,#15920,#15921),.UNSPECIFIED.,
 .F.,.F.,(4,1,1,1,1,1,1,1,1,1,4),(0.,0.000658018806054088,0.00131603761210818,
0.00197405641816226,0.00230306582118931,0.00263207522421635,0.0029610846272434,
0.00329009403027044,0.00394811283632453,0.00460613164237861,0.0052641504484327),
 .UNSPECIFIED.);
#22=CONICAL_SURFACE('',#10628,6.93889390390723E-15,0.523598775598299);
#23=CONICAL_SURFACE('',#10632,3.46944695195361E-15,0.523598775598299);
#24=CONICAL_SURFACE('',#10636,6.93889390390723E-15,0.523598775598299);
#25=CONICAL_SURFACE('',#10640,0.,0.523598775598299);
#26=CONICAL_SURFACE('',#10708,11.55,0.785398163397448);
#27=CONTEXT_DEPENDENT_SHAPE_REPRESENTATION(#31,#16109);
#28=CONTEXT_DEPENDENT_SHAPE_REPRESENTATION(#32,#16111);
#29=NEXT_ASSEMBLY_USAGE_OCCURRENCE('NAUO1','Part 2','Part 2',#16112,#16113,
'');
#30=NEXT_ASSEMBLY_USAGE_OCCURRENCE('NAUO2','Part 1','Part 1',#16112,#16114,
'');
#31=(
REPRESENTATION_RELATIONSHIP(' ',' ',#10160,#10159)
REPRESENTATION_RELATIONSHIP_WITH_TRANSFORMATION(#33)
SHAPE_REPRESENTATION_RELATIONSHIP()
);
#32=(
REPRESENTATION_RELATIONSHIP(' ',' ',#10161,#10159)
REPRESENTATION_RELATIONSHIP_WITH_TRANSFORMATION(#34)
SHAPE_REPRESENTATION_RELATIONSHIP()
);
#33=ITEM_DEFINED_TRANSFORMATION(' ',' ',#10162,#10535);
#34=ITEM_DEFINED_TRANSFORMATION(' ',' ',#10162,#10739);
#35=SHAPE_REPRESENTATION_RELATIONSHIP('','',#10160,#37);
#36=SHAPE_REPRESENTATION_RELATIONSHIP('','',#10161,#38);
#37=ADVANCED_BREP_SHAPE_REPRESENTATION('',(#10154),#16099);
#38=ADVANCED_BREP_SHAPE_REPRESENTATION('',(#10155),#16100);
#39=CYLINDRICAL_SURFACE('',#10495,2.);
#40=CYLINDRICAL_SURFACE('',#10496,2.);
#41=CYLINDRICAL_SURFACE('',#10497,2.);
#42=CYLINDRICAL_SURFACE('',#10498,2.);
#43=CYLINDRICAL_SURFACE('',#10581,11.55);
#44=CYLINDRICAL_SURFACE('',#10584,13.55);
#45=CYLINDRICAL_SURFACE('',#10621,6.35);
#46=CYLINDRICAL_SURFACE('',#10626,3.55);
#47=CYLINDRICAL_SURFACE('',#10627,6.35);
#48=CYLINDRICAL_SURFACE('',#10649,2.);
#49=CYLINDRICAL_SURFACE('',#10650,2.);
#50=CYLINDRICAL_SURFACE('',#10651,2.);
#51=CYLINDRICAL_SURFACE('',#10652,2.);
#52=CYLINDRICAL_SURFACE('',#10653,2.);
#53=CYLINDRICAL_SURFACE('',#10654,2.);
#54=CYLINDRICAL_SURFACE('',#10655,2.);
#55=CYLINDRICAL_SURFACE('',#10656,2.);
#56=CYLINDRICAL_SURFACE('',#10657,4.);
#57=CYLINDRICAL_SURFACE('',#10660,4.);
#58=CYLINDRICAL_SURFACE('',#10663,4.);
#59=CYLINDRICAL_SURFACE('',#10666,4.);
#60=CYLINDRICAL_SURFACE('',#10669,2.);
#61=CYLINDRICAL_SURFACE('',#10670,2.);
#62=CYLINDRICAL_SURFACE('',#10671,2.);
#63=CYLINDRICAL_SURFACE('',#10672,2.);
#64=CYLINDRICAL_SURFACE('',#10673,2.);
#65=CYLINDRICAL_SURFACE('',#10674,2.);
#66=CYLINDRICAL_SURFACE('',#10675,1.);
#67=CYLINDRICAL_SURFACE('',#10679,1.);
#68=CYLINDRICAL_SURFACE('',#10683,1.);
#69=CYLINDRICAL_SURFACE('',#10687,1.);
#70=CYLINDRICAL_SURFACE('',#10691,1.);
#71=CYLINDRICAL_SURFACE('',#10692,1.);
#72=CYLINDRICAL_SURFACE('',#10699,1.);
#73=CYLINDRICAL_SURFACE('',#10701,1.);
#74=CYLINDRICAL_SURFACE('',#10707,1.);
#75=CIRCLE('',#10164,2.);
#76=CIRCLE('',#10165,2.);
#77=CIRCLE('',#10166,2.);
#78=CIRCLE('',#10167,2.);
#79=CIRCLE('',#10491,2.);
#80=CIRCLE('',#10492,2.);
#81=CIRCLE('',#10493,2.);
#82=CIRCLE('',#10494,2.);
#83=CIRCLE('',#10537,6.35);
#84=CIRCLE('',#10539,2.);
#85=CIRCLE('',#10540,2.);
#86=CIRCLE('',#10541,3.55);
#87=CIRCLE('',#10544,3.);
#88=CIRCLE('',#10545,2.);
#89=CIRCLE('',#10546,2.);
#90=CIRCLE('',#10547,2.);
#91=CIRCLE('',#10548,2.);
#92=CIRCLE('',#10549,3.);
#93=CIRCLE('',#10550,3.);
#94=CIRCLE('',#10551,3.);
#95=CIRCLE('',#10553,2.);
#96=CIRCLE('',#10554,2.);
#97=CIRCLE('',#10555,2.);
#98=CIRCLE('',#10556,2.);
#99=CIRCLE('',#10557,6.35);
#100=CIRCLE('',#10559,2.);
#101=CIRCLE('',#10560,2.);
#102=CIRCLE('',#10561,2.);
#103=CIRCLE('',#10562,13.55);
#104=CIRCLE('',#10565,2.);
#105=CIRCLE('',#10566,2.);
#106=CIRCLE('',#10567,2.);
#107=CIRCLE('',#10568,2.);
#108=CIRCLE('',#10569,6.35);
#109=CIRCLE('',#10571,2.);
#110=CIRCLE('',#10572,2.);
#111=CIRCLE('',#10573,3.55);
#112=CIRCLE('',#10575,6.35);
#113=CIRCLE('',#10577,3.);
#114=CIRCLE('',#10578,3.);
#115=CIRCLE('',#10579,3.);
#116=CIRCLE('',#10580,3.);
#117=CIRCLE('',#10582,11.55);
#118=CIRCLE('',#10583,11.55);
#119=CIRCLE('',#10585,13.55);
#120=CIRCLE('',#10587,12.55);
#121=CIRCLE('',#10617,2.);
#122=CIRCLE('',#10629,4.);
#123=CIRCLE('',#10631,2.);
#124=CIRCLE('',#10633,4.);
#125=CIRCLE('',#10635,2.);
#126=CIRCLE('',#10637,4.);
#127=CIRCLE('',#10639,2.);
#128=CIRCLE('',#10641,4.);
#129=CIRCLE('',#10643,2.);
#130=CIRCLE('',#10645,1.);
#131=CIRCLE('',#10648,1.);
#132=CIRCLE('',#10658,4.);
#133=CIRCLE('',#10659,4.);
#134=CIRCLE('',#10661,4.);
#135=CIRCLE('',#10662,4.);
#136=CIRCLE('',#10664,4.);
#137=CIRCLE('',#10665,4.);
#138=CIRCLE('',#10667,4.);
#139=CIRCLE('',#10668,4.);
#140=CIRCLE('',#10676,1.);
#141=CIRCLE('',#10678,1.);
#142=CIRCLE('',#10680,1.);
#143=CIRCLE('',#10682,1.);
#144=CIRCLE('',#10684,1.);
#145=CIRCLE('',#10686,1.);
#146=CIRCLE('',#10688,1.);
#147=CIRCLE('',#10690,1.);
#148=CIRCLE('',#10693,1.);
#149=CIRCLE('',#10694,1.);
#150=CIRCLE('',#10696,1.);
#151=CIRCLE('',#10698,1.);
#152=CIRCLE('',#10700,1.);
#153=CIRCLE('',#10702,1.);
#154=CIRCLE('',#10704,1.);
#155=CIRCLE('',#10706,1.);
#156=ORIENTED_EDGE('',*,*,#2964,.F.);
#157=ORIENTED_EDGE('',*,*,#2965,.T.);
#158=ORIENTED_EDGE('',*,*,#2966,.T.);
#159=ORIENTED_EDGE('',*,*,#2967,.F.);
#160=ORIENTED_EDGE('',*,*,#2968,.T.);
#161=ORIENTED_EDGE('',*,*,#2969,.T.);
#162=ORIENTED_EDGE('',*,*,#2970,.F.);
#163=ORIENTED_EDGE('',*,*,#2971,.F.);
#164=ORIENTED_EDGE('',*,*,#2972,.F.);
#165=ORIENTED_EDGE('',*,*,#2973,.F.);
#166=ORIENTED_EDGE('',*,*,#2974,.F.);
#167=ORIENTED_EDGE('',*,*,#2975,.F.);
#168=ORIENTED_EDGE('',*,*,#2976,.F.);
#169=ORIENTED_EDGE('',*,*,#2977,.F.);
#170=ORIENTED_EDGE('',*,*,#2978,.F.);
#171=ORIENTED_EDGE('',*,*,#2979,.F.);
#172=ORIENTED_EDGE('',*,*,#2980,.F.);
#173=ORIENTED_EDGE('',*,*,#2981,.F.);
#174=ORIENTED_EDGE('',*,*,#2982,.F.);
#175=ORIENTED_EDGE('',*,*,#2983,.F.);
#176=ORIENTED_EDGE('',*,*,#2984,.F.);
#177=ORIENTED_EDGE('',*,*,#2985,.F.);
#178=ORIENTED_EDGE('',*,*,#2986,.F.);
#179=ORIENTED_EDGE('',*,*,#2987,.F.);
#180=ORIENTED_EDGE('',*,*,#2988,.F.);
#181=ORIENTED_EDGE('',*,*,#2989,.F.);
#182=ORIENTED_EDGE('',*,*,#2990,.F.);
#183=ORIENTED_EDGE('',*,*,#2991,.F.);
#184=ORIENTED_EDGE('',*,*,#2992,.F.);
#185=ORIENTED_EDGE('',*,*,#2993,.F.);
#186=ORIENTED_EDGE('',*,*,#2994,.F.);
#187=ORIENTED_EDGE('',*,*,#2995,.F.);
#188=ORIENTED_EDGE('',*,*,#2996,.F.);
#189=ORIENTED_EDGE('',*,*,#2997,.F.);
#190=ORIENTED_EDGE('',*,*,#2998,.F.);
#191=ORIENTED_EDGE('',*,*,#2999,.F.);
#192=ORIENTED_EDGE('',*,*,#3000,.F.);
#193=ORIENTED_EDGE('',*,*,#3001,.F.);
#194=ORIENTED_EDGE('',*,*,#3002,.F.);
#195=ORIENTED_EDGE('',*,*,#3003,.F.);
#196=ORIENTED_EDGE('',*,*,#3004,.F.);
#197=ORIENTED_EDGE('',*,*,#3005,.F.);
#198=ORIENTED_EDGE('',*,*,#3006,.F.);
#199=ORIENTED_EDGE('',*,*,#3007,.F.);
#200=ORIENTED_EDGE('',*,*,#3008,.F.);
#201=ORIENTED_EDGE('',*,*,#3009,.F.);
#202=ORIENTED_EDGE('',*,*,#3010,.F.);
#203=ORIENTED_EDGE('',*,*,#3011,.F.);
#204=ORIENTED_EDGE('',*,*,#3012,.F.);
#205=ORIENTED_EDGE('',*,*,#3013,.F.);
#206=ORIENTED_EDGE('',*,*,#3014,.F.);
#207=ORIENTED_EDGE('',*,*,#3015,.F.);
#208=ORIENTED_EDGE('',*,*,#3016,.F.);
#209=ORIENTED_EDGE('',*,*,#3017,.F.);
#210=ORIENTED_EDGE('',*,*,#3018,.F.);
#211=ORIENTED_EDGE('',*,*,#3019,.F.);
#212=ORIENTED_EDGE('',*,*,#3020,.F.);
#213=ORIENTED_EDGE('',*,*,#3021,.F.);
#214=ORIENTED_EDGE('',*,*,#3022,.F.);
#215=ORIENTED_EDGE('',*,*,#3023,.F.);
#216=ORIENTED_EDGE('',*,*,#3024,.F.);
#217=ORIENTED_EDGE('',*,*,#3025,.F.);
#218=ORIENTED_EDGE('',*,*,#3026,.F.);
#219=ORIENTED_EDGE('',*,*,#3027,.F.);
#220=ORIENTED_EDGE('',*,*,#3028,.F.);
#221=ORIENTED_EDGE('',*,*,#3029,.F.);
#222=ORIENTED_EDGE('',*,*,#3030,.F.);
#223=ORIENTED_EDGE('',*,*,#3031,.F.);
#224=ORIENTED_EDGE('',*,*,#3032,.F.);
#225=ORIENTED_EDGE('',*,*,#3033,.F.);
#226=ORIENTED_EDGE('',*,*,#3034,.F.);
#227=ORIENTED_EDGE('',*,*,#3035,.F.);
#228=ORIENTED_EDGE('',*,*,#3036,.F.);
#229=ORIENTED_EDGE('',*,*,#3037,.F.);
#230=ORIENTED_EDGE('',*,*,#3038,.F.);
#231=ORIENTED_EDGE('',*,*,#3039,.F.);
#232=ORIENTED_EDGE('',*,*,#3040,.F.);
#233=ORIENTED_EDGE('',*,*,#3041,.F.);
#234=ORIENTED_EDGE('',*,*,#3042,.F.);
#235=ORIENTED_EDGE('',*,*,#3043,.F.);
#236=ORIENTED_EDGE('',*,*,#3044,.F.);
#237=ORIENTED_EDGE('',*,*,#3045,.F.);
#238=ORIENTED_EDGE('',*,*,#3046,.F.);
#239=ORIENTED_EDGE('',*,*,#3047,.F.);
#240=ORIENTED_EDGE('',*,*,#3048,.F.);
#241=ORIENTED_EDGE('',*,*,#3049,.F.);
#242=ORIENTED_EDGE('',*,*,#3050,.F.);
#243=ORIENTED_EDGE('',*,*,#3051,.F.);
#244=ORIENTED_EDGE('',*,*,#3052,.F.);
#245=ORIENTED_EDGE('',*,*,#3053,.F.);
#246=ORIENTED_EDGE('',*,*,#3054,.F.);
#247=ORIENTED_EDGE('',*,*,#3055,.F.);
#248=ORIENTED_EDGE('',*,*,#3056,.F.);
#249=ORIENTED_EDGE('',*,*,#3057,.F.);
#250=ORIENTED_EDGE('',*,*,#3058,.F.);
#251=ORIENTED_EDGE('',*,*,#3059,.F.);
#252=ORIENTED_EDGE('',*,*,#3060,.F.);
#253=ORIENTED_EDGE('',*,*,#3061,.F.);
#254=ORIENTED_EDGE('',*,*,#3062,.F.);
#255=ORIENTED_EDGE('',*,*,#3063,.F.);
#256=ORIENTED_EDGE('',*,*,#3064,.F.);
#257=ORIENTED_EDGE('',*,*,#3065,.F.);
#258=ORIENTED_EDGE('',*,*,#3066,.F.);
#259=ORIENTED_EDGE('',*,*,#3067,.F.);
#260=ORIENTED_EDGE('',*,*,#3068,.F.);
#261=ORIENTED_EDGE('',*,*,#3069,.F.);
#262=ORIENTED_EDGE('',*,*,#3070,.F.);
#263=ORIENTED_EDGE('',*,*,#3071,.F.);
#264=ORIENTED_EDGE('',*,*,#3072,.F.);
#265=ORIENTED_EDGE('',*,*,#3073,.F.);
#266=ORIENTED_EDGE('',*,*,#3074,.F.);
#267=ORIENTED_EDGE('',*,*,#3075,.F.);
#268=ORIENTED_EDGE('',*,*,#3076,.F.);
#269=ORIENTED_EDGE('',*,*,#3077,.F.);
#270=ORIENTED_EDGE('',*,*,#3078,.F.);
#271=ORIENTED_EDGE('',*,*,#3079,.F.);
#272=ORIENTED_EDGE('',*,*,#3080,.F.);
#273=ORIENTED_EDGE('',*,*,#3081,.F.);
#274=ORIENTED_EDGE('',*,*,#3082,.F.);
#275=ORIENTED_EDGE('',*,*,#3083,.F.);
#276=ORIENTED_EDGE('',*,*,#3084,.F.);
#277=ORIENTED_EDGE('',*,*,#3085,.F.);
#278=ORIENTED_EDGE('',*,*,#3086,.F.);
#279=ORIENTED_EDGE('',*,*,#3087,.F.);
#280=ORIENTED_EDGE('',*,*,#3088,.F.);
#281=ORIENTED_EDGE('',*,*,#3089,.F.);
#282=ORIENTED_EDGE('',*,*,#3090,.F.);
#283=ORIENTED_EDGE('',*,*,#3091,.F.);
#284=ORIENTED_EDGE('',*,*,#3092,.F.);
#285=ORIENTED_EDGE('',*,*,#3093,.F.);
#286=ORIENTED_EDGE('',*,*,#3094,.F.);
#287=ORIENTED_EDGE('',*,*,#3095,.F.);
#288=ORIENTED_EDGE('',*,*,#3096,.F.);
#289=ORIENTED_EDGE('',*,*,#3097,.F.);
#290=ORIENTED_EDGE('',*,*,#3098,.F.);
#291=ORIENTED_EDGE('',*,*,#3099,.F.);
#292=ORIENTED_EDGE('',*,*,#3100,.F.);
#293=ORIENTED_EDGE('',*,*,#3101,.F.);
#294=ORIENTED_EDGE('',*,*,#3102,.F.);
#295=ORIENTED_EDGE('',*,*,#3103,.F.);
#296=ORIENTED_EDGE('',*,*,#3104,.F.);
#297=ORIENTED_EDGE('',*,*,#3105,.F.);
#298=ORIENTED_EDGE('',*,*,#3106,.F.);
#299=ORIENTED_EDGE('',*,*,#3107,.F.);
#300=ORIENTED_EDGE('',*,*,#3108,.F.);
#301=ORIENTED_EDGE('',*,*,#3109,.F.);
#302=ORIENTED_EDGE('',*,*,#3110,.F.);
#303=ORIENTED_EDGE('',*,*,#3111,.F.);
#304=ORIENTED_EDGE('',*,*,#3112,.F.);
#305=ORIENTED_EDGE('',*,*,#3113,.F.);
#306=ORIENTED_EDGE('',*,*,#3114,.F.);
#307=ORIENTED_EDGE('',*,*,#3115,.F.);
#308=ORIENTED_EDGE('',*,*,#3116,.F.);
#309=ORIENTED_EDGE('',*,*,#3117,.F.);
#310=ORIENTED_EDGE('',*,*,#3118,.F.);
#311=ORIENTED_EDGE('',*,*,#3119,.F.);
#312=ORIENTED_EDGE('',*,*,#3120,.F.);
#313=ORIENTED_EDGE('',*,*,#3121,.F.);
#314=ORIENTED_EDGE('',*,*,#3122,.F.);
#315=ORIENTED_EDGE('',*,*,#3123,.F.);
#316=ORIENTED_EDGE('',*,*,#3124,.F.);
#317=ORIENTED_EDGE('',*,*,#3125,.F.);
#318=ORIENTED_EDGE('',*,*,#3126,.F.);
#319=ORIENTED_EDGE('',*,*,#3127,.F.);
#320=ORIENTED_EDGE('',*,*,#3128,.F.);
#321=ORIENTED_EDGE('',*,*,#3129,.F.);
#322=ORIENTED_EDGE('',*,*,#3130,.F.);
#323=ORIENTED_EDGE('',*,*,#3131,.F.);
#324=ORIENTED_EDGE('',*,*,#3132,.F.);
#325=ORIENTED_EDGE('',*,*,#3133,.F.);
#326=ORIENTED_EDGE('',*,*,#3134,.F.);
#327=ORIENTED_EDGE('',*,*,#3135,.F.);
#328=ORIENTED_EDGE('',*,*,#3136,.F.);
#329=ORIENTED_EDGE('',*,*,#3137,.F.);
#330=ORIENTED_EDGE('',*,*,#3138,.F.);
#331=ORIENTED_EDGE('',*,*,#3139,.F.);
#332=ORIENTED_EDGE('',*,*,#3140,.F.);
#333=ORIENTED_EDGE('',*,*,#3141,.F.);
#334=ORIENTED_EDGE('',*,*,#3142,.F.);
#335=ORIENTED_EDGE('',*,*,#3143,.F.);
#336=ORIENTED_EDGE('',*,*,#3144,.F.);
#337=ORIENTED_EDGE('',*,*,#3145,.F.);
#338=ORIENTED_EDGE('',*,*,#3146,.F.);
#339=ORIENTED_EDGE('',*,*,#3147,.F.);
#340=ORIENTED_EDGE('',*,*,#3148,.F.);
#341=ORIENTED_EDGE('',*,*,#3149,.F.);
#342=ORIENTED_EDGE('',*,*,#3150,.F.);
#343=ORIENTED_EDGE('',*,*,#3151,.F.);
#344=ORIENTED_EDGE('',*,*,#3152,.F.);
#345=ORIENTED_EDGE('',*,*,#3153,.F.);
#346=ORIENTED_EDGE('',*,*,#3154,.F.);
#347=ORIENTED_EDGE('',*,*,#3155,.F.);
#348=ORIENTED_EDGE('',*,*,#3156,.F.);
#349=ORIENTED_EDGE('',*,*,#3157,.F.);
#350=ORIENTED_EDGE('',*,*,#3158,.F.);
#351=ORIENTED_EDGE('',*,*,#3159,.F.);
#352=ORIENTED_EDGE('',*,*,#3160,.F.);
#353=ORIENTED_EDGE('',*,*,#3161,.F.);
#354=ORIENTED_EDGE('',*,*,#3162,.F.);
#355=ORIENTED_EDGE('',*,*,#3163,.F.);
#356=ORIENTED_EDGE('',*,*,#3164,.F.);
#357=ORIENTED_EDGE('',*,*,#3165,.F.);
#358=ORIENTED_EDGE('',*,*,#3166,.F.);
#359=ORIENTED_EDGE('',*,*,#3167,.F.);
#360=ORIENTED_EDGE('',*,*,#3168,.F.);
#361=ORIENTED_EDGE('',*,*,#3169,.F.);
#362=ORIENTED_EDGE('',*,*,#3170,.F.);
#363=ORIENTED_EDGE('',*,*,#3171,.F.);
#364=ORIENTED_EDGE('',*,*,#3172,.F.);
#365=ORIENTED_EDGE('',*,*,#3173,.F.);
#366=ORIENTED_EDGE('',*,*,#3174,.F.);
#367=ORIENTED_EDGE('',*,*,#3175,.F.);
#368=ORIENTED_EDGE('',*,*,#3176,.F.);
#369=ORIENTED_EDGE('',*,*,#3177,.F.);
#370=ORIENTED_EDGE('',*,*,#3178,.F.);
#371=ORIENTED_EDGE('',*,*,#3179,.F.);
#372=ORIENTED_EDGE('',*,*,#3180,.F.);
#373=ORIENTED_EDGE('',*,*,#3181,.F.);
#374=ORIENTED_EDGE('',*,*,#3182,.F.);
#375=ORIENTED_EDGE('',*,*,#3183,.F.);
#376=ORIENTED_EDGE('',*,*,#3184,.F.);
#377=ORIENTED_EDGE('',*,*,#3185,.F.);
#378=ORIENTED_EDGE('',*,*,#3186,.F.);
#379=ORIENTED_EDGE('',*,*,#3187,.F.);
#380=ORIENTED_EDGE('',*,*,#3188,.F.);
#381=ORIENTED_EDGE('',*,*,#3189,.F.);
#382=ORIENTED_EDGE('',*,*,#3190,.F.);
#383=ORIENTED_EDGE('',*,*,#3191,.F.);
#384=ORIENTED_EDGE('',*,*,#3192,.F.);
#385=ORIENTED_EDGE('',*,*,#3193,.F.);
#386=ORIENTED_EDGE('',*,*,#3194,.F.);
#387=ORIENTED_EDGE('',*,*,#3195,.F.);
#388=ORIENTED_EDGE('',*,*,#3196,.F.);
#389=ORIENTED_EDGE('',*,*,#3197,.F.);
#390=ORIENTED_EDGE('',*,*,#3198,.F.);
#391=ORIENTED_EDGE('',*,*,#3199,.F.);
#392=ORIENTED_EDGE('',*,*,#3200,.F.);
#393=ORIENTED_EDGE('',*,*,#3201,.F.);
#394=ORIENTED_EDGE('',*,*,#3202,.F.);
#395=ORIENTED_EDGE('',*,*,#3203,.F.);
#396=ORIENTED_EDGE('',*,*,#3204,.F.);
#397=ORIENTED_EDGE('',*,*,#3205,.F.);
#398=ORIENTED_EDGE('',*,*,#3206,.F.);
#399=ORIENTED_EDGE('',*,*,#3207,.F.);
#400=ORIENTED_EDGE('',*,*,#3208,.F.);
#401=ORIENTED_EDGE('',*,*,#3209,.F.);
#402=ORIENTED_EDGE('',*,*,#3210,.F.);
#403=ORIENTED_EDGE('',*,*,#3211,.F.);
#404=ORIENTED_EDGE('',*,*,#3212,.F.);
#405=ORIENTED_EDGE('',*,*,#3213,.F.);
#406=ORIENTED_EDGE('',*,*,#3214,.F.);
#407=ORIENTED_EDGE('',*,*,#3215,.F.);
#408=ORIENTED_EDGE('',*,*,#3216,.F.);
#409=ORIENTED_EDGE('',*,*,#3217,.F.);
#410=ORIENTED_EDGE('',*,*,#3218,.F.);
#411=ORIENTED_EDGE('',*,*,#3219,.F.);
#412=ORIENTED_EDGE('',*,*,#3220,.F.);
#413=ORIENTED_EDGE('',*,*,#3221,.F.);
#414=ORIENTED_EDGE('',*,*,#3222,.F.);
#415=ORIENTED_EDGE('',*,*,#3223,.F.);
#416=ORIENTED_EDGE('',*,*,#3224,.F.);
#417=ORIENTED_EDGE('',*,*,#3225,.F.);
#418=ORIENTED_EDGE('',*,*,#3226,.F.);
#419=ORIENTED_EDGE('',*,*,#3227,.F.);
#420=ORIENTED_EDGE('',*,*,#3228,.F.);
#421=ORIENTED_EDGE('',*,*,#3229,.F.);
#422=ORIENTED_EDGE('',*,*,#3230,.F.);
#423=ORIENTED_EDGE('',*,*,#3231,.F.);
#424=ORIENTED_EDGE('',*,*,#3232,.F.);
#425=ORIENTED_EDGE('',*,*,#3233,.F.);
#426=ORIENTED_EDGE('',*,*,#3234,.F.);
#427=ORIENTED_EDGE('',*,*,#3235,.F.);
#428=ORIENTED_EDGE('',*,*,#3236,.F.);
#429=ORIENTED_EDGE('',*,*,#3237,.F.);
#430=ORIENTED_EDGE('',*,*,#3238,.F.);
#431=ORIENTED_EDGE('',*,*,#3239,.F.);
#432=ORIENTED_EDGE('',*,*,#3240,.F.);
#433=ORIENTED_EDGE('',*,*,#3241,.F.);
#434=ORIENTED_EDGE('',*,*,#3242,.F.);
#435=ORIENTED_EDGE('',*,*,#3243,.F.);
#436=ORIENTED_EDGE('',*,*,#3244,.F.);
#437=ORIENTED_EDGE('',*,*,#3245,.F.);
#438=ORIENTED_EDGE('',*,*,#3246,.F.);
#439=ORIENTED_EDGE('',*,*,#3247,.F.);
#440=ORIENTED_EDGE('',*,*,#3248,.F.);
#441=ORIENTED_EDGE('',*,*,#3249,.F.);
#442=ORIENTED_EDGE('',*,*,#3250,.F.);
#443=ORIENTED_EDGE('',*,*,#3251,.F.);
#444=ORIENTED_EDGE('',*,*,#3252,.F.);
#445=ORIENTED_EDGE('',*,*,#3253,.F.);
#446=ORIENTED_EDGE('',*,*,#3254,.F.);
#447=ORIENTED_EDGE('',*,*,#3255,.F.);
#448=ORIENTED_EDGE('',*,*,#3256,.F.);
#449=ORIENTED_EDGE('',*,*,#3257,.F.);
#450=ORIENTED_EDGE('',*,*,#3258,.F.);
#451=ORIENTED_EDGE('',*,*,#3259,.F.);
#452=ORIENTED_EDGE('',*,*,#3260,.F.);
#453=ORIENTED_EDGE('',*,*,#3261,.F.);
#454=ORIENTED_EDGE('',*,*,#3262,.F.);
#455=ORIENTED_EDGE('',*,*,#3263,.F.);
#456=ORIENTED_EDGE('',*,*,#3264,.F.);
#457=ORIENTED_EDGE('',*,*,#3265,.F.);
#458=ORIENTED_EDGE('',*,*,#3266,.F.);
#459=ORIENTED_EDGE('',*,*,#3267,.F.);
#460=ORIENTED_EDGE('',*,*,#3268,.F.);
#461=ORIENTED_EDGE('',*,*,#3269,.F.);
#462=ORIENTED_EDGE('',*,*,#3270,.F.);
#463=ORIENTED_EDGE('',*,*,#3271,.F.);
#464=ORIENTED_EDGE('',*,*,#3272,.F.);
#465=ORIENTED_EDGE('',*,*,#3273,.F.);
#466=ORIENTED_EDGE('',*,*,#3274,.F.);
#467=ORIENTED_EDGE('',*,*,#3275,.F.);
#468=ORIENTED_EDGE('',*,*,#3276,.F.);
#469=ORIENTED_EDGE('',*,*,#3277,.F.);
#470=ORIENTED_EDGE('',*,*,#3278,.F.);
#471=ORIENTED_EDGE('',*,*,#3279,.F.);
#472=ORIENTED_EDGE('',*,*,#3280,.F.);
#473=ORIENTED_EDGE('',*,*,#3281,.F.);
#474=ORIENTED_EDGE('',*,*,#3282,.F.);
#475=ORIENTED_EDGE('',*,*,#3283,.F.);
#476=ORIENTED_EDGE('',*,*,#3284,.F.);
#477=ORIENTED_EDGE('',*,*,#3285,.F.);
#478=ORIENTED_EDGE('',*,*,#3286,.F.);
#479=ORIENTED_EDGE('',*,*,#3287,.F.);
#480=ORIENTED_EDGE('',*,*,#3288,.F.);
#481=ORIENTED_EDGE('',*,*,#3289,.F.);
#482=ORIENTED_EDGE('',*,*,#3290,.F.);
#483=ORIENTED_EDGE('',*,*,#3291,.F.);
#484=ORIENTED_EDGE('',*,*,#3292,.F.);
#485=ORIENTED_EDGE('',*,*,#3293,.F.);
#486=ORIENTED_EDGE('',*,*,#3294,.F.);
#487=ORIENTED_EDGE('',*,*,#3295,.F.);
#488=ORIENTED_EDGE('',*,*,#3296,.F.);
#489=ORIENTED_EDGE('',*,*,#3297,.T.);
#490=ORIENTED_EDGE('',*,*,#3298,.T.);
#491=ORIENTED_EDGE('',*,*,#3299,.F.);
#492=ORIENTED_EDGE('',*,*,#3300,.F.);
#493=ORIENTED_EDGE('',*,*,#3301,.T.);
#494=ORIENTED_EDGE('',*,*,#3302,.F.);
#495=ORIENTED_EDGE('',*,*,#3303,.F.);
#496=ORIENTED_EDGE('',*,*,#3304,.F.);
#497=ORIENTED_EDGE('',*,*,#3305,.T.);
#498=ORIENTED_EDGE('',*,*,#3306,.T.);
#499=ORIENTED_EDGE('',*,*,#3307,.T.);
#500=ORIENTED_EDGE('',*,*,#3308,.T.);
#501=ORIENTED_EDGE('',*,*,#3309,.T.);
#502=ORIENTED_EDGE('',*,*,#3310,.F.);
#503=ORIENTED_EDGE('',*,*,#3311,.T.);
#504=ORIENTED_EDGE('',*,*,#2972,.T.);
#505=ORIENTED_EDGE('',*,*,#3312,.F.);
#506=ORIENTED_EDGE('',*,*,#3313,.F.);
#507=ORIENTED_EDGE('',*,*,#3314,.T.);
#508=ORIENTED_EDGE('',*,*,#2977,.T.);
#509=ORIENTED_EDGE('',*,*,#3315,.F.);
#510=ORIENTED_EDGE('',*,*,#3316,.F.);
#511=ORIENTED_EDGE('',*,*,#3312,.T.);
#512=ORIENTED_EDGE('',*,*,#2976,.T.);
#513=ORIENTED_EDGE('',*,*,#3317,.F.);
#514=ORIENTED_EDGE('',*,*,#3318,.F.);
#515=ORIENTED_EDGE('',*,*,#3315,.T.);
#516=ORIENTED_EDGE('',*,*,#2975,.T.);
#517=ORIENTED_EDGE('',*,*,#3319,.F.);
#518=ORIENTED_EDGE('',*,*,#3320,.F.);
#519=ORIENTED_EDGE('',*,*,#3317,.T.);
#520=ORIENTED_EDGE('',*,*,#2974,.T.);
#521=ORIENTED_EDGE('',*,*,#3321,.F.);
#522=ORIENTED_EDGE('',*,*,#3322,.F.);
#523=ORIENTED_EDGE('',*,*,#3319,.T.);
#524=ORIENTED_EDGE('',*,*,#2973,.T.);
#525=ORIENTED_EDGE('',*,*,#3314,.F.);
#526=ORIENTED_EDGE('',*,*,#3323,.F.);
#527=ORIENTED_EDGE('',*,*,#3321,.T.);
#528=ORIENTED_EDGE('',*,*,#2978,.T.);
#529=ORIENTED_EDGE('',*,*,#3324,.F.);
#530=ORIENTED_EDGE('',*,*,#3325,.F.);
#531=ORIENTED_EDGE('',*,*,#3326,.T.);
#532=ORIENTED_EDGE('',*,*,#2983,.T.);
#533=ORIENTED_EDGE('',*,*,#3327,.F.);
#534=ORIENTED_EDGE('',*,*,#3328,.F.);
#535=ORIENTED_EDGE('',*,*,#3324,.T.);
#536=ORIENTED_EDGE('',*,*,#2982,.T.);
#537=ORIENTED_EDGE('',*,*,#3329,.F.);
#538=ORIENTED_EDGE('',*,*,#3330,.F.);
#539=ORIENTED_EDGE('',*,*,#3327,.T.);
#540=ORIENTED_EDGE('',*,*,#2981,.T.);
#541=ORIENTED_EDGE('',*,*,#3331,.F.);
#542=ORIENTED_EDGE('',*,*,#3332,.F.);
#543=ORIENTED_EDGE('',*,*,#3329,.T.);
#544=ORIENTED_EDGE('',*,*,#2980,.T.);
#545=ORIENTED_EDGE('',*,*,#3333,.F.);
#546=ORIENTED_EDGE('',*,*,#3334,.F.);
#547=ORIENTED_EDGE('',*,*,#3331,.T.);
#548=ORIENTED_EDGE('',*,*,#2979,.T.);
#549=ORIENTED_EDGE('',*,*,#3326,.F.);
#550=ORIENTED_EDGE('',*,*,#3335,.F.);
#551=ORIENTED_EDGE('',*,*,#3333,.T.);
#552=ORIENTED_EDGE('',*,*,#2984,.T.);
#553=ORIENTED_EDGE('',*,*,#3336,.F.);
#554=ORIENTED_EDGE('',*,*,#3337,.F.);
#555=ORIENTED_EDGE('',*,*,#3338,.T.);
#556=ORIENTED_EDGE('',*,*,#2989,.T.);
#557=ORIENTED_EDGE('',*,*,#3339,.F.);
#558=ORIENTED_EDGE('',*,*,#3340,.F.);
#559=ORIENTED_EDGE('',*,*,#3336,.T.);
#560=ORIENTED_EDGE('',*,*,#2988,.T.);
#561=ORIENTED_EDGE('',*,*,#3341,.F.);
#562=ORIENTED_EDGE('',*,*,#3342,.F.);
#563=ORIENTED_EDGE('',*,*,#3339,.T.);
#564=ORIENTED_EDGE('',*,*,#2987,.T.);
#565=ORIENTED_EDGE('',*,*,#3343,.F.);
#566=ORIENTED_EDGE('',*,*,#3344,.F.);
#567=ORIENTED_EDGE('',*,*,#3341,.T.);
#568=ORIENTED_EDGE('',*,*,#2986,.T.);
#569=ORIENTED_EDGE('',*,*,#3345,.F.);
#570=ORIENTED_EDGE('',*,*,#3346,.F.);
#571=ORIENTED_EDGE('',*,*,#3343,.T.);
#572=ORIENTED_EDGE('',*,*,#2985,.T.);
#573=ORIENTED_EDGE('',*,*,#3338,.F.);
#574=ORIENTED_EDGE('',*,*,#3347,.F.);
#575=ORIENTED_EDGE('',*,*,#3345,.T.);
#576=ORIENTED_EDGE('',*,*,#2990,.T.);
#577=ORIENTED_EDGE('',*,*,#3348,.F.);
#578=ORIENTED_EDGE('',*,*,#3349,.F.);
#579=ORIENTED_EDGE('',*,*,#3350,.T.);
#580=ORIENTED_EDGE('',*,*,#2995,.T.);
#581=ORIENTED_EDGE('',*,*,#3351,.F.);
#582=ORIENTED_EDGE('',*,*,#3352,.F.);
#583=ORIENTED_EDGE('',*,*,#3348,.T.);
#584=ORIENTED_EDGE('',*,*,#2994,.T.);
#585=ORIENTED_EDGE('',*,*,#3353,.F.);
#586=ORIENTED_EDGE('',*,*,#3354,.F.);
#587=ORIENTED_EDGE('',*,*,#3351,.T.);
#588=ORIENTED_EDGE('',*,*,#2993,.T.);
#589=ORIENTED_EDGE('',*,*,#3355,.F.);
#590=ORIENTED_EDGE('',*,*,#3356,.F.);
#591=ORIENTED_EDGE('',*,*,#3353,.T.);
#592=ORIENTED_EDGE('',*,*,#2992,.T.);
#593=ORIENTED_EDGE('',*,*,#3357,.F.);
#594=ORIENTED_EDGE('',*,*,#3358,.F.);
#595=ORIENTED_EDGE('',*,*,#3355,.T.);
#596=ORIENTED_EDGE('',*,*,#2991,.T.);
#597=ORIENTED_EDGE('',*,*,#3350,.F.);
#598=ORIENTED_EDGE('',*,*,#3359,.F.);
#599=ORIENTED_EDGE('',*,*,#3357,.T.);
#600=ORIENTED_EDGE('',*,*,#2996,.T.);
#601=ORIENTED_EDGE('',*,*,#3360,.F.);
#602=ORIENTED_EDGE('',*,*,#3361,.F.);
#603=ORIENTED_EDGE('',*,*,#3362,.T.);
#604=ORIENTED_EDGE('',*,*,#3001,.T.);
#605=ORIENTED_EDGE('',*,*,#3363,.F.);
#606=ORIENTED_EDGE('',*,*,#3364,.F.);
#607=ORIENTED_EDGE('',*,*,#3360,.T.);
#608=ORIENTED_EDGE('',*,*,#3000,.T.);
#609=ORIENTED_EDGE('',*,*,#3365,.F.);
#610=ORIENTED_EDGE('',*,*,#3366,.F.);
#611=ORIENTED_EDGE('',*,*,#3363,.T.);
#612=ORIENTED_EDGE('',*,*,#2999,.T.);
#613=ORIENTED_EDGE('',*,*,#3367,.F.);
#614=ORIENTED_EDGE('',*,*,#3368,.F.);
#615=ORIENTED_EDGE('',*,*,#3365,.T.);
#616=ORIENTED_EDGE('',*,*,#2998,.T.);
#617=ORIENTED_EDGE('',*,*,#3369,.F.);
#618=ORIENTED_EDGE('',*,*,#3370,.F.);
#619=ORIENTED_EDGE('',*,*,#3367,.T.);
#620=ORIENTED_EDGE('',*,*,#2997,.T.);
#621=ORIENTED_EDGE('',*,*,#3362,.F.);
#622=ORIENTED_EDGE('',*,*,#3371,.F.);
#623=ORIENTED_EDGE('',*,*,#3369,.T.);
#624=ORIENTED_EDGE('',*,*,#3002,.T.);
#625=ORIENTED_EDGE('',*,*,#3372,.F.);
#626=ORIENTED_EDGE('',*,*,#3373,.F.);
#627=ORIENTED_EDGE('',*,*,#3374,.T.);
#628=ORIENTED_EDGE('',*,*,#3007,.T.);
#629=ORIENTED_EDGE('',*,*,#3375,.F.);
#630=ORIENTED_EDGE('',*,*,#3376,.F.);
#631=ORIENTED_EDGE('',*,*,#3372,.T.);
#632=ORIENTED_EDGE('',*,*,#3006,.T.);
#633=ORIENTED_EDGE('',*,*,#3377,.F.);
#634=ORIENTED_EDGE('',*,*,#3378,.F.);
#635=ORIENTED_EDGE('',*,*,#3375,.T.);
#636=ORIENTED_EDGE('',*,*,#3005,.T.);
#637=ORIENTED_EDGE('',*,*,#3379,.F.);
#638=ORIENTED_EDGE('',*,*,#3380,.F.);
#639=ORIENTED_EDGE('',*,*,#3377,.T.);
#640=ORIENTED_EDGE('',*,*,#3004,.T.);
#641=ORIENTED_EDGE('',*,*,#3381,.F.);
#642=ORIENTED_EDGE('',*,*,#3382,.F.);
#643=ORIENTED_EDGE('',*,*,#3379,.T.);
#644=ORIENTED_EDGE('',*,*,#3003,.T.);
#645=ORIENTED_EDGE('',*,*,#3374,.F.);
#646=ORIENTED_EDGE('',*,*,#3383,.F.);
#647=ORIENTED_EDGE('',*,*,#3381,.T.);
#648=ORIENTED_EDGE('',*,*,#3008,.T.);
#649=ORIENTED_EDGE('',*,*,#3384,.F.);
#650=ORIENTED_EDGE('',*,*,#3385,.F.);
#651=ORIENTED_EDGE('',*,*,#3386,.T.);
#652=ORIENTED_EDGE('',*,*,#3013,.T.);
#653=ORIENTED_EDGE('',*,*,#3387,.F.);
#654=ORIENTED_EDGE('',*,*,#3388,.F.);
#655=ORIENTED_EDGE('',*,*,#3384,.T.);
#656=ORIENTED_EDGE('',*,*,#3012,.T.);
#657=ORIENTED_EDGE('',*,*,#3389,.F.);
#658=ORIENTED_EDGE('',*,*,#3390,.F.);
#659=ORIENTED_EDGE('',*,*,#3387,.T.);
#660=ORIENTED_EDGE('',*,*,#3011,.T.);
#661=ORIENTED_EDGE('',*,*,#3391,.F.);
#662=ORIENTED_EDGE('',*,*,#3392,.F.);
#663=ORIENTED_EDGE('',*,*,#3389,.T.);
#664=ORIENTED_EDGE('',*,*,#3010,.T.);
#665=ORIENTED_EDGE('',*,*,#3393,.F.);
#666=ORIENTED_EDGE('',*,*,#3394,.F.);
#667=ORIENTED_EDGE('',*,*,#3391,.T.);
#668=ORIENTED_EDGE('',*,*,#3009,.T.);
#669=ORIENTED_EDGE('',*,*,#3386,.F.);
#670=ORIENTED_EDGE('',*,*,#3395,.F.);
#671=ORIENTED_EDGE('',*,*,#3393,.T.);
#672=ORIENTED_EDGE('',*,*,#3014,.T.);
#673=ORIENTED_EDGE('',*,*,#3396,.F.);
#674=ORIENTED_EDGE('',*,*,#3397,.F.);
#675=ORIENTED_EDGE('',*,*,#3398,.T.);
#676=ORIENTED_EDGE('',*,*,#3019,.T.);
#677=ORIENTED_EDGE('',*,*,#3399,.F.);
#678=ORIENTED_EDGE('',*,*,#3400,.F.);
#679=ORIENTED_EDGE('',*,*,#3396,.T.);
#680=ORIENTED_EDGE('',*,*,#3018,.T.);
#681=ORIENTED_EDGE('',*,*,#3401,.F.);
#682=ORIENTED_EDGE('',*,*,#3402,.F.);
#683=ORIENTED_EDGE('',*,*,#3399,.T.);
#684=ORIENTED_EDGE('',*,*,#3017,.T.);
#685=ORIENTED_EDGE('',*,*,#3403,.F.);
#686=ORIENTED_EDGE('',*,*,#3404,.F.);
#687=ORIENTED_EDGE('',*,*,#3401,.T.);
#688=ORIENTED_EDGE('',*,*,#3016,.T.);
#689=ORIENTED_EDGE('',*,*,#3405,.F.);
#690=ORIENTED_EDGE('',*,*,#3406,.F.);
#691=ORIENTED_EDGE('',*,*,#3403,.T.);
#692=ORIENTED_EDGE('',*,*,#3015,.T.);
#693=ORIENTED_EDGE('',*,*,#3398,.F.);
#694=ORIENTED_EDGE('',*,*,#3407,.F.);
#695=ORIENTED_EDGE('',*,*,#3405,.T.);
#696=ORIENTED_EDGE('',*,*,#3020,.T.);
#697=ORIENTED_EDGE('',*,*,#3408,.F.);
#698=ORIENTED_EDGE('',*,*,#3409,.F.);
#699=ORIENTED_EDGE('',*,*,#3410,.T.);
#700=ORIENTED_EDGE('',*,*,#3025,.T.);
#701=ORIENTED_EDGE('',*,*,#3411,.F.);
#702=ORIENTED_EDGE('',*,*,#3412,.F.);
#703=ORIENTED_EDGE('',*,*,#3408,.T.);
#704=ORIENTED_EDGE('',*,*,#3024,.T.);
#705=ORIENTED_EDGE('',*,*,#3413,.F.);
#706=ORIENTED_EDGE('',*,*,#3414,.F.);
#707=ORIENTED_EDGE('',*,*,#3411,.T.);
#708=ORIENTED_EDGE('',*,*,#3023,.T.);
#709=ORIENTED_EDGE('',*,*,#3415,.F.);
#710=ORIENTED_EDGE('',*,*,#3416,.F.);
#711=ORIENTED_EDGE('',*,*,#3413,.T.);
#712=ORIENTED_EDGE('',*,*,#3022,.T.);
#713=ORIENTED_EDGE('',*,*,#3417,.F.);
#714=ORIENTED_EDGE('',*,*,#3418,.F.);
#715=ORIENTED_EDGE('',*,*,#3415,.T.);
#716=ORIENTED_EDGE('',*,*,#3021,.T.);
#717=ORIENTED_EDGE('',*,*,#3410,.F.);
#718=ORIENTED_EDGE('',*,*,#3419,.F.);
#719=ORIENTED_EDGE('',*,*,#3417,.T.);
#720=ORIENTED_EDGE('',*,*,#3026,.T.);
#721=ORIENTED_EDGE('',*,*,#3420,.F.);
#722=ORIENTED_EDGE('',*,*,#3421,.F.);
#723=ORIENTED_EDGE('',*,*,#3422,.T.);
#724=ORIENTED_EDGE('',*,*,#3031,.T.);
#725=ORIENTED_EDGE('',*,*,#3423,.F.);
#726=ORIENTED_EDGE('',*,*,#3424,.F.);
#727=ORIENTED_EDGE('',*,*,#3420,.T.);
#728=ORIENTED_EDGE('',*,*,#3030,.T.);
#729=ORIENTED_EDGE('',*,*,#3425,.F.);
#730=ORIENTED_EDGE('',*,*,#3426,.F.);
#731=ORIENTED_EDGE('',*,*,#3423,.T.);
#732=ORIENTED_EDGE('',*,*,#3029,.T.);
#733=ORIENTED_EDGE('',*,*,#3427,.F.);
#734=ORIENTED_EDGE('',*,*,#3428,.F.);
#735=ORIENTED_EDGE('',*,*,#3425,.T.);
#736=ORIENTED_EDGE('',*,*,#3028,.T.);
#737=ORIENTED_EDGE('',*,*,#3429,.F.);
#738=ORIENTED_EDGE('',*,*,#3430,.F.);
#739=ORIENTED_EDGE('',*,*,#3427,.T.);
#740=ORIENTED_EDGE('',*,*,#3027,.T.);
#741=ORIENTED_EDGE('',*,*,#3422,.F.);
#742=ORIENTED_EDGE('',*,*,#3431,.F.);
#743=ORIENTED_EDGE('',*,*,#3429,.T.);
#744=ORIENTED_EDGE('',*,*,#3032,.T.);
#745=ORIENTED_EDGE('',*,*,#3432,.F.);
#746=ORIENTED_EDGE('',*,*,#3433,.F.);
#747=ORIENTED_EDGE('',*,*,#3434,.T.);
#748=ORIENTED_EDGE('',*,*,#3037,.T.);
#749=ORIENTED_EDGE('',*,*,#3435,.F.);
#750=ORIENTED_EDGE('',*,*,#3436,.F.);
#751=ORIENTED_EDGE('',*,*,#3432,.T.);
#752=ORIENTED_EDGE('',*,*,#3036,.T.);
#753=ORIENTED_EDGE('',*,*,#3437,.F.);
#754=ORIENTED_EDGE('',*,*,#3438,.F.);
#755=ORIENTED_EDGE('',*,*,#3435,.T.);
#756=ORIENTED_EDGE('',*,*,#3035,.T.);
#757=ORIENTED_EDGE('',*,*,#3439,.F.);
#758=ORIENTED_EDGE('',*,*,#3440,.F.);
#759=ORIENTED_EDGE('',*,*,#3437,.T.);
#760=ORIENTED_EDGE('',*,*,#3034,.T.);
#761=ORIENTED_EDGE('',*,*,#3441,.F.);
#762=ORIENTED_EDGE('',*,*,#3442,.F.);
#763=ORIENTED_EDGE('',*,*,#3439,.T.);
#764=ORIENTED_EDGE('',*,*,#3033,.T.);
#765=ORIENTED_EDGE('',*,*,#3434,.F.);
#766=ORIENTED_EDGE('',*,*,#3443,.F.);
#767=ORIENTED_EDGE('',*,*,#3441,.T.);
#768=ORIENTED_EDGE('',*,*,#3038,.T.);
#769=ORIENTED_EDGE('',*,*,#3444,.F.);
#770=ORIENTED_EDGE('',*,*,#3445,.F.);
#771=ORIENTED_EDGE('',*,*,#3446,.T.);
#772=ORIENTED_EDGE('',*,*,#3043,.T.);
#773=ORIENTED_EDGE('',*,*,#3447,.F.);
#774=ORIENTED_EDGE('',*,*,#3448,.F.);
#775=ORIENTED_EDGE('',*,*,#3444,.T.);
#776=ORIENTED_EDGE('',*,*,#3042,.T.);
#777=ORIENTED_EDGE('',*,*,#3449,.F.);
#778=ORIENTED_EDGE('',*,*,#3450,.F.);
#779=ORIENTED_EDGE('',*,*,#3447,.T.);
#780=ORIENTED_EDGE('',*,*,#3041,.T.);
#781=ORIENTED_EDGE('',*,*,#3451,.F.);
#782=ORIENTED_EDGE('',*,*,#3452,.F.);
#783=ORIENTED_EDGE('',*,*,#3449,.T.);
#784=ORIENTED_EDGE('',*,*,#3040,.T.);
#785=ORIENTED_EDGE('',*,*,#3453,.F.);
#786=ORIENTED_EDGE('',*,*,#3454,.F.);
#787=ORIENTED_EDGE('',*,*,#3451,.T.);
#788=ORIENTED_EDGE('',*,*,#3039,.T.);
#789=ORIENTED_EDGE('',*,*,#3446,.F.);
#790=ORIENTED_EDGE('',*,*,#3455,.F.);
#791=ORIENTED_EDGE('',*,*,#3453,.T.);
#792=ORIENTED_EDGE('',*,*,#3044,.T.);
#793=ORIENTED_EDGE('',*,*,#3456,.F.);
#794=ORIENTED_EDGE('',*,*,#3457,.F.);
#795=ORIENTED_EDGE('',*,*,#3458,.T.);
#796=ORIENTED_EDGE('',*,*,#3049,.T.);
#797=ORIENTED_EDGE('',*,*,#3459,.F.);
#798=ORIENTED_EDGE('',*,*,#3460,.F.);
#799=ORIENTED_EDGE('',*,*,#3456,.T.);
#800=ORIENTED_EDGE('',*,*,#3048,.T.);
#801=ORIENTED_EDGE('',*,*,#3461,.F.);
#802=ORIENTED_EDGE('',*,*,#3462,.F.);
#803=ORIENTED_EDGE('',*,*,#3459,.T.);
#804=ORIENTED_EDGE('',*,*,#3047,.T.);
#805=ORIENTED_EDGE('',*,*,#3463,.F.);
#806=ORIENTED_EDGE('',*,*,#3464,.F.);
#807=ORIENTED_EDGE('',*,*,#3461,.T.);
#808=ORIENTED_EDGE('',*,*,#3046,.T.);
#809=ORIENTED_EDGE('',*,*,#3465,.F.);
#810=ORIENTED_EDGE('',*,*,#3466,.F.);
#811=ORIENTED_EDGE('',*,*,#3463,.T.);
#812=ORIENTED_EDGE('',*,*,#3045,.T.);
#813=ORIENTED_EDGE('',*,*,#3458,.F.);
#814=ORIENTED_EDGE('',*,*,#3467,.F.);
#815=ORIENTED_EDGE('',*,*,#3465,.T.);
#816=ORIENTED_EDGE('',*,*,#3050,.T.);
#817=ORIENTED_EDGE('',*,*,#3468,.F.);
#818=ORIENTED_EDGE('',*,*,#3469,.F.);
#819=ORIENTED_EDGE('',*,*,#3470,.T.);
#820=ORIENTED_EDGE('',*,*,#3055,.T.);
#821=ORIENTED_EDGE('',*,*,#3471,.F.);
#822=ORIENTED_EDGE('',*,*,#3472,.F.);
#823=ORIENTED_EDGE('',*,*,#3468,.T.);
#824=ORIENTED_EDGE('',*,*,#3054,.T.);
#825=ORIENTED_EDGE('',*,*,#3473,.F.);
#826=ORIENTED_EDGE('',*,*,#3474,.F.);
#827=ORIENTED_EDGE('',*,*,#3471,.T.);
#828=ORIENTED_EDGE('',*,*,#3053,.T.);
#829=ORIENTED_EDGE('',*,*,#3475,.F.);
#830=ORIENTED_EDGE('',*,*,#3476,.F.);
#831=ORIENTED_EDGE('',*,*,#3473,.T.);
#832=ORIENTED_EDGE('',*,*,#3052,.T.);
#833=ORIENTED_EDGE('',*,*,#3477,.F.);
#834=ORIENTED_EDGE('',*,*,#3478,.F.);
#835=ORIENTED_EDGE('',*,*,#3475,.T.);
#836=ORIENTED_EDGE('',*,*,#3051,.T.);
#837=ORIENTED_EDGE('',*,*,#3470,.F.);
#838=ORIENTED_EDGE('',*,*,#3479,.F.);
#839=ORIENTED_EDGE('',*,*,#3477,.T.);
#840=ORIENTED_EDGE('',*,*,#3056,.T.);
#841=ORIENTED_EDGE('',*,*,#3480,.F.);
#842=ORIENTED_EDGE('',*,*,#3481,.F.);
#843=ORIENTED_EDGE('',*,*,#3482,.T.);
#844=ORIENTED_EDGE('',*,*,#3061,.T.);
#845=ORIENTED_EDGE('',*,*,#3483,.F.);
#846=ORIENTED_EDGE('',*,*,#3484,.F.);
#847=ORIENTED_EDGE('',*,*,#3480,.T.);
#848=ORIENTED_EDGE('',*,*,#3060,.T.);
#849=ORIENTED_EDGE('',*,*,#3485,.F.);
#850=ORIENTED_EDGE('',*,*,#3486,.F.);
#851=ORIENTED_EDGE('',*,*,#3483,.T.);
#852=ORIENTED_EDGE('',*,*,#3059,.T.);
#853=ORIENTED_EDGE('',*,*,#3487,.F.);
#854=ORIENTED_EDGE('',*,*,#3488,.F.);
#855=ORIENTED_EDGE('',*,*,#3485,.T.);
#856=ORIENTED_EDGE('',*,*,#3058,.T.);
#857=ORIENTED_EDGE('',*,*,#3489,.F.);
#858=ORIENTED_EDGE('',*,*,#3490,.F.);
#859=ORIENTED_EDGE('',*,*,#3487,.T.);
#860=ORIENTED_EDGE('',*,*,#3057,.T.);
#861=ORIENTED_EDGE('',*,*,#3482,.F.);
#862=ORIENTED_EDGE('',*,*,#3491,.F.);
#863=ORIENTED_EDGE('',*,*,#3489,.T.);
#864=ORIENTED_EDGE('',*,*,#3062,.T.);
#865=ORIENTED_EDGE('',*,*,#3492,.F.);
#866=ORIENTED_EDGE('',*,*,#3493,.F.);
#867=ORIENTED_EDGE('',*,*,#3494,.T.);
#868=ORIENTED_EDGE('',*,*,#3067,.T.);
#869=ORIENTED_EDGE('',*,*,#3495,.F.);
#870=ORIENTED_EDGE('',*,*,#3496,.F.);
#871=ORIENTED_EDGE('',*,*,#3492,.T.);
#872=ORIENTED_EDGE('',*,*,#3066,.T.);
#873=ORIENTED_EDGE('',*,*,#3497,.F.);
#874=ORIENTED_EDGE('',*,*,#3498,.F.);
#875=ORIENTED_EDGE('',*,*,#3495,.T.);
#876=ORIENTED_EDGE('',*,*,#3065,.T.);
#877=ORIENTED_EDGE('',*,*,#3499,.F.);
#878=ORIENTED_EDGE('',*,*,#3500,.F.);
#879=ORIENTED_EDGE('',*,*,#3497,.T.);
#880=ORIENTED_EDGE('',*,*,#3064,.T.);
#881=ORIENTED_EDGE('',*,*,#3501,.F.);
#882=ORIENTED_EDGE('',*,*,#3502,.F.);
#883=ORIENTED_EDGE('',*,*,#3499,.T.);
#884=ORIENTED_EDGE('',*,*,#3063,.T.);
#885=ORIENTED_EDGE('',*,*,#3494,.F.);
#886=ORIENTED_EDGE('',*,*,#3503,.F.);
#887=ORIENTED_EDGE('',*,*,#3501,.T.);
#888=ORIENTED_EDGE('',*,*,#3068,.T.);
#889=ORIENTED_EDGE('',*,*,#3504,.F.);
#890=ORIENTED_EDGE('',*,*,#3505,.F.);
#891=ORIENTED_EDGE('',*,*,#3506,.T.);
#892=ORIENTED_EDGE('',*,*,#3073,.T.);
#893=ORIENTED_EDGE('',*,*,#3507,.F.);
#894=ORIENTED_EDGE('',*,*,#3508,.F.);
#895=ORIENTED_EDGE('',*,*,#3504,.T.);
#896=ORIENTED_EDGE('',*,*,#3072,.T.);
#897=ORIENTED_EDGE('',*,*,#3509,.F.);
#898=ORIENTED_EDGE('',*,*,#3510,.F.);
#899=ORIENTED_EDGE('',*,*,#3507,.T.);
#900=ORIENTED_EDGE('',*,*,#3071,.T.);
#901=ORIENTED_EDGE('',*,*,#3511,.F.);
#902=ORIENTED_EDGE('',*,*,#3512,.F.);
#903=ORIENTED_EDGE('',*,*,#3509,.T.);
#904=ORIENTED_EDGE('',*,*,#3070,.T.);
#905=ORIENTED_EDGE('',*,*,#3513,.F.);
#906=ORIENTED_EDGE('',*,*,#3514,.F.);
#907=ORIENTED_EDGE('',*,*,#3511,.T.);
#908=ORIENTED_EDGE('',*,*,#3069,.T.);
#909=ORIENTED_EDGE('',*,*,#3506,.F.);
#910=ORIENTED_EDGE('',*,*,#3515,.F.);
#911=ORIENTED_EDGE('',*,*,#3513,.T.);
#912=ORIENTED_EDGE('',*,*,#3074,.T.);
#913=ORIENTED_EDGE('',*,*,#3516,.F.);
#914=ORIENTED_EDGE('',*,*,#3517,.F.);
#915=ORIENTED_EDGE('',*,*,#3518,.T.);
#916=ORIENTED_EDGE('',*,*,#3079,.T.);
#917=ORIENTED_EDGE('',*,*,#3519,.F.);
#918=ORIENTED_EDGE('',*,*,#3520,.F.);
#919=ORIENTED_EDGE('',*,*,#3516,.T.);
#920=ORIENTED_EDGE('',*,*,#3078,.T.);
#921=ORIENTED_EDGE('',*,*,#3521,.F.);
#922=ORIENTED_EDGE('',*,*,#3522,.F.);
#923=ORIENTED_EDGE('',*,*,#3519,.T.);
#924=ORIENTED_EDGE('',*,*,#3077,.T.);
#925=ORIENTED_EDGE('',*,*,#3523,.F.);
#926=ORIENTED_EDGE('',*,*,#3524,.F.);
#927=ORIENTED_EDGE('',*,*,#3521,.T.);
#928=ORIENTED_EDGE('',*,*,#3076,.T.);
#929=ORIENTED_EDGE('',*,*,#3525,.F.);
#930=ORIENTED_EDGE('',*,*,#3526,.F.);
#931=ORIENTED_EDGE('',*,*,#3523,.T.);
#932=ORIENTED_EDGE('',*,*,#3075,.T.);
#933=ORIENTED_EDGE('',*,*,#3518,.F.);
#934=ORIENTED_EDGE('',*,*,#3527,.F.);
#935=ORIENTED_EDGE('',*,*,#3525,.T.);
#936=ORIENTED_EDGE('',*,*,#3080,.T.);
#937=ORIENTED_EDGE('',*,*,#3528,.F.);
#938=ORIENTED_EDGE('',*,*,#3529,.F.);
#939=ORIENTED_EDGE('',*,*,#3530,.T.);
#940=ORIENTED_EDGE('',*,*,#3085,.T.);
#941=ORIENTED_EDGE('',*,*,#3531,.F.);
#942=ORIENTED_EDGE('',*,*,#3532,.F.);
#943=ORIENTED_EDGE('',*,*,#3528,.T.);
#944=ORIENTED_EDGE('',*,*,#3084,.T.);
#945=ORIENTED_EDGE('',*,*,#3533,.F.);
#946=ORIENTED_EDGE('',*,*,#3534,.F.);
#947=ORIENTED_EDGE('',*,*,#3531,.T.);
#948=ORIENTED_EDGE('',*,*,#3083,.T.);
#949=ORIENTED_EDGE('',*,*,#3535,.F.);
#950=ORIENTED_EDGE('',*,*,#3536,.F.);
#951=ORIENTED_EDGE('',*,*,#3533,.T.);
#952=ORIENTED_EDGE('',*,*,#3082,.T.);
#953=ORIENTED_EDGE('',*,*,#3537,.F.);
#954=ORIENTED_EDGE('',*,*,#3538,.F.);
#955=ORIENTED_EDGE('',*,*,#3535,.T.);
#956=ORIENTED_EDGE('',*,*,#3081,.T.);
#957=ORIENTED_EDGE('',*,*,#3530,.F.);
#958=ORIENTED_EDGE('',*,*,#3539,.F.);
#959=ORIENTED_EDGE('',*,*,#3537,.T.);
#960=ORIENTED_EDGE('',*,*,#3086,.T.);
#961=ORIENTED_EDGE('',*,*,#3540,.F.);
#962=ORIENTED_EDGE('',*,*,#3541,.F.);
#963=ORIENTED_EDGE('',*,*,#3542,.T.);
#964=ORIENTED_EDGE('',*,*,#3091,.T.);
#965=ORIENTED_EDGE('',*,*,#3543,.F.);
#966=ORIENTED_EDGE('',*,*,#3544,.F.);
#967=ORIENTED_EDGE('',*,*,#3540,.T.);
#968=ORIENTED_EDGE('',*,*,#3090,.T.);
#969=ORIENTED_EDGE('',*,*,#3545,.F.);
#970=ORIENTED_EDGE('',*,*,#3546,.F.);
#971=ORIENTED_EDGE('',*,*,#3543,.T.);
#972=ORIENTED_EDGE('',*,*,#3089,.T.);
#973=ORIENTED_EDGE('',*,*,#3547,.F.);
#974=ORIENTED_EDGE('',*,*,#3548,.F.);
#975=ORIENTED_EDGE('',*,*,#3545,.T.);
#976=ORIENTED_EDGE('',*,*,#3088,.T.);
#977=ORIENTED_EDGE('',*,*,#3549,.F.);
#978=ORIENTED_EDGE('',*,*,#3550,.F.);
#979=ORIENTED_EDGE('',*,*,#3547,.T.);
#980=ORIENTED_EDGE('',*,*,#3087,.T.);
#981=ORIENTED_EDGE('',*,*,#3542,.F.);
#982=ORIENTED_EDGE('',*,*,#3551,.F.);
#983=ORIENTED_EDGE('',*,*,#3549,.T.);
#984=ORIENTED_EDGE('',*,*,#3092,.T.);
#985=ORIENTED_EDGE('',*,*,#3552,.F.);
#986=ORIENTED_EDGE('',*,*,#3553,.F.);
#987=ORIENTED_EDGE('',*,*,#3554,.T.);
#988=ORIENTED_EDGE('',*,*,#3097,.T.);
#989=ORIENTED_EDGE('',*,*,#3555,.F.);
#990=ORIENTED_EDGE('',*,*,#3556,.F.);
#991=ORIENTED_EDGE('',*,*,#3552,.T.);
#992=ORIENTED_EDGE('',*,*,#3096,.T.);
#993=ORIENTED_EDGE('',*,*,#3557,.F.);
#994=ORIENTED_EDGE('',*,*,#3558,.F.);
#995=ORIENTED_EDGE('',*,*,#3555,.T.);
#996=ORIENTED_EDGE('',*,*,#3095,.T.);
#997=ORIENTED_EDGE('',*,*,#3559,.F.);
#998=ORIENTED_EDGE('',*,*,#3560,.F.);
#999=ORIENTED_EDGE('',*,*,#3557,.T.);
#1000=ORIENTED_EDGE('',*,*,#3094,.T.);
#1001=ORIENTED_EDGE('',*,*,#3561,.F.);
#1002=ORIENTED_EDGE('',*,*,#3562,.F.);
#1003=ORIENTED_EDGE('',*,*,#3559,.T.);
#1004=ORIENTED_EDGE('',*,*,#3093,.T.);
#1005=ORIENTED_EDGE('',*,*,#3554,.F.);
#1006=ORIENTED_EDGE('',*,*,#3563,.F.);
#1007=ORIENTED_EDGE('',*,*,#3561,.T.);
#1008=ORIENTED_EDGE('',*,*,#3098,.T.);
#1009=ORIENTED_EDGE('',*,*,#3564,.F.);
#1010=ORIENTED_EDGE('',*,*,#3565,.F.);
#1011=ORIENTED_EDGE('',*,*,#3566,.T.);
#1012=ORIENTED_EDGE('',*,*,#3103,.T.);
#1013=ORIENTED_EDGE('',*,*,#3567,.F.);
#1014=ORIENTED_EDGE('',*,*,#3568,.F.);
#1015=ORIENTED_EDGE('',*,*,#3564,.T.);
#1016=ORIENTED_EDGE('',*,*,#3102,.T.);
#1017=ORIENTED_EDGE('',*,*,#3569,.F.);
#1018=ORIENTED_EDGE('',*,*,#3570,.F.);
#1019=ORIENTED_EDGE('',*,*,#3567,.T.);
#1020=ORIENTED_EDGE('',*,*,#3101,.T.);
#1021=ORIENTED_EDGE('',*,*,#3571,.F.);
#1022=ORIENTED_EDGE('',*,*,#3572,.F.);
#1023=ORIENTED_EDGE('',*,*,#3569,.T.);
#1024=ORIENTED_EDGE('',*,*,#3100,.T.);
#1025=ORIENTED_EDGE('',*,*,#3573,.F.);
#1026=ORIENTED_EDGE('',*,*,#3574,.F.);
#1027=ORIENTED_EDGE('',*,*,#3571,.T.);
#1028=ORIENTED_EDGE('',*,*,#3099,.T.);
#1029=ORIENTED_EDGE('',*,*,#3566,.F.);
#1030=ORIENTED_EDGE('',*,*,#3575,.F.);
#1031=ORIENTED_EDGE('',*,*,#3573,.T.);
#1032=ORIENTED_EDGE('',*,*,#3104,.T.);
#1033=ORIENTED_EDGE('',*,*,#3576,.F.);
#1034=ORIENTED_EDGE('',*,*,#3577,.F.);
#1035=ORIENTED_EDGE('',*,*,#3578,.T.);
#1036=ORIENTED_EDGE('',*,*,#3109,.T.);
#1037=ORIENTED_EDGE('',*,*,#3579,.F.);
#1038=ORIENTED_EDGE('',*,*,#3580,.F.);
#1039=ORIENTED_EDGE('',*,*,#3576,.T.);
#1040=ORIENTED_EDGE('',*,*,#3108,.T.);
#1041=ORIENTED_EDGE('',*,*,#3581,.F.);
#1042=ORIENTED_EDGE('',*,*,#3582,.F.);
#1043=ORIENTED_EDGE('',*,*,#3579,.T.);
#1044=ORIENTED_EDGE('',*,*,#3107,.T.);
#1045=ORIENTED_EDGE('',*,*,#3583,.F.);
#1046=ORIENTED_EDGE('',*,*,#3584,.F.);
#1047=ORIENTED_EDGE('',*,*,#3581,.T.);
#1048=ORIENTED_EDGE('',*,*,#3106,.T.);
#1049=ORIENTED_EDGE('',*,*,#3585,.F.);
#1050=ORIENTED_EDGE('',*,*,#3586,.F.);
#1051=ORIENTED_EDGE('',*,*,#3583,.T.);
#1052=ORIENTED_EDGE('',*,*,#3105,.T.);
#1053=ORIENTED_EDGE('',*,*,#3578,.F.);
#1054=ORIENTED_EDGE('',*,*,#3587,.F.);
#1055=ORIENTED_EDGE('',*,*,#3585,.T.);
#1056=ORIENTED_EDGE('',*,*,#3110,.T.);
#1057=ORIENTED_EDGE('',*,*,#3588,.F.);
#1058=ORIENTED_EDGE('',*,*,#3589,.F.);
#1059=ORIENTED_EDGE('',*,*,#3590,.T.);
#1060=ORIENTED_EDGE('',*,*,#3115,.T.);
#1061=ORIENTED_EDGE('',*,*,#3591,.F.);
#1062=ORIENTED_EDGE('',*,*,#3592,.F.);
#1063=ORIENTED_EDGE('',*,*,#3588,.T.);
#1064=ORIENTED_EDGE('',*,*,#3114,.T.);
#1065=ORIENTED_EDGE('',*,*,#3593,.F.);
#1066=ORIENTED_EDGE('',*,*,#3594,.F.);
#1067=ORIENTED_EDGE('',*,*,#3591,.T.);
#1068=ORIENTED_EDGE('',*,*,#3113,.T.);
#1069=ORIENTED_EDGE('',*,*,#3595,.F.);
#1070=ORIENTED_EDGE('',*,*,#3596,.F.);
#1071=ORIENTED_EDGE('',*,*,#3593,.T.);
#1072=ORIENTED_EDGE('',*,*,#3112,.T.);
#1073=ORIENTED_EDGE('',*,*,#3597,.F.);
#1074=ORIENTED_EDGE('',*,*,#3598,.F.);
#1075=ORIENTED_EDGE('',*,*,#3595,.T.);
#1076=ORIENTED_EDGE('',*,*,#3111,.T.);
#1077=ORIENTED_EDGE('',*,*,#3590,.F.);
#1078=ORIENTED_EDGE('',*,*,#3599,.F.);
#1079=ORIENTED_EDGE('',*,*,#3597,.T.);
#1080=ORIENTED_EDGE('',*,*,#3116,.T.);
#1081=ORIENTED_EDGE('',*,*,#3600,.F.);
#1082=ORIENTED_EDGE('',*,*,#3601,.F.);
#1083=ORIENTED_EDGE('',*,*,#3602,.T.);
#1084=ORIENTED_EDGE('',*,*,#3121,.T.);
#1085=ORIENTED_EDGE('',*,*,#3603,.F.);
#1086=ORIENTED_EDGE('',*,*,#3604,.F.);
#1087=ORIENTED_EDGE('',*,*,#3600,.T.);
#1088=ORIENTED_EDGE('',*,*,#3120,.T.);
#1089=ORIENTED_EDGE('',*,*,#3605,.F.);
#1090=ORIENTED_EDGE('',*,*,#3606,.F.);
#1091=ORIENTED_EDGE('',*,*,#3603,.T.);
#1092=ORIENTED_EDGE('',*,*,#3119,.T.);
#1093=ORIENTED_EDGE('',*,*,#3607,.F.);
#1094=ORIENTED_EDGE('',*,*,#3608,.F.);
#1095=ORIENTED_EDGE('',*,*,#3605,.T.);
#1096=ORIENTED_EDGE('',*,*,#3118,.T.);
#1097=ORIENTED_EDGE('',*,*,#3609,.F.);
#1098=ORIENTED_EDGE('',*,*,#3610,.F.);
#1099=ORIENTED_EDGE('',*,*,#3607,.T.);
#1100=ORIENTED_EDGE('',*,*,#3117,.T.);
#1101=ORIENTED_EDGE('',*,*,#3602,.F.);
#1102=ORIENTED_EDGE('',*,*,#3611,.F.);
#1103=ORIENTED_EDGE('',*,*,#3609,.T.);
#1104=ORIENTED_EDGE('',*,*,#3122,.T.);
#1105=ORIENTED_EDGE('',*,*,#3612,.F.);
#1106=ORIENTED_EDGE('',*,*,#3613,.F.);
#1107=ORIENTED_EDGE('',*,*,#3614,.T.);
#1108=ORIENTED_EDGE('',*,*,#3127,.T.);
#1109=ORIENTED_EDGE('',*,*,#3615,.F.);
#1110=ORIENTED_EDGE('',*,*,#3616,.F.);
#1111=ORIENTED_EDGE('',*,*,#3612,.T.);
#1112=ORIENTED_EDGE('',*,*,#3126,.T.);
#1113=ORIENTED_EDGE('',*,*,#3617,.F.);
#1114=ORIENTED_EDGE('',*,*,#3618,.F.);
#1115=ORIENTED_EDGE('',*,*,#3615,.T.);
#1116=ORIENTED_EDGE('',*,*,#3125,.T.);
#1117=ORIENTED_EDGE('',*,*,#3619,.F.);
#1118=ORIENTED_EDGE('',*,*,#3620,.F.);
#1119=ORIENTED_EDGE('',*,*,#3617,.T.);
#1120=ORIENTED_EDGE('',*,*,#3124,.T.);
#1121=ORIENTED_EDGE('',*,*,#3621,.F.);
#1122=ORIENTED_EDGE('',*,*,#3622,.F.);
#1123=ORIENTED_EDGE('',*,*,#3619,.T.);
#1124=ORIENTED_EDGE('',*,*,#3123,.T.);
#1125=ORIENTED_EDGE('',*,*,#3614,.F.);
#1126=ORIENTED_EDGE('',*,*,#3623,.F.);
#1127=ORIENTED_EDGE('',*,*,#3621,.T.);
#1128=ORIENTED_EDGE('',*,*,#3128,.T.);
#1129=ORIENTED_EDGE('',*,*,#3624,.F.);
#1130=ORIENTED_EDGE('',*,*,#3625,.F.);
#1131=ORIENTED_EDGE('',*,*,#3626,.T.);
#1132=ORIENTED_EDGE('',*,*,#3133,.T.);
#1133=ORIENTED_EDGE('',*,*,#3627,.F.);
#1134=ORIENTED_EDGE('',*,*,#3628,.F.);
#1135=ORIENTED_EDGE('',*,*,#3624,.T.);
#1136=ORIENTED_EDGE('',*,*,#3132,.T.);
#1137=ORIENTED_EDGE('',*,*,#3629,.F.);
#1138=ORIENTED_EDGE('',*,*,#3630,.F.);
#1139=ORIENTED_EDGE('',*,*,#3627,.T.);
#1140=ORIENTED_EDGE('',*,*,#3131,.T.);
#1141=ORIENTED_EDGE('',*,*,#3631,.F.);
#1142=ORIENTED_EDGE('',*,*,#3632,.F.);
#1143=ORIENTED_EDGE('',*,*,#3629,.T.);
#1144=ORIENTED_EDGE('',*,*,#3130,.T.);
#1145=ORIENTED_EDGE('',*,*,#3633,.F.);
#1146=ORIENTED_EDGE('',*,*,#3634,.F.);
#1147=ORIENTED_EDGE('',*,*,#3631,.T.);
#1148=ORIENTED_EDGE('',*,*,#3129,.T.);
#1149=ORIENTED_EDGE('',*,*,#3626,.F.);
#1150=ORIENTED_EDGE('',*,*,#3635,.F.);
#1151=ORIENTED_EDGE('',*,*,#3633,.T.);
#1152=ORIENTED_EDGE('',*,*,#3134,.T.);
#1153=ORIENTED_EDGE('',*,*,#3636,.F.);
#1154=ORIENTED_EDGE('',*,*,#3637,.F.);
#1155=ORIENTED_EDGE('',*,*,#3638,.T.);
#1156=ORIENTED_EDGE('',*,*,#3139,.T.);
#1157=ORIENTED_EDGE('',*,*,#3639,.F.);
#1158=ORIENTED_EDGE('',*,*,#3640,.F.);
#1159=ORIENTED_EDGE('',*,*,#3636,.T.);
#1160=ORIENTED_EDGE('',*,*,#3138,.T.);
#1161=ORIENTED_EDGE('',*,*,#3641,.F.);
#1162=ORIENTED_EDGE('',*,*,#3642,.F.);
#1163=ORIENTED_EDGE('',*,*,#3639,.T.);
#1164=ORIENTED_EDGE('',*,*,#3137,.T.);
#1165=ORIENTED_EDGE('',*,*,#3643,.F.);
#1166=ORIENTED_EDGE('',*,*,#3644,.F.);
#1167=ORIENTED_EDGE('',*,*,#3641,.T.);
#1168=ORIENTED_EDGE('',*,*,#3136,.T.);
#1169=ORIENTED_EDGE('',*,*,#3645,.F.);
#1170=ORIENTED_EDGE('',*,*,#3646,.F.);
#1171=ORIENTED_EDGE('',*,*,#3643,.T.);
#1172=ORIENTED_EDGE('',*,*,#3135,.T.);
#1173=ORIENTED_EDGE('',*,*,#3638,.F.);
#1174=ORIENTED_EDGE('',*,*,#3647,.F.);
#1175=ORIENTED_EDGE('',*,*,#3645,.T.);
#1176=ORIENTED_EDGE('',*,*,#3140,.T.);
#1177=ORIENTED_EDGE('',*,*,#3648,.F.);
#1178=ORIENTED_EDGE('',*,*,#3649,.F.);
#1179=ORIENTED_EDGE('',*,*,#3650,.T.);
#1180=ORIENTED_EDGE('',*,*,#3145,.T.);
#1181=ORIENTED_EDGE('',*,*,#3651,.F.);
#1182=ORIENTED_EDGE('',*,*,#3652,.F.);
#1183=ORIENTED_EDGE('',*,*,#3648,.T.);
#1184=ORIENTED_EDGE('',*,*,#3144,.T.);
#1185=ORIENTED_EDGE('',*,*,#3653,.F.);
#1186=ORIENTED_EDGE('',*,*,#3654,.F.);
#1187=ORIENTED_EDGE('',*,*,#3651,.T.);
#1188=ORIENTED_EDGE('',*,*,#3143,.T.);
#1189=ORIENTED_EDGE('',*,*,#3655,.F.);
#1190=ORIENTED_EDGE('',*,*,#3656,.F.);
#1191=ORIENTED_EDGE('',*,*,#3653,.T.);
#1192=ORIENTED_EDGE('',*,*,#3142,.T.);
#1193=ORIENTED_EDGE('',*,*,#3657,.F.);
#1194=ORIENTED_EDGE('',*,*,#3658,.F.);
#1195=ORIENTED_EDGE('',*,*,#3655,.T.);
#1196=ORIENTED_EDGE('',*,*,#3141,.T.);
#1197=ORIENTED_EDGE('',*,*,#3650,.F.);
#1198=ORIENTED_EDGE('',*,*,#3659,.F.);
#1199=ORIENTED_EDGE('',*,*,#3657,.T.);
#1200=ORIENTED_EDGE('',*,*,#3146,.T.);
#1201=ORIENTED_EDGE('',*,*,#3660,.F.);
#1202=ORIENTED_EDGE('',*,*,#3661,.F.);
#1203=ORIENTED_EDGE('',*,*,#3662,.T.);
#1204=ORIENTED_EDGE('',*,*,#3151,.T.);
#1205=ORIENTED_EDGE('',*,*,#3663,.F.);
#1206=ORIENTED_EDGE('',*,*,#3664,.F.);
#1207=ORIENTED_EDGE('',*,*,#3660,.T.);
#1208=ORIENTED_EDGE('',*,*,#3150,.T.);
#1209=ORIENTED_EDGE('',*,*,#3665,.F.);
#1210=ORIENTED_EDGE('',*,*,#3666,.F.);
#1211=ORIENTED_EDGE('',*,*,#3663,.T.);
#1212=ORIENTED_EDGE('',*,*,#3149,.T.);
#1213=ORIENTED_EDGE('',*,*,#3667,.F.);
#1214=ORIENTED_EDGE('',*,*,#3668,.F.);
#1215=ORIENTED_EDGE('',*,*,#3665,.T.);
#1216=ORIENTED_EDGE('',*,*,#3148,.T.);
#1217=ORIENTED_EDGE('',*,*,#3669,.F.);
#1218=ORIENTED_EDGE('',*,*,#3670,.F.);
#1219=ORIENTED_EDGE('',*,*,#3667,.T.);
#1220=ORIENTED_EDGE('',*,*,#3147,.T.);
#1221=ORIENTED_EDGE('',*,*,#3662,.F.);
#1222=ORIENTED_EDGE('',*,*,#3671,.F.);
#1223=ORIENTED_EDGE('',*,*,#3669,.T.);
#1224=ORIENTED_EDGE('',*,*,#3152,.T.);
#1225=ORIENTED_EDGE('',*,*,#3672,.F.);
#1226=ORIENTED_EDGE('',*,*,#3673,.F.);
#1227=ORIENTED_EDGE('',*,*,#3674,.T.);
#1228=ORIENTED_EDGE('',*,*,#3157,.T.);
#1229=ORIENTED_EDGE('',*,*,#3675,.F.);
#1230=ORIENTED_EDGE('',*,*,#3676,.F.);
#1231=ORIENTED_EDGE('',*,*,#3672,.T.);
#1232=ORIENTED_EDGE('',*,*,#3156,.T.);
#1233=ORIENTED_EDGE('',*,*,#3677,.F.);
#1234=ORIENTED_EDGE('',*,*,#3678,.F.);
#1235=ORIENTED_EDGE('',*,*,#3675,.T.);
#1236=ORIENTED_EDGE('',*,*,#3155,.T.);
#1237=ORIENTED_EDGE('',*,*,#3679,.F.);
#1238=ORIENTED_EDGE('',*,*,#3680,.F.);
#1239=ORIENTED_EDGE('',*,*,#3677,.T.);
#1240=ORIENTED_EDGE('',*,*,#3154,.T.);
#1241=ORIENTED_EDGE('',*,*,#3681,.F.);
#1242=ORIENTED_EDGE('',*,*,#3682,.F.);
#1243=ORIENTED_EDGE('',*,*,#3679,.T.);
#1244=ORIENTED_EDGE('',*,*,#3153,.T.);
#1245=ORIENTED_EDGE('',*,*,#3674,.F.);
#1246=ORIENTED_EDGE('',*,*,#3683,.F.);
#1247=ORIENTED_EDGE('',*,*,#3681,.T.);
#1248=ORIENTED_EDGE('',*,*,#3158,.T.);
#1249=ORIENTED_EDGE('',*,*,#3684,.F.);
#1250=ORIENTED_EDGE('',*,*,#3685,.F.);
#1251=ORIENTED_EDGE('',*,*,#3686,.T.);
#1252=ORIENTED_EDGE('',*,*,#3163,.T.);
#1253=ORIENTED_EDGE('',*,*,#3687,.F.);
#1254=ORIENTED_EDGE('',*,*,#3688,.F.);
#1255=ORIENTED_EDGE('',*,*,#3684,.T.);
#1256=ORIENTED_EDGE('',*,*,#3162,.T.);
#1257=ORIENTED_EDGE('',*,*,#3689,.F.);
#1258=ORIENTED_EDGE('',*,*,#3690,.F.);
#1259=ORIENTED_EDGE('',*,*,#3687,.T.);
#1260=ORIENTED_EDGE('',*,*,#3161,.T.);
#1261=ORIENTED_EDGE('',*,*,#3691,.F.);
#1262=ORIENTED_EDGE('',*,*,#3692,.F.);
#1263=ORIENTED_EDGE('',*,*,#3689,.T.);
#1264=ORIENTED_EDGE('',*,*,#3160,.T.);
#1265=ORIENTED_EDGE('',*,*,#3693,.F.);
#1266=ORIENTED_EDGE('',*,*,#3694,.F.);
#1267=ORIENTED_EDGE('',*,*,#3691,.T.);
#1268=ORIENTED_EDGE('',*,*,#3159,.T.);
#1269=ORIENTED_EDGE('',*,*,#3686,.F.);
#1270=ORIENTED_EDGE('',*,*,#3695,.F.);
#1271=ORIENTED_EDGE('',*,*,#3693,.T.);
#1272=ORIENTED_EDGE('',*,*,#3164,.T.);
#1273=ORIENTED_EDGE('',*,*,#3696,.F.);
#1274=ORIENTED_EDGE('',*,*,#3697,.F.);
#1275=ORIENTED_EDGE('',*,*,#3698,.T.);
#1276=ORIENTED_EDGE('',*,*,#3169,.T.);
#1277=ORIENTED_EDGE('',*,*,#3699,.F.);
#1278=ORIENTED_EDGE('',*,*,#3700,.F.);
#1279=ORIENTED_EDGE('',*,*,#3696,.T.);
#1280=ORIENTED_EDGE('',*,*,#3168,.T.);
#1281=ORIENTED_EDGE('',*,*,#3701,.F.);
#1282=ORIENTED_EDGE('',*,*,#3702,.F.);
#1283=ORIENTED_EDGE('',*,*,#3699,.T.);
#1284=ORIENTED_EDGE('',*,*,#3167,.T.);
#1285=ORIENTED_EDGE('',*,*,#3703,.F.);
#1286=ORIENTED_EDGE('',*,*,#3704,.F.);
#1287=ORIENTED_EDGE('',*,*,#3701,.T.);
#1288=ORIENTED_EDGE('',*,*,#3166,.T.);
#1289=ORIENTED_EDGE('',*,*,#3705,.F.);
#1290=ORIENTED_EDGE('',*,*,#3706,.F.);
#1291=ORIENTED_EDGE('',*,*,#3703,.T.);
#1292=ORIENTED_EDGE('',*,*,#3165,.T.);
#1293=ORIENTED_EDGE('',*,*,#3698,.F.);
#1294=ORIENTED_EDGE('',*,*,#3707,.F.);
#1295=ORIENTED_EDGE('',*,*,#3705,.T.);
#1296=ORIENTED_EDGE('',*,*,#3170,.T.);
#1297=ORIENTED_EDGE('',*,*,#3708,.F.);
#1298=ORIENTED_EDGE('',*,*,#3709,.F.);
#1299=ORIENTED_EDGE('',*,*,#3710,.T.);
#1300=ORIENTED_EDGE('',*,*,#3175,.T.);
#1301=ORIENTED_EDGE('',*,*,#3711,.F.);
#1302=ORIENTED_EDGE('',*,*,#3712,.F.);
#1303=ORIENTED_EDGE('',*,*,#3708,.T.);
#1304=ORIENTED_EDGE('',*,*,#3174,.T.);
#1305=ORIENTED_EDGE('',*,*,#3713,.F.);
#1306=ORIENTED_EDGE('',*,*,#3714,.F.);
#1307=ORIENTED_EDGE('',*,*,#3711,.T.);
#1308=ORIENTED_EDGE('',*,*,#3173,.T.);
#1309=ORIENTED_EDGE('',*,*,#3715,.F.);
#1310=ORIENTED_EDGE('',*,*,#3716,.F.);
#1311=ORIENTED_EDGE('',*,*,#3713,.T.);
#1312=ORIENTED_EDGE('',*,*,#3172,.T.);
#1313=ORIENTED_EDGE('',*,*,#3717,.F.);
#1314=ORIENTED_EDGE('',*,*,#3718,.F.);
#1315=ORIENTED_EDGE('',*,*,#3715,.T.);
#1316=ORIENTED_EDGE('',*,*,#3171,.T.);
#1317=ORIENTED_EDGE('',*,*,#3710,.F.);
#1318=ORIENTED_EDGE('',*,*,#3719,.F.);
#1319=ORIENTED_EDGE('',*,*,#3717,.T.);
#1320=ORIENTED_EDGE('',*,*,#3176,.T.);
#1321=ORIENTED_EDGE('',*,*,#3720,.F.);
#1322=ORIENTED_EDGE('',*,*,#3721,.F.);
#1323=ORIENTED_EDGE('',*,*,#3722,.T.);
#1324=ORIENTED_EDGE('',*,*,#3181,.T.);
#1325=ORIENTED_EDGE('',*,*,#3723,.F.);
#1326=ORIENTED_EDGE('',*,*,#3724,.F.);
#1327=ORIENTED_EDGE('',*,*,#3720,.T.);
#1328=ORIENTED_EDGE('',*,*,#3180,.T.);
#1329=ORIENTED_EDGE('',*,*,#3725,.F.);
#1330=ORIENTED_EDGE('',*,*,#3726,.F.);
#1331=ORIENTED_EDGE('',*,*,#3723,.T.);
#1332=ORIENTED_EDGE('',*,*,#3179,.T.);
#1333=ORIENTED_EDGE('',*,*,#3727,.F.);
#1334=ORIENTED_EDGE('',*,*,#3728,.F.);
#1335=ORIENTED_EDGE('',*,*,#3725,.T.);
#1336=ORIENTED_EDGE('',*,*,#3178,.T.);
#1337=ORIENTED_EDGE('',*,*,#3729,.F.);
#1338=ORIENTED_EDGE('',*,*,#3730,.F.);
#1339=ORIENTED_EDGE('',*,*,#3727,.T.);
#1340=ORIENTED_EDGE('',*,*,#3177,.T.);
#1341=ORIENTED_EDGE('',*,*,#3722,.F.);
#1342=ORIENTED_EDGE('',*,*,#3731,.F.);
#1343=ORIENTED_EDGE('',*,*,#3729,.T.);
#1344=ORIENTED_EDGE('',*,*,#3182,.T.);
#1345=ORIENTED_EDGE('',*,*,#3732,.F.);
#1346=ORIENTED_EDGE('',*,*,#3733,.F.);
#1347=ORIENTED_EDGE('',*,*,#3734,.T.);
#1348=ORIENTED_EDGE('',*,*,#3187,.T.);
#1349=ORIENTED_EDGE('',*,*,#3735,.F.);
#1350=ORIENTED_EDGE('',*,*,#3736,.F.);
#1351=ORIENTED_EDGE('',*,*,#3732,.T.);
#1352=ORIENTED_EDGE('',*,*,#3186,.T.);
#1353=ORIENTED_EDGE('',*,*,#3737,.F.);
#1354=ORIENTED_EDGE('',*,*,#3738,.F.);
#1355=ORIENTED_EDGE('',*,*,#3735,.T.);
#1356=ORIENTED_EDGE('',*,*,#3185,.T.);
#1357=ORIENTED_EDGE('',*,*,#3739,.F.);
#1358=ORIENTED_EDGE('',*,*,#3740,.F.);
#1359=ORIENTED_EDGE('',*,*,#3737,.T.);
#1360=ORIENTED_EDGE('',*,*,#3184,.T.);
#1361=ORIENTED_EDGE('',*,*,#3741,.F.);
#1362=ORIENTED_EDGE('',*,*,#3742,.F.);
#1363=ORIENTED_EDGE('',*,*,#3739,.T.);
#1364=ORIENTED_EDGE('',*,*,#3183,.T.);
#1365=ORIENTED_EDGE('',*,*,#3734,.F.);
#1366=ORIENTED_EDGE('',*,*,#3743,.F.);
#1367=ORIENTED_EDGE('',*,*,#3741,.T.);
#1368=ORIENTED_EDGE('',*,*,#3188,.T.);
#1369=ORIENTED_EDGE('',*,*,#3744,.F.);
#1370=ORIENTED_EDGE('',*,*,#3745,.F.);
#1371=ORIENTED_EDGE('',*,*,#3746,.T.);
#1372=ORIENTED_EDGE('',*,*,#3193,.T.);
#1373=ORIENTED_EDGE('',*,*,#3747,.F.);
#1374=ORIENTED_EDGE('',*,*,#3748,.F.);
#1375=ORIENTED_EDGE('',*,*,#3744,.T.);
#1376=ORIENTED_EDGE('',*,*,#3192,.T.);
#1377=ORIENTED_EDGE('',*,*,#3749,.F.);
#1378=ORIENTED_EDGE('',*,*,#3750,.F.);
#1379=ORIENTED_EDGE('',*,*,#3747,.T.);
#1380=ORIENTED_EDGE('',*,*,#3191,.T.);
#1381=ORIENTED_EDGE('',*,*,#3751,.F.);
#1382=ORIENTED_EDGE('',*,*,#3752,.F.);
#1383=ORIENTED_EDGE('',*,*,#3749,.T.);
#1384=ORIENTED_EDGE('',*,*,#3190,.T.);
#1385=ORIENTED_EDGE('',*,*,#3753,.F.);
#1386=ORIENTED_EDGE('',*,*,#3754,.F.);
#1387=ORIENTED_EDGE('',*,*,#3751,.T.);
#1388=ORIENTED_EDGE('',*,*,#3189,.T.);
#1389=ORIENTED_EDGE('',*,*,#3746,.F.);
#1390=ORIENTED_EDGE('',*,*,#3755,.F.);
#1391=ORIENTED_EDGE('',*,*,#3753,.T.);
#1392=ORIENTED_EDGE('',*,*,#3194,.T.);
#1393=ORIENTED_EDGE('',*,*,#3756,.F.);
#1394=ORIENTED_EDGE('',*,*,#3757,.F.);
#1395=ORIENTED_EDGE('',*,*,#3758,.T.);
#1396=ORIENTED_EDGE('',*,*,#3199,.T.);
#1397=ORIENTED_EDGE('',*,*,#3759,.F.);
#1398=ORIENTED_EDGE('',*,*,#3760,.F.);
#1399=ORIENTED_EDGE('',*,*,#3756,.T.);
#1400=ORIENTED_EDGE('',*,*,#3198,.T.);
#1401=ORIENTED_EDGE('',*,*,#3761,.F.);
#1402=ORIENTED_EDGE('',*,*,#3762,.F.);
#1403=ORIENTED_EDGE('',*,*,#3759,.T.);
#1404=ORIENTED_EDGE('',*,*,#3197,.T.);
#1405=ORIENTED_EDGE('',*,*,#3763,.F.);
#1406=ORIENTED_EDGE('',*,*,#3764,.F.);
#1407=ORIENTED_EDGE('',*,*,#3761,.T.);
#1408=ORIENTED_EDGE('',*,*,#3196,.T.);
#1409=ORIENTED_EDGE('',*,*,#3765,.F.);
#1410=ORIENTED_EDGE('',*,*,#3766,.F.);
#1411=ORIENTED_EDGE('',*,*,#3763,.T.);
#1412=ORIENTED_EDGE('',*,*,#3195,.T.);
#1413=ORIENTED_EDGE('',*,*,#3758,.F.);
#1414=ORIENTED_EDGE('',*,*,#3767,.F.);
#1415=ORIENTED_EDGE('',*,*,#3765,.T.);
#1416=ORIENTED_EDGE('',*,*,#3200,.T.);
#1417=ORIENTED_EDGE('',*,*,#3768,.F.);
#1418=ORIENTED_EDGE('',*,*,#3769,.F.);
#1419=ORIENTED_EDGE('',*,*,#3770,.T.);
#1420=ORIENTED_EDGE('',*,*,#3205,.T.);
#1421=ORIENTED_EDGE('',*,*,#3771,.F.);
#1422=ORIENTED_EDGE('',*,*,#3772,.F.);
#1423=ORIENTED_EDGE('',*,*,#3768,.T.);
#1424=ORIENTED_EDGE('',*,*,#3204,.T.);
#1425=ORIENTED_EDGE('',*,*,#3773,.F.);
#1426=ORIENTED_EDGE('',*,*,#3774,.F.);
#1427=ORIENTED_EDGE('',*,*,#3771,.T.);
#1428=ORIENTED_EDGE('',*,*,#3203,.T.);
#1429=ORIENTED_EDGE('',*,*,#3775,.F.);
#1430=ORIENTED_EDGE('',*,*,#3776,.F.);
#1431=ORIENTED_EDGE('',*,*,#3773,.T.);
#1432=ORIENTED_EDGE('',*,*,#3202,.T.);
#1433=ORIENTED_EDGE('',*,*,#3777,.F.);
#1434=ORIENTED_EDGE('',*,*,#3778,.F.);
#1435=ORIENTED_EDGE('',*,*,#3775,.T.);
#1436=ORIENTED_EDGE('',*,*,#3201,.T.);
#1437=ORIENTED_EDGE('',*,*,#3770,.F.);
#1438=ORIENTED_EDGE('',*,*,#3779,.F.);
#1439=ORIENTED_EDGE('',*,*,#3777,.T.);
#1440=ORIENTED_EDGE('',*,*,#3206,.T.);
#1441=ORIENTED_EDGE('',*,*,#3780,.F.);
#1442=ORIENTED_EDGE('',*,*,#3781,.F.);
#1443=ORIENTED_EDGE('',*,*,#3782,.T.);
#1444=ORIENTED_EDGE('',*,*,#3211,.T.);
#1445=ORIENTED_EDGE('',*,*,#3783,.F.);
#1446=ORIENTED_EDGE('',*,*,#3784,.F.);
#1447=ORIENTED_EDGE('',*,*,#3780,.T.);
#1448=ORIENTED_EDGE('',*,*,#3210,.T.);
#1449=ORIENTED_EDGE('',*,*,#3785,.F.);
#1450=ORIENTED_EDGE('',*,*,#3786,.F.);
#1451=ORIENTED_EDGE('',*,*,#3783,.T.);
#1452=ORIENTED_EDGE('',*,*,#3209,.T.);
#1453=ORIENTED_EDGE('',*,*,#3787,.F.);
#1454=ORIENTED_EDGE('',*,*,#3788,.F.);
#1455=ORIENTED_EDGE('',*,*,#3785,.T.);
#1456=ORIENTED_EDGE('',*,*,#3208,.T.);
#1457=ORIENTED_EDGE('',*,*,#3789,.F.);
#1458=ORIENTED_EDGE('',*,*,#3790,.F.);
#1459=ORIENTED_EDGE('',*,*,#3787,.T.);
#1460=ORIENTED_EDGE('',*,*,#3207,.T.);
#1461=ORIENTED_EDGE('',*,*,#3782,.F.);
#1462=ORIENTED_EDGE('',*,*,#3791,.F.);
#1463=ORIENTED_EDGE('',*,*,#3789,.T.);
#1464=ORIENTED_EDGE('',*,*,#3212,.T.);
#1465=ORIENTED_EDGE('',*,*,#3792,.F.);
#1466=ORIENTED_EDGE('',*,*,#3793,.F.);
#1467=ORIENTED_EDGE('',*,*,#3794,.T.);
#1468=ORIENTED_EDGE('',*,*,#3217,.T.);
#1469=ORIENTED_EDGE('',*,*,#3795,.F.);
#1470=ORIENTED_EDGE('',*,*,#3796,.F.);
#1471=ORIENTED_EDGE('',*,*,#3792,.T.);
#1472=ORIENTED_EDGE('',*,*,#3216,.T.);
#1473=ORIENTED_EDGE('',*,*,#3797,.F.);
#1474=ORIENTED_EDGE('',*,*,#3798,.F.);
#1475=ORIENTED_EDGE('',*,*,#3795,.T.);
#1476=ORIENTED_EDGE('',*,*,#3215,.T.);
#1477=ORIENTED_EDGE('',*,*,#3799,.F.);
#1478=ORIENTED_EDGE('',*,*,#3800,.F.);
#1479=ORIENTED_EDGE('',*,*,#3797,.T.);
#1480=ORIENTED_EDGE('',*,*,#3214,.T.);
#1481=ORIENTED_EDGE('',*,*,#3801,.F.);
#1482=ORIENTED_EDGE('',*,*,#3802,.F.);
#1483=ORIENTED_EDGE('',*,*,#3799,.T.);
#1484=ORIENTED_EDGE('',*,*,#3213,.T.);
#1485=ORIENTED_EDGE('',*,*,#3794,.F.);
#1486=ORIENTED_EDGE('',*,*,#3803,.F.);
#1487=ORIENTED_EDGE('',*,*,#3801,.T.);
#1488=ORIENTED_EDGE('',*,*,#3218,.T.);
#1489=ORIENTED_EDGE('',*,*,#3804,.F.);
#1490=ORIENTED_EDGE('',*,*,#3805,.F.);
#1491=ORIENTED_EDGE('',*,*,#3806,.T.);
#1492=ORIENTED_EDGE('',*,*,#3223,.T.);
#1493=ORIENTED_EDGE('',*,*,#3807,.F.);
#1494=ORIENTED_EDGE('',*,*,#3808,.F.);
#1495=ORIENTED_EDGE('',*,*,#3804,.T.);
#1496=ORIENTED_EDGE('',*,*,#3222,.T.);
#1497=ORIENTED_EDGE('',*,*,#3809,.F.);
#1498=ORIENTED_EDGE('',*,*,#3810,.F.);
#1499=ORIENTED_EDGE('',*,*,#3807,.T.);
#1500=ORIENTED_EDGE('',*,*,#3221,.T.);
#1501=ORIENTED_EDGE('',*,*,#3811,.F.);
#1502=ORIENTED_EDGE('',*,*,#3812,.F.);
#1503=ORIENTED_EDGE('',*,*,#3809,.T.);
#1504=ORIENTED_EDGE('',*,*,#3220,.T.);
#1505=ORIENTED_EDGE('',*,*,#3813,.F.);
#1506=ORIENTED_EDGE('',*,*,#3814,.F.);
#1507=ORIENTED_EDGE('',*,*,#3811,.T.);
#1508=ORIENTED_EDGE('',*,*,#3219,.T.);
#1509=ORIENTED_EDGE('',*,*,#3806,.F.);
#1510=ORIENTED_EDGE('',*,*,#3815,.F.);
#1511=ORIENTED_EDGE('',*,*,#3813,.T.);
#1512=ORIENTED_EDGE('',*,*,#3224,.T.);
#1513=ORIENTED_EDGE('',*,*,#3816,.F.);
#1514=ORIENTED_EDGE('',*,*,#3817,.F.);
#1515=ORIENTED_EDGE('',*,*,#3818,.T.);
#1516=ORIENTED_EDGE('',*,*,#3229,.T.);
#1517=ORIENTED_EDGE('',*,*,#3819,.F.);
#1518=ORIENTED_EDGE('',*,*,#3820,.F.);
#1519=ORIENTED_EDGE('',*,*,#3816,.T.);
#1520=ORIENTED_EDGE('',*,*,#3228,.T.);
#1521=ORIENTED_EDGE('',*,*,#3821,.F.);
#1522=ORIENTED_EDGE('',*,*,#3822,.F.);
#1523=ORIENTED_EDGE('',*,*,#3819,.T.);
#1524=ORIENTED_EDGE('',*,*,#3227,.T.);
#1525=ORIENTED_EDGE('',*,*,#3823,.F.);
#1526=ORIENTED_EDGE('',*,*,#3824,.F.);
#1527=ORIENTED_EDGE('',*,*,#3821,.T.);
#1528=ORIENTED_EDGE('',*,*,#3226,.T.);
#1529=ORIENTED_EDGE('',*,*,#3825,.F.);
#1530=ORIENTED_EDGE('',*,*,#3826,.F.);
#1531=ORIENTED_EDGE('',*,*,#3823,.T.);
#1532=ORIENTED_EDGE('',*,*,#3225,.T.);
#1533=ORIENTED_EDGE('',*,*,#3818,.F.);
#1534=ORIENTED_EDGE('',*,*,#3827,.F.);
#1535=ORIENTED_EDGE('',*,*,#3825,.T.);
#1536=ORIENTED_EDGE('',*,*,#3230,.T.);
#1537=ORIENTED_EDGE('',*,*,#3828,.F.);
#1538=ORIENTED_EDGE('',*,*,#3829,.F.);
#1539=ORIENTED_EDGE('',*,*,#3830,.T.);
#1540=ORIENTED_EDGE('',*,*,#3235,.T.);
#1541=ORIENTED_EDGE('',*,*,#3831,.F.);
#1542=ORIENTED_EDGE('',*,*,#3832,.F.);
#1543=ORIENTED_EDGE('',*,*,#3828,.T.);
#1544=ORIENTED_EDGE('',*,*,#3234,.T.);
#1545=ORIENTED_EDGE('',*,*,#3833,.F.);
#1546=ORIENTED_EDGE('',*,*,#3834,.F.);
#1547=ORIENTED_EDGE('',*,*,#3831,.T.);
#1548=ORIENTED_EDGE('',*,*,#3233,.T.);
#1549=ORIENTED_EDGE('',*,*,#3835,.F.);
#1550=ORIENTED_EDGE('',*,*,#3836,.F.);
#1551=ORIENTED_EDGE('',*,*,#3833,.T.);
#1552=ORIENTED_EDGE('',*,*,#3232,.T.);
#1553=ORIENTED_EDGE('',*,*,#3837,.F.);
#1554=ORIENTED_EDGE('',*,*,#3838,.F.);
#1555=ORIENTED_EDGE('',*,*,#3835,.T.);
#1556=ORIENTED_EDGE('',*,*,#3231,.T.);
#1557=ORIENTED_EDGE('',*,*,#3830,.F.);
#1558=ORIENTED_EDGE('',*,*,#3839,.F.);
#1559=ORIENTED_EDGE('',*,*,#3837,.T.);
#1560=ORIENTED_EDGE('',*,*,#3236,.T.);
#1561=ORIENTED_EDGE('',*,*,#3840,.F.);
#1562=ORIENTED_EDGE('',*,*,#3841,.F.);
#1563=ORIENTED_EDGE('',*,*,#3842,.T.);
#1564=ORIENTED_EDGE('',*,*,#3241,.T.);
#1565=ORIENTED_EDGE('',*,*,#3843,.F.);
#1566=ORIENTED_EDGE('',*,*,#3844,.F.);
#1567=ORIENTED_EDGE('',*,*,#3840,.T.);
#1568=ORIENTED_EDGE('',*,*,#3240,.T.);
#1569=ORIENTED_EDGE('',*,*,#3845,.F.);
#1570=ORIENTED_EDGE('',*,*,#3846,.F.);
#1571=ORIENTED_EDGE('',*,*,#3843,.T.);
#1572=ORIENTED_EDGE('',*,*,#3239,.T.);
#1573=ORIENTED_EDGE('',*,*,#3847,.F.);
#1574=ORIENTED_EDGE('',*,*,#3848,.F.);
#1575=ORIENTED_EDGE('',*,*,#3845,.T.);
#1576=ORIENTED_EDGE('',*,*,#3238,.T.);
#1577=ORIENTED_EDGE('',*,*,#3849,.F.);
#1578=ORIENTED_EDGE('',*,*,#3850,.F.);
#1579=ORIENTED_EDGE('',*,*,#3847,.T.);
#1580=ORIENTED_EDGE('',*,*,#3237,.T.);
#1581=ORIENTED_EDGE('',*,*,#3842,.F.);
#1582=ORIENTED_EDGE('',*,*,#3851,.F.);
#1583=ORIENTED_EDGE('',*,*,#3849,.T.);
#1584=ORIENTED_EDGE('',*,*,#3242,.T.);
#1585=ORIENTED_EDGE('',*,*,#3852,.F.);
#1586=ORIENTED_EDGE('',*,*,#3853,.F.);
#1587=ORIENTED_EDGE('',*,*,#3854,.T.);
#1588=ORIENTED_EDGE('',*,*,#3247,.T.);
#1589=ORIENTED_EDGE('',*,*,#3855,.F.);
#1590=ORIENTED_EDGE('',*,*,#3856,.F.);
#1591=ORIENTED_EDGE('',*,*,#3852,.T.);
#1592=ORIENTED_EDGE('',*,*,#3246,.T.);
#1593=ORIENTED_EDGE('',*,*,#3857,.F.);
#1594=ORIENTED_EDGE('',*,*,#3858,.F.);
#1595=ORIENTED_EDGE('',*,*,#3855,.T.);
#1596=ORIENTED_EDGE('',*,*,#3245,.T.);
#1597=ORIENTED_EDGE('',*,*,#3859,.F.);
#1598=ORIENTED_EDGE('',*,*,#3860,.F.);
#1599=ORIENTED_EDGE('',*,*,#3857,.T.);
#1600=ORIENTED_EDGE('',*,*,#3244,.T.);
#1601=ORIENTED_EDGE('',*,*,#3861,.F.);
#1602=ORIENTED_EDGE('',*,*,#3862,.F.);
#1603=ORIENTED_EDGE('',*,*,#3859,.T.);
#1604=ORIENTED_EDGE('',*,*,#3243,.T.);
#1605=ORIENTED_EDGE('',*,*,#3854,.F.);
#1606=ORIENTED_EDGE('',*,*,#3863,.F.);
#1607=ORIENTED_EDGE('',*,*,#3861,.T.);
#1608=ORIENTED_EDGE('',*,*,#3248,.T.);
#1609=ORIENTED_EDGE('',*,*,#3864,.F.);
#1610=ORIENTED_EDGE('',*,*,#3865,.F.);
#1611=ORIENTED_EDGE('',*,*,#3866,.T.);
#1612=ORIENTED_EDGE('',*,*,#3253,.T.);
#1613=ORIENTED_EDGE('',*,*,#3867,.F.);
#1614=ORIENTED_EDGE('',*,*,#3868,.F.);
#1615=ORIENTED_EDGE('',*,*,#3864,.T.);
#1616=ORIENTED_EDGE('',*,*,#3252,.T.);
#1617=ORIENTED_EDGE('',*,*,#3869,.F.);
#1618=ORIENTED_EDGE('',*,*,#3870,.F.);
#1619=ORIENTED_EDGE('',*,*,#3867,.T.);
#1620=ORIENTED_EDGE('',*,*,#3251,.T.);
#1621=ORIENTED_EDGE('',*,*,#3871,.F.);
#1622=ORIENTED_EDGE('',*,*,#3872,.F.);
#1623=ORIENTED_EDGE('',*,*,#3869,.T.);
#1624=ORIENTED_EDGE('',*,*,#3250,.T.);
#1625=ORIENTED_EDGE('',*,*,#3873,.F.);
#1626=ORIENTED_EDGE('',*,*,#3874,.F.);
#1627=ORIENTED_EDGE('',*,*,#3871,.T.);
#1628=ORIENTED_EDGE('',*,*,#3249,.T.);
#1629=ORIENTED_EDGE('',*,*,#3866,.F.);
#1630=ORIENTED_EDGE('',*,*,#3875,.F.);
#1631=ORIENTED_EDGE('',*,*,#3873,.T.);
#1632=ORIENTED_EDGE('',*,*,#3254,.T.);
#1633=ORIENTED_EDGE('',*,*,#3876,.F.);
#1634=ORIENTED_EDGE('',*,*,#3877,.F.);
#1635=ORIENTED_EDGE('',*,*,#3878,.T.);
#1636=ORIENTED_EDGE('',*,*,#3259,.T.);
#1637=ORIENTED_EDGE('',*,*,#3879,.F.);
#1638=ORIENTED_EDGE('',*,*,#3880,.F.);
#1639=ORIENTED_EDGE('',*,*,#3876,.T.);
#1640=ORIENTED_EDGE('',*,*,#3258,.T.);
#1641=ORIENTED_EDGE('',*,*,#3881,.F.);
#1642=ORIENTED_EDGE('',*,*,#3882,.F.);
#1643=ORIENTED_EDGE('',*,*,#3879,.T.);
#1644=ORIENTED_EDGE('',*,*,#3257,.T.);
#1645=ORIENTED_EDGE('',*,*,#3883,.F.);
#1646=ORIENTED_EDGE('',*,*,#3884,.F.);
#1647=ORIENTED_EDGE('',*,*,#3881,.T.);
#1648=ORIENTED_EDGE('',*,*,#3256,.T.);
#1649=ORIENTED_EDGE('',*,*,#3885,.F.);
#1650=ORIENTED_EDGE('',*,*,#3886,.F.);
#1651=ORIENTED_EDGE('',*,*,#3883,.T.);
#1652=ORIENTED_EDGE('',*,*,#3255,.T.);
#1653=ORIENTED_EDGE('',*,*,#3878,.F.);
#1654=ORIENTED_EDGE('',*,*,#3887,.F.);
#1655=ORIENTED_EDGE('',*,*,#3885,.T.);
#1656=ORIENTED_EDGE('',*,*,#3260,.T.);
#1657=ORIENTED_EDGE('',*,*,#3888,.F.);
#1658=ORIENTED_EDGE('',*,*,#3889,.F.);
#1659=ORIENTED_EDGE('',*,*,#3890,.T.);
#1660=ORIENTED_EDGE('',*,*,#3265,.T.);
#1661=ORIENTED_EDGE('',*,*,#3891,.F.);
#1662=ORIENTED_EDGE('',*,*,#3892,.F.);
#1663=ORIENTED_EDGE('',*,*,#3888,.T.);
#1664=ORIENTED_EDGE('',*,*,#3264,.T.);
#1665=ORIENTED_EDGE('',*,*,#3893,.F.);
#1666=ORIENTED_EDGE('',*,*,#3894,.F.);
#1667=ORIENTED_EDGE('',*,*,#3891,.T.);
#1668=ORIENTED_EDGE('',*,*,#3263,.T.);
#1669=ORIENTED_EDGE('',*,*,#3895,.F.);
#1670=ORIENTED_EDGE('',*,*,#3896,.F.);
#1671=ORIENTED_EDGE('',*,*,#3893,.T.);
#1672=ORIENTED_EDGE('',*,*,#3262,.T.);
#1673=ORIENTED_EDGE('',*,*,#3897,.F.);
#1674=ORIENTED_EDGE('',*,*,#3898,.F.);
#1675=ORIENTED_EDGE('',*,*,#3895,.T.);
#1676=ORIENTED_EDGE('',*,*,#3261,.T.);
#1677=ORIENTED_EDGE('',*,*,#3890,.F.);
#1678=ORIENTED_EDGE('',*,*,#3899,.F.);
#1679=ORIENTED_EDGE('',*,*,#3897,.T.);
#1680=ORIENTED_EDGE('',*,*,#3266,.T.);
#1681=ORIENTED_EDGE('',*,*,#3900,.F.);
#1682=ORIENTED_EDGE('',*,*,#3901,.F.);
#1683=ORIENTED_EDGE('',*,*,#3902,.T.);
#1684=ORIENTED_EDGE('',*,*,#3271,.T.);
#1685=ORIENTED_EDGE('',*,*,#3903,.F.);
#1686=ORIENTED_EDGE('',*,*,#3904,.F.);
#1687=ORIENTED_EDGE('',*,*,#3900,.T.);
#1688=ORIENTED_EDGE('',*,*,#3270,.T.);
#1689=ORIENTED_EDGE('',*,*,#3905,.F.);
#1690=ORIENTED_EDGE('',*,*,#3906,.F.);
#1691=ORIENTED_EDGE('',*,*,#3903,.T.);
#1692=ORIENTED_EDGE('',*,*,#3269,.T.);
#1693=ORIENTED_EDGE('',*,*,#3907,.F.);
#1694=ORIENTED_EDGE('',*,*,#3908,.F.);
#1695=ORIENTED_EDGE('',*,*,#3905,.T.);
#1696=ORIENTED_EDGE('',*,*,#3268,.T.);
#1697=ORIENTED_EDGE('',*,*,#3909,.F.);
#1698=ORIENTED_EDGE('',*,*,#3910,.F.);
#1699=ORIENTED_EDGE('',*,*,#3907,.T.);
#1700=ORIENTED_EDGE('',*,*,#3267,.T.);
#1701=ORIENTED_EDGE('',*,*,#3902,.F.);
#1702=ORIENTED_EDGE('',*,*,#3911,.F.);
#1703=ORIENTED_EDGE('',*,*,#3909,.T.);
#1704=ORIENTED_EDGE('',*,*,#3272,.T.);
#1705=ORIENTED_EDGE('',*,*,#3912,.F.);
#1706=ORIENTED_EDGE('',*,*,#3913,.F.);
#1707=ORIENTED_EDGE('',*,*,#3914,.T.);
#1708=ORIENTED_EDGE('',*,*,#3277,.T.);
#1709=ORIENTED_EDGE('',*,*,#3915,.F.);
#1710=ORIENTED_EDGE('',*,*,#3916,.F.);
#1711=ORIENTED_EDGE('',*,*,#3912,.T.);
#1712=ORIENTED_EDGE('',*,*,#3276,.T.);
#1713=ORIENTED_EDGE('',*,*,#3917,.F.);
#1714=ORIENTED_EDGE('',*,*,#3918,.F.);
#1715=ORIENTED_EDGE('',*,*,#3915,.T.);
#1716=ORIENTED_EDGE('',*,*,#3275,.T.);
#1717=ORIENTED_EDGE('',*,*,#3919,.F.);
#1718=ORIENTED_EDGE('',*,*,#3920,.F.);
#1719=ORIENTED_EDGE('',*,*,#3917,.T.);
#1720=ORIENTED_EDGE('',*,*,#3274,.T.);
#1721=ORIENTED_EDGE('',*,*,#3921,.F.);
#1722=ORIENTED_EDGE('',*,*,#3922,.F.);
#1723=ORIENTED_EDGE('',*,*,#3919,.T.);
#1724=ORIENTED_EDGE('',*,*,#3273,.T.);
#1725=ORIENTED_EDGE('',*,*,#3914,.F.);
#1726=ORIENTED_EDGE('',*,*,#3923,.F.);
#1727=ORIENTED_EDGE('',*,*,#3921,.T.);
#1728=ORIENTED_EDGE('',*,*,#3278,.T.);
#1729=ORIENTED_EDGE('',*,*,#3924,.F.);
#1730=ORIENTED_EDGE('',*,*,#3925,.F.);
#1731=ORIENTED_EDGE('',*,*,#3926,.T.);
#1732=ORIENTED_EDGE('',*,*,#3283,.T.);
#1733=ORIENTED_EDGE('',*,*,#3927,.F.);
#1734=ORIENTED_EDGE('',*,*,#3928,.F.);
#1735=ORIENTED_EDGE('',*,*,#3924,.T.);
#1736=ORIENTED_EDGE('',*,*,#3282,.T.);
#1737=ORIENTED_EDGE('',*,*,#3929,.F.);
#1738=ORIENTED_EDGE('',*,*,#3930,.F.);
#1739=ORIENTED_EDGE('',*,*,#3927,.T.);
#1740=ORIENTED_EDGE('',*,*,#3281,.T.);
#1741=ORIENTED_EDGE('',*,*,#3931,.F.);
#1742=ORIENTED_EDGE('',*,*,#3932,.F.);
#1743=ORIENTED_EDGE('',*,*,#3929,.T.);
#1744=ORIENTED_EDGE('',*,*,#3280,.T.);
#1745=ORIENTED_EDGE('',*,*,#3933,.F.);
#1746=ORIENTED_EDGE('',*,*,#3934,.F.);
#1747=ORIENTED_EDGE('',*,*,#3931,.T.);
#1748=ORIENTED_EDGE('',*,*,#3279,.T.);
#1749=ORIENTED_EDGE('',*,*,#3926,.F.);
#1750=ORIENTED_EDGE('',*,*,#3935,.F.);
#1751=ORIENTED_EDGE('',*,*,#3933,.T.);
#1752=ORIENTED_EDGE('',*,*,#3284,.T.);
#1753=ORIENTED_EDGE('',*,*,#3936,.F.);
#1754=ORIENTED_EDGE('',*,*,#3937,.F.);
#1755=ORIENTED_EDGE('',*,*,#3938,.T.);
#1756=ORIENTED_EDGE('',*,*,#3289,.T.);
#1757=ORIENTED_EDGE('',*,*,#3939,.F.);
#1758=ORIENTED_EDGE('',*,*,#3940,.F.);
#1759=ORIENTED_EDGE('',*,*,#3936,.T.);
#1760=ORIENTED_EDGE('',*,*,#3288,.T.);
#1761=ORIENTED_EDGE('',*,*,#3941,.F.);
#1762=ORIENTED_EDGE('',*,*,#3942,.F.);
#1763=ORIENTED_EDGE('',*,*,#3939,.T.);
#1764=ORIENTED_EDGE('',*,*,#3287,.T.);
#1765=ORIENTED_EDGE('',*,*,#3943,.F.);
#1766=ORIENTED_EDGE('',*,*,#3944,.F.);
#1767=ORIENTED_EDGE('',*,*,#3941,.T.);
#1768=ORIENTED_EDGE('',*,*,#3286,.T.);
#1769=ORIENTED_EDGE('',*,*,#3945,.F.);
#1770=ORIENTED_EDGE('',*,*,#3946,.F.);
#1771=ORIENTED_EDGE('',*,*,#3943,.T.);
#1772=ORIENTED_EDGE('',*,*,#3285,.T.);
#1773=ORIENTED_EDGE('',*,*,#3938,.F.);
#1774=ORIENTED_EDGE('',*,*,#3947,.F.);
#1775=ORIENTED_EDGE('',*,*,#3945,.T.);
#1776=ORIENTED_EDGE('',*,*,#3306,.F.);
#1777=ORIENTED_EDGE('',*,*,#3948,.T.);
#1778=ORIENTED_EDGE('',*,*,#3949,.T.);
#1779=ORIENTED_EDGE('',*,*,#3950,.T.);
#1780=ORIENTED_EDGE('',*,*,#3308,.F.);
#1781=ORIENTED_EDGE('',*,*,#3951,.T.);
#1782=ORIENTED_EDGE('',*,*,#3952,.T.);
#1783=ORIENTED_EDGE('',*,*,#3953,.T.);
#1784=ORIENTED_EDGE('',*,*,#3954,.F.);
#1785=ORIENTED_EDGE('',*,*,#3955,.T.);
#1786=ORIENTED_EDGE('',*,*,#3310,.T.);
#1787=ORIENTED_EDGE('',*,*,#3956,.T.);
#1788=ORIENTED_EDGE('',*,*,#3957,.F.);
#1789=ORIENTED_EDGE('',*,*,#3958,.T.);
#1790=ORIENTED_EDGE('',*,*,#3304,.T.);
#1791=ORIENTED_EDGE('',*,*,#3959,.F.);
#1792=ORIENTED_EDGE('',*,*,#3960,.T.);
#1793=ORIENTED_EDGE('',*,*,#3961,.T.);
#1794=ORIENTED_EDGE('',*,*,#3300,.T.);
#1795=ORIENTED_EDGE('',*,*,#3962,.F.);
#1796=ORIENTED_EDGE('',*,*,#3963,.F.);
#1797=ORIENTED_EDGE('',*,*,#3964,.T.);
#1798=ORIENTED_EDGE('',*,*,#3296,.T.);
#1799=ORIENTED_EDGE('',*,*,#3965,.T.);
#1800=ORIENTED_EDGE('',*,*,#3323,.T.);
#1801=ORIENTED_EDGE('',*,*,#3313,.T.);
#1802=ORIENTED_EDGE('',*,*,#3316,.T.);
#1803=ORIENTED_EDGE('',*,*,#3318,.T.);
#1804=ORIENTED_EDGE('',*,*,#3320,.T.);
#1805=ORIENTED_EDGE('',*,*,#3322,.T.);
#1806=ORIENTED_EDGE('',*,*,#3335,.T.);
#1807=ORIENTED_EDGE('',*,*,#3325,.T.);
#1808=ORIENTED_EDGE('',*,*,#3328,.T.);
#1809=ORIENTED_EDGE('',*,*,#3330,.T.);
#1810=ORIENTED_EDGE('',*,*,#3332,.T.);
#1811=ORIENTED_EDGE('',*,*,#3334,.T.);
#1812=ORIENTED_EDGE('',*,*,#3347,.T.);
#1813=ORIENTED_EDGE('',*,*,#3337,.T.);
#1814=ORIENTED_EDGE('',*,*,#3340,.T.);
#1815=ORIENTED_EDGE('',*,*,#3342,.T.);
#1816=ORIENTED_EDGE('',*,*,#3344,.T.);
#1817=ORIENTED_EDGE('',*,*,#3346,.T.);
#1818=ORIENTED_EDGE('',*,*,#3359,.T.);
#1819=ORIENTED_EDGE('',*,*,#3349,.T.);
#1820=ORIENTED_EDGE('',*,*,#3352,.T.);
#1821=ORIENTED_EDGE('',*,*,#3354,.T.);
#1822=ORIENTED_EDGE('',*,*,#3356,.T.);
#1823=ORIENTED_EDGE('',*,*,#3358,.T.);
#1824=ORIENTED_EDGE('',*,*,#3371,.T.);
#1825=ORIENTED_EDGE('',*,*,#3361,.T.);
#1826=ORIENTED_EDGE('',*,*,#3364,.T.);
#1827=ORIENTED_EDGE('',*,*,#3366,.T.);
#1828=ORIENTED_EDGE('',*,*,#3368,.T.);
#1829=ORIENTED_EDGE('',*,*,#3370,.T.);
#1830=ORIENTED_EDGE('',*,*,#3383,.T.);
#1831=ORIENTED_EDGE('',*,*,#3373,.T.);
#1832=ORIENTED_EDGE('',*,*,#3376,.T.);
#1833=ORIENTED_EDGE('',*,*,#3378,.T.);
#1834=ORIENTED_EDGE('',*,*,#3380,.T.);
#1835=ORIENTED_EDGE('',*,*,#3382,.T.);
#1836=ORIENTED_EDGE('',*,*,#3395,.T.);
#1837=ORIENTED_EDGE('',*,*,#3385,.T.);
#1838=ORIENTED_EDGE('',*,*,#3388,.T.);
#1839=ORIENTED_EDGE('',*,*,#3390,.T.);
#1840=ORIENTED_EDGE('',*,*,#3392,.T.);
#1841=ORIENTED_EDGE('',*,*,#3394,.T.);
#1842=ORIENTED_EDGE('',*,*,#3407,.T.);
#1843=ORIENTED_EDGE('',*,*,#3397,.T.);
#1844=ORIENTED_EDGE('',*,*,#3400,.T.);
#1845=ORIENTED_EDGE('',*,*,#3402,.T.);
#1846=ORIENTED_EDGE('',*,*,#3404,.T.);
#1847=ORIENTED_EDGE('',*,*,#3406,.T.);
#1848=ORIENTED_EDGE('',*,*,#3419,.T.);
#1849=ORIENTED_EDGE('',*,*,#3409,.T.);
#1850=ORIENTED_EDGE('',*,*,#3412,.T.);
#1851=ORIENTED_EDGE('',*,*,#3414,.T.);
#1852=ORIENTED_EDGE('',*,*,#3416,.T.);
#1853=ORIENTED_EDGE('',*,*,#3418,.T.);
#1854=ORIENTED_EDGE('',*,*,#3431,.T.);
#1855=ORIENTED_EDGE('',*,*,#3421,.T.);
#1856=ORIENTED_EDGE('',*,*,#3424,.T.);
#1857=ORIENTED_EDGE('',*,*,#3426,.T.);
#1858=ORIENTED_EDGE('',*,*,#3428,.T.);
#1859=ORIENTED_EDGE('',*,*,#3430,.T.);
#1860=ORIENTED_EDGE('',*,*,#3443,.T.);
#1861=ORIENTED_EDGE('',*,*,#3433,.T.);
#1862=ORIENTED_EDGE('',*,*,#3436,.T.);
#1863=ORIENTED_EDGE('',*,*,#3438,.T.);
#1864=ORIENTED_EDGE('',*,*,#3440,.T.);
#1865=ORIENTED_EDGE('',*,*,#3442,.T.);
#1866=ORIENTED_EDGE('',*,*,#3455,.T.);
#1867=ORIENTED_EDGE('',*,*,#3445,.T.);
#1868=ORIENTED_EDGE('',*,*,#3448,.T.);
#1869=ORIENTED_EDGE('',*,*,#3450,.T.);
#1870=ORIENTED_EDGE('',*,*,#3452,.T.);
#1871=ORIENTED_EDGE('',*,*,#3454,.T.);
#1872=ORIENTED_EDGE('',*,*,#3467,.T.);
#1873=ORIENTED_EDGE('',*,*,#3457,.T.);
#1874=ORIENTED_EDGE('',*,*,#3460,.T.);
#1875=ORIENTED_EDGE('',*,*,#3462,.T.);
#1876=ORIENTED_EDGE('',*,*,#3464,.T.);
#1877=ORIENTED_EDGE('',*,*,#3466,.T.);
#1878=ORIENTED_EDGE('',*,*,#3479,.T.);
#1879=ORIENTED_EDGE('',*,*,#3469,.T.);
#1880=ORIENTED_EDGE('',*,*,#3472,.T.);
#1881=ORIENTED_EDGE('',*,*,#3474,.T.);
#1882=ORIENTED_EDGE('',*,*,#3476,.T.);
#1883=ORIENTED_EDGE('',*,*,#3478,.T.);
#1884=ORIENTED_EDGE('',*,*,#3491,.T.);
#1885=ORIENTED_EDGE('',*,*,#3481,.T.);
#1886=ORIENTED_EDGE('',*,*,#3484,.T.);
#1887=ORIENTED_EDGE('',*,*,#3486,.T.);
#1888=ORIENTED_EDGE('',*,*,#3488,.T.);
#1889=ORIENTED_EDGE('',*,*,#3490,.T.);
#1890=ORIENTED_EDGE('',*,*,#3503,.T.);
#1891=ORIENTED_EDGE('',*,*,#3493,.T.);
#1892=ORIENTED_EDGE('',*,*,#3496,.T.);
#1893=ORIENTED_EDGE('',*,*,#3498,.T.);
#1894=ORIENTED_EDGE('',*,*,#3500,.T.);
#1895=ORIENTED_EDGE('',*,*,#3502,.T.);
#1896=ORIENTED_EDGE('',*,*,#3515,.T.);
#1897=ORIENTED_EDGE('',*,*,#3505,.T.);
#1898=ORIENTED_EDGE('',*,*,#3508,.T.);
#1899=ORIENTED_EDGE('',*,*,#3510,.T.);
#1900=ORIENTED_EDGE('',*,*,#3512,.T.);
#1901=ORIENTED_EDGE('',*,*,#3514,.T.);
#1902=ORIENTED_EDGE('',*,*,#3527,.T.);
#1903=ORIENTED_EDGE('',*,*,#3517,.T.);
#1904=ORIENTED_EDGE('',*,*,#3520,.T.);
#1905=ORIENTED_EDGE('',*,*,#3522,.T.);
#1906=ORIENTED_EDGE('',*,*,#3524,.T.);
#1907=ORIENTED_EDGE('',*,*,#3526,.T.);
#1908=ORIENTED_EDGE('',*,*,#3539,.T.);
#1909=ORIENTED_EDGE('',*,*,#3529,.T.);
#1910=ORIENTED_EDGE('',*,*,#3532,.T.);
#1911=ORIENTED_EDGE('',*,*,#3534,.T.);
#1912=ORIENTED_EDGE('',*,*,#3536,.T.);
#1913=ORIENTED_EDGE('',*,*,#3538,.T.);
#1914=ORIENTED_EDGE('',*,*,#3551,.T.);
#1915=ORIENTED_EDGE('',*,*,#3541,.T.);
#1916=ORIENTED_EDGE('',*,*,#3544,.T.);
#1917=ORIENTED_EDGE('',*,*,#3546,.T.);
#1918=ORIENTED_EDGE('',*,*,#3548,.T.);
#1919=ORIENTED_EDGE('',*,*,#3550,.T.);
#1920=ORIENTED_EDGE('',*,*,#3563,.T.);
#1921=ORIENTED_EDGE('',*,*,#3553,.T.);
#1922=ORIENTED_EDGE('',*,*,#3556,.T.);
#1923=ORIENTED_EDGE('',*,*,#3558,.T.);
#1924=ORIENTED_EDGE('',*,*,#3560,.T.);
#1925=ORIENTED_EDGE('',*,*,#3562,.T.);
#1926=ORIENTED_EDGE('',*,*,#3575,.T.);
#1927=ORIENTED_EDGE('',*,*,#3565,.T.);
#1928=ORIENTED_EDGE('',*,*,#3568,.T.);
#1929=ORIENTED_EDGE('',*,*,#3570,.T.);
#1930=ORIENTED_EDGE('',*,*,#3572,.T.);
#1931=ORIENTED_EDGE('',*,*,#3574,.T.);
#1932=ORIENTED_EDGE('',*,*,#3587,.T.);
#1933=ORIENTED_EDGE('',*,*,#3577,.T.);
#1934=ORIENTED_EDGE('',*,*,#3580,.T.);
#1935=ORIENTED_EDGE('',*,*,#3582,.T.);
#1936=ORIENTED_EDGE('',*,*,#3584,.T.);
#1937=ORIENTED_EDGE('',*,*,#3586,.T.);
#1938=ORIENTED_EDGE('',*,*,#3599,.T.);
#1939=ORIENTED_EDGE('',*,*,#3589,.T.);
#1940=ORIENTED_EDGE('',*,*,#3592,.T.);
#1941=ORIENTED_EDGE('',*,*,#3594,.T.);
#1942=ORIENTED_EDGE('',*,*,#3596,.T.);
#1943=ORIENTED_EDGE('',*,*,#3598,.T.);
#1944=ORIENTED_EDGE('',*,*,#3611,.T.);
#1945=ORIENTED_EDGE('',*,*,#3601,.T.);
#1946=ORIENTED_EDGE('',*,*,#3604,.T.);
#1947=ORIENTED_EDGE('',*,*,#3606,.T.);
#1948=ORIENTED_EDGE('',*,*,#3608,.T.);
#1949=ORIENTED_EDGE('',*,*,#3610,.T.);
#1950=ORIENTED_EDGE('',*,*,#3623,.T.);
#1951=ORIENTED_EDGE('',*,*,#3613,.T.);
#1952=ORIENTED_EDGE('',*,*,#3616,.T.);
#1953=ORIENTED_EDGE('',*,*,#3618,.T.);
#1954=ORIENTED_EDGE('',*,*,#3620,.T.);
#1955=ORIENTED_EDGE('',*,*,#3622,.T.);
#1956=ORIENTED_EDGE('',*,*,#3635,.T.);
#1957=ORIENTED_EDGE('',*,*,#3625,.T.);
#1958=ORIENTED_EDGE('',*,*,#3628,.T.);
#1959=ORIENTED_EDGE('',*,*,#3630,.T.);
#1960=ORIENTED_EDGE('',*,*,#3632,.T.);
#1961=ORIENTED_EDGE('',*,*,#3634,.T.);
#1962=ORIENTED_EDGE('',*,*,#3647,.T.);
#1963=ORIENTED_EDGE('',*,*,#3637,.T.);
#1964=ORIENTED_EDGE('',*,*,#3640,.T.);
#1965=ORIENTED_EDGE('',*,*,#3642,.T.);
#1966=ORIENTED_EDGE('',*,*,#3644,.T.);
#1967=ORIENTED_EDGE('',*,*,#3646,.T.);
#1968=ORIENTED_EDGE('',*,*,#3659,.T.);
#1969=ORIENTED_EDGE('',*,*,#3649,.T.);
#1970=ORIENTED_EDGE('',*,*,#3652,.T.);
#1971=ORIENTED_EDGE('',*,*,#3654,.T.);
#1972=ORIENTED_EDGE('',*,*,#3656,.T.);
#1973=ORIENTED_EDGE('',*,*,#3658,.T.);
#1974=ORIENTED_EDGE('',*,*,#3671,.T.);
#1975=ORIENTED_EDGE('',*,*,#3661,.T.);
#1976=ORIENTED_EDGE('',*,*,#3664,.T.);
#1977=ORIENTED_EDGE('',*,*,#3666,.T.);
#1978=ORIENTED_EDGE('',*,*,#3668,.T.);
#1979=ORIENTED_EDGE('',*,*,#3670,.T.);
#1980=ORIENTED_EDGE('',*,*,#3683,.T.);
#1981=ORIENTED_EDGE('',*,*,#3673,.T.);
#1982=ORIENTED_EDGE('',*,*,#3676,.T.);
#1983=ORIENTED_EDGE('',*,*,#3678,.T.);
#1984=ORIENTED_EDGE('',*,*,#3680,.T.);
#1985=ORIENTED_EDGE('',*,*,#3682,.T.);
#1986=ORIENTED_EDGE('',*,*,#3695,.T.);
#1987=ORIENTED_EDGE('',*,*,#3685,.T.);
#1988=ORIENTED_EDGE('',*,*,#3688,.T.);
#1989=ORIENTED_EDGE('',*,*,#3690,.T.);
#1990=ORIENTED_EDGE('',*,*,#3692,.T.);
#1991=ORIENTED_EDGE('',*,*,#3694,.T.);
#1992=ORIENTED_EDGE('',*,*,#3707,.T.);
#1993=ORIENTED_EDGE('',*,*,#3697,.T.);
#1994=ORIENTED_EDGE('',*,*,#3700,.T.);
#1995=ORIENTED_EDGE('',*,*,#3702,.T.);
#1996=ORIENTED_EDGE('',*,*,#3704,.T.);
#1997=ORIENTED_EDGE('',*,*,#3706,.T.);
#1998=ORIENTED_EDGE('',*,*,#3719,.T.);
#1999=ORIENTED_EDGE('',*,*,#3709,.T.);
#2000=ORIENTED_EDGE('',*,*,#3712,.T.);
#2001=ORIENTED_EDGE('',*,*,#3714,.T.);
#2002=ORIENTED_EDGE('',*,*,#3716,.T.);
#2003=ORIENTED_EDGE('',*,*,#3718,.T.);
#2004=ORIENTED_EDGE('',*,*,#3731,.T.);
#2005=ORIENTED_EDGE('',*,*,#3721,.T.);
#2006=ORIENTED_EDGE('',*,*,#3724,.T.);
#2007=ORIENTED_EDGE('',*,*,#3726,.T.);
#2008=ORIENTED_EDGE('',*,*,#3728,.T.);
#2009=ORIENTED_EDGE('',*,*,#3730,.T.);
#2010=ORIENTED_EDGE('',*,*,#3743,.T.);
#2011=ORIENTED_EDGE('',*,*,#3733,.T.);
#2012=ORIENTED_EDGE('',*,*,#3736,.T.);
#2013=ORIENTED_EDGE('',*,*,#3738,.T.);
#2014=ORIENTED_EDGE('',*,*,#3740,.T.);
#2015=ORIENTED_EDGE('',*,*,#3742,.T.);
#2016=ORIENTED_EDGE('',*,*,#3755,.T.);
#2017=ORIENTED_EDGE('',*,*,#3745,.T.);
#2018=ORIENTED_EDGE('',*,*,#3748,.T.);
#2019=ORIENTED_EDGE('',*,*,#3750,.T.);
#2020=ORIENTED_EDGE('',*,*,#3752,.T.);
#2021=ORIENTED_EDGE('',*,*,#3754,.T.);
#2022=ORIENTED_EDGE('',*,*,#3767,.T.);
#2023=ORIENTED_EDGE('',*,*,#3757,.T.);
#2024=ORIENTED_EDGE('',*,*,#3760,.T.);
#2025=ORIENTED_EDGE('',*,*,#3762,.T.);
#2026=ORIENTED_EDGE('',*,*,#3764,.T.);
#2027=ORIENTED_EDGE('',*,*,#3766,.T.);
#2028=ORIENTED_EDGE('',*,*,#3779,.T.);
#2029=ORIENTED_EDGE('',*,*,#3769,.T.);
#2030=ORIENTED_EDGE('',*,*,#3772,.T.);
#2031=ORIENTED_EDGE('',*,*,#3774,.T.);
#2032=ORIENTED_EDGE('',*,*,#3776,.T.);
#2033=ORIENTED_EDGE('',*,*,#3778,.T.);
#2034=ORIENTED_EDGE('',*,*,#3791,.T.);
#2035=ORIENTED_EDGE('',*,*,#3781,.T.);
#2036=ORIENTED_EDGE('',*,*,#3784,.T.);
#2037=ORIENTED_EDGE('',*,*,#3786,.T.);
#2038=ORIENTED_EDGE('',*,*,#3788,.T.);
#2039=ORIENTED_EDGE('',*,*,#3790,.T.);
#2040=ORIENTED_EDGE('',*,*,#3803,.T.);
#2041=ORIENTED_EDGE('',*,*,#3793,.T.);
#2042=ORIENTED_EDGE('',*,*,#3796,.T.);
#2043=ORIENTED_EDGE('',*,*,#3798,.T.);
#2044=ORIENTED_EDGE('',*,*,#3800,.T.);
#2045=ORIENTED_EDGE('',*,*,#3802,.T.);
#2046=ORIENTED_EDGE('',*,*,#3815,.T.);
#2047=ORIENTED_EDGE('',*,*,#3805,.T.);
#2048=ORIENTED_EDGE('',*,*,#3808,.T.);
#2049=ORIENTED_EDGE('',*,*,#3810,.T.);
#2050=ORIENTED_EDGE('',*,*,#3812,.T.);
#2051=ORIENTED_EDGE('',*,*,#3814,.T.);
#2052=ORIENTED_EDGE('',*,*,#3827,.T.);
#2053=ORIENTED_EDGE('',*,*,#3817,.T.);
#2054=ORIENTED_EDGE('',*,*,#3820,.T.);
#2055=ORIENTED_EDGE('',*,*,#3822,.T.);
#2056=ORIENTED_EDGE('',*,*,#3824,.T.);
#2057=ORIENTED_EDGE('',*,*,#3826,.T.);
#2058=ORIENTED_EDGE('',*,*,#3839,.T.);
#2059=ORIENTED_EDGE('',*,*,#3829,.T.);
#2060=ORIENTED_EDGE('',*,*,#3832,.T.);
#2061=ORIENTED_EDGE('',*,*,#3834,.T.);
#2062=ORIENTED_EDGE('',*,*,#3836,.T.);
#2063=ORIENTED_EDGE('',*,*,#3838,.T.);
#2064=ORIENTED_EDGE('',*,*,#3851,.T.);
#2065=ORIENTED_EDGE('',*,*,#3841,.T.);
#2066=ORIENTED_EDGE('',*,*,#3844,.T.);
#2067=ORIENTED_EDGE('',*,*,#3846,.T.);
#2068=ORIENTED_EDGE('',*,*,#3848,.T.);
#2069=ORIENTED_EDGE('',*,*,#3850,.T.);
#2070=ORIENTED_EDGE('',*,*,#3863,.T.);
#2071=ORIENTED_EDGE('',*,*,#3853,.T.);
#2072=ORIENTED_EDGE('',*,*,#3856,.T.);
#2073=ORIENTED_EDGE('',*,*,#3858,.T.);
#2074=ORIENTED_EDGE('',*,*,#3860,.T.);
#2075=ORIENTED_EDGE('',*,*,#3862,.T.);
#2076=ORIENTED_EDGE('',*,*,#3875,.T.);
#2077=ORIENTED_EDGE('',*,*,#3865,.T.);
#2078=ORIENTED_EDGE('',*,*,#3868,.T.);
#2079=ORIENTED_EDGE('',*,*,#3870,.T.);
#2080=ORIENTED_EDGE('',*,*,#3872,.T.);
#2081=ORIENTED_EDGE('',*,*,#3874,.T.);
#2082=ORIENTED_EDGE('',*,*,#3887,.T.);
#2083=ORIENTED_EDGE('',*,*,#3877,.T.);
#2084=ORIENTED_EDGE('',*,*,#3880,.T.);
#2085=ORIENTED_EDGE('',*,*,#3882,.T.);
#2086=ORIENTED_EDGE('',*,*,#3884,.T.);
#2087=ORIENTED_EDGE('',*,*,#3886,.T.);
#2088=ORIENTED_EDGE('',*,*,#3899,.T.);
#2089=ORIENTED_EDGE('',*,*,#3889,.T.);
#2090=ORIENTED_EDGE('',*,*,#3892,.T.);
#2091=ORIENTED_EDGE('',*,*,#3894,.T.);
#2092=ORIENTED_EDGE('',*,*,#3896,.T.);
#2093=ORIENTED_EDGE('',*,*,#3898,.T.);
#2094=ORIENTED_EDGE('',*,*,#3911,.T.);
#2095=ORIENTED_EDGE('',*,*,#3901,.T.);
#2096=ORIENTED_EDGE('',*,*,#3904,.T.);
#2097=ORIENTED_EDGE('',*,*,#3906,.T.);
#2098=ORIENTED_EDGE('',*,*,#3908,.T.);
#2099=ORIENTED_EDGE('',*,*,#3910,.T.);
#2100=ORIENTED_EDGE('',*,*,#3923,.T.);
#2101=ORIENTED_EDGE('',*,*,#3913,.T.);
#2102=ORIENTED_EDGE('',*,*,#3916,.T.);
#2103=ORIENTED_EDGE('',*,*,#3918,.T.);
#2104=ORIENTED_EDGE('',*,*,#3920,.T.);
#2105=ORIENTED_EDGE('',*,*,#3922,.T.);
#2106=ORIENTED_EDGE('',*,*,#3935,.T.);
#2107=ORIENTED_EDGE('',*,*,#3925,.T.);
#2108=ORIENTED_EDGE('',*,*,#3928,.T.);
#2109=ORIENTED_EDGE('',*,*,#3930,.T.);
#2110=ORIENTED_EDGE('',*,*,#3932,.T.);
#2111=ORIENTED_EDGE('',*,*,#3934,.T.);
#2112=ORIENTED_EDGE('',*,*,#3947,.T.);
#2113=ORIENTED_EDGE('',*,*,#3937,.T.);
#2114=ORIENTED_EDGE('',*,*,#3940,.T.);
#2115=ORIENTED_EDGE('',*,*,#3942,.T.);
#2116=ORIENTED_EDGE('',*,*,#3944,.T.);
#2117=ORIENTED_EDGE('',*,*,#3946,.T.);
#2118=ORIENTED_EDGE('',*,*,#3966,.T.);
#2119=ORIENTED_EDGE('',*,*,#3967,.T.);
#2120=ORIENTED_EDGE('',*,*,#3968,.T.);
#2121=ORIENTED_EDGE('',*,*,#3969,.T.);
#2122=ORIENTED_EDGE('',*,*,#3970,.T.);
#2123=ORIENTED_EDGE('',*,*,#3971,.T.);
#2124=ORIENTED_EDGE('',*,*,#3949,.F.);
#2125=ORIENTED_EDGE('',*,*,#3972,.T.);
#2126=ORIENTED_EDGE('',*,*,#3957,.T.);
#2127=ORIENTED_EDGE('',*,*,#3973,.T.);
#2128=ORIENTED_EDGE('',*,*,#3954,.T.);
#2129=ORIENTED_EDGE('',*,*,#3974,.T.);
#2130=ORIENTED_EDGE('',*,*,#3952,.F.);
#2131=ORIENTED_EDGE('',*,*,#3975,.T.);
#2132=ORIENTED_EDGE('',*,*,#3972,.F.);
#2133=ORIENTED_EDGE('',*,*,#3948,.F.);
#2134=ORIENTED_EDGE('',*,*,#3305,.F.);
#2135=ORIENTED_EDGE('',*,*,#3958,.F.);
#2136=ORIENTED_EDGE('',*,*,#3973,.F.);
#2137=ORIENTED_EDGE('',*,*,#3965,.F.);
#2138=ORIENTED_EDGE('',*,*,#3311,.F.);
#2139=ORIENTED_EDGE('',*,*,#3955,.F.);
#2140=ORIENTED_EDGE('',*,*,#3975,.F.);
#2141=ORIENTED_EDGE('',*,*,#3951,.F.);
#2142=ORIENTED_EDGE('',*,*,#3307,.F.);
#2143=ORIENTED_EDGE('',*,*,#3950,.F.);
#2144=ORIENTED_EDGE('',*,*,#3974,.F.);
#2145=ORIENTED_EDGE('',*,*,#3956,.F.);
#2146=ORIENTED_EDGE('',*,*,#3309,.F.);
#2147=ORIENTED_EDGE('',*,*,#3953,.F.);
#2148=ORIENTED_EDGE('',*,*,#3290,.T.);
#2149=ORIENTED_EDGE('',*,*,#3976,.F.);
#2150=ORIENTED_EDGE('',*,*,#3967,.F.);
#2151=ORIENTED_EDGE('',*,*,#3977,.T.);
#2152=ORIENTED_EDGE('',*,*,#3295,.T.);
#2153=ORIENTED_EDGE('',*,*,#3978,.F.);
#2154=ORIENTED_EDGE('',*,*,#3968,.F.);
#2155=ORIENTED_EDGE('',*,*,#3976,.T.);
#2156=ORIENTED_EDGE('',*,*,#3294,.T.);
#2157=ORIENTED_EDGE('',*,*,#3979,.F.);
#2158=ORIENTED_EDGE('',*,*,#3969,.F.);
#2159=ORIENTED_EDGE('',*,*,#3978,.T.);
#2160=ORIENTED_EDGE('',*,*,#3293,.T.);
#2161=ORIENTED_EDGE('',*,*,#3980,.F.);
#2162=ORIENTED_EDGE('',*,*,#3970,.F.);
#2163=ORIENTED_EDGE('',*,*,#3979,.T.);
#2164=ORIENTED_EDGE('',*,*,#3292,.T.);
#2165=ORIENTED_EDGE('',*,*,#3981,.F.);
#2166=ORIENTED_EDGE('',*,*,#3971,.F.);
#2167=ORIENTED_EDGE('',*,*,#3980,.T.);
#2168=ORIENTED_EDGE('',*,*,#3291,.T.);
#2169=ORIENTED_EDGE('',*,*,#3977,.F.);
#2170=ORIENTED_EDGE('',*,*,#3966,.F.);
#2171=ORIENTED_EDGE('',*,*,#3981,.T.);
#2172=ORIENTED_EDGE('',*,*,#3303,.T.);
#2173=ORIENTED_EDGE('',*,*,#3982,.T.);
#2174=ORIENTED_EDGE('',*,*,#3983,.F.);
#2175=ORIENTED_EDGE('',*,*,#3984,.F.);
#2176=ORIENTED_EDGE('',*,*,#3985,.T.);
#2177=ORIENTED_EDGE('',*,*,#3986,.T.);
#2178=ORIENTED_EDGE('',*,*,#3959,.T.);
#2179=ORIENTED_EDGE('',*,*,#3983,.T.);
#2180=ORIENTED_EDGE('',*,*,#3987,.T.);
#2181=ORIENTED_EDGE('',*,*,#3988,.F.);
#2182=ORIENTED_EDGE('',*,*,#3989,.F.);
#2183=ORIENTED_EDGE('',*,*,#3301,.F.);
#2184=ORIENTED_EDGE('',*,*,#3961,.F.);
#2185=ORIENTED_EDGE('',*,*,#3990,.F.);
#2186=ORIENTED_EDGE('',*,*,#3991,.F.);
#2187=ORIENTED_EDGE('',*,*,#3992,.T.);
#2188=ORIENTED_EDGE('',*,*,#3988,.T.);
#2189=ORIENTED_EDGE('',*,*,#3993,.F.);
#2190=ORIENTED_EDGE('',*,*,#3994,.F.);
#2191=ORIENTED_EDGE('',*,*,#3984,.T.);
#2192=ORIENTED_EDGE('',*,*,#3989,.T.);
#2193=ORIENTED_EDGE('',*,*,#3992,.F.);
#2194=ORIENTED_EDGE('',*,*,#3982,.F.);
#2195=ORIENTED_EDGE('',*,*,#3302,.T.);
#2196=ORIENTED_EDGE('',*,*,#3993,.T.);
#2197=ORIENTED_EDGE('',*,*,#3987,.F.);
#2198=ORIENTED_EDGE('',*,*,#3985,.F.);
#2199=ORIENTED_EDGE('',*,*,#3994,.T.);
#2200=ORIENTED_EDGE('',*,*,#3991,.T.);
#2201=ORIENTED_EDGE('',*,*,#3995,.F.);
#2202=ORIENTED_EDGE('',*,*,#3986,.F.);
#2203=ORIENTED_EDGE('',*,*,#3995,.T.);
#2204=ORIENTED_EDGE('',*,*,#3990,.T.);
#2205=ORIENTED_EDGE('',*,*,#3960,.F.);
#2206=ORIENTED_EDGE('',*,*,#3996,.F.);
#2207=ORIENTED_EDGE('',*,*,#3997,.T.);
#2208=ORIENTED_EDGE('',*,*,#3998,.T.);
#2209=ORIENTED_EDGE('',*,*,#2968,.F.);
#2210=ORIENTED_EDGE('',*,*,#2971,.T.);
#2211=ORIENTED_EDGE('',*,*,#3999,.T.);
#2212=ORIENTED_EDGE('',*,*,#4000,.F.);
#2213=ORIENTED_EDGE('',*,*,#4001,.F.);
#2214=ORIENTED_EDGE('',*,*,#4002,.T.);
#2215=ORIENTED_EDGE('',*,*,#4003,.T.);
#2216=ORIENTED_EDGE('',*,*,#3996,.T.);
#2217=ORIENTED_EDGE('',*,*,#4000,.T.);
#2218=ORIENTED_EDGE('',*,*,#4004,.T.);
#2219=ORIENTED_EDGE('',*,*,#4005,.F.);
#2220=ORIENTED_EDGE('',*,*,#4006,.F.);
#2221=ORIENTED_EDGE('',*,*,#2969,.F.);
#2222=ORIENTED_EDGE('',*,*,#3998,.F.);
#2223=ORIENTED_EDGE('',*,*,#4007,.F.);
#2224=ORIENTED_EDGE('',*,*,#4008,.F.);
#2225=ORIENTED_EDGE('',*,*,#4009,.T.);
#2226=ORIENTED_EDGE('',*,*,#4005,.T.);
#2227=ORIENTED_EDGE('',*,*,#4010,.F.);
#2228=ORIENTED_EDGE('',*,*,#4011,.F.);
#2229=ORIENTED_EDGE('',*,*,#4001,.T.);
#2230=ORIENTED_EDGE('',*,*,#4006,.T.);
#2231=ORIENTED_EDGE('',*,*,#4009,.F.);
#2232=ORIENTED_EDGE('',*,*,#3999,.F.);
#2233=ORIENTED_EDGE('',*,*,#2970,.T.);
#2234=ORIENTED_EDGE('',*,*,#4010,.T.);
#2235=ORIENTED_EDGE('',*,*,#4004,.F.);
#2236=ORIENTED_EDGE('',*,*,#4002,.F.);
#2237=ORIENTED_EDGE('',*,*,#4011,.T.);
#2238=ORIENTED_EDGE('',*,*,#4008,.T.);
#2239=ORIENTED_EDGE('',*,*,#4012,.F.);
#2240=ORIENTED_EDGE('',*,*,#4003,.F.);
#2241=ORIENTED_EDGE('',*,*,#4012,.T.);
#2242=ORIENTED_EDGE('',*,*,#4007,.T.);
#2243=ORIENTED_EDGE('',*,*,#3997,.F.);
#2244=ORIENTED_EDGE('',*,*,#4013,.T.);
#2245=ORIENTED_EDGE('',*,*,#2964,.T.);
#2246=ORIENTED_EDGE('',*,*,#4014,.F.);
#2247=ORIENTED_EDGE('',*,*,#4015,.F.);
#2248=ORIENTED_EDGE('',*,*,#2965,.F.);
#2249=ORIENTED_EDGE('',*,*,#4013,.F.);
#2250=ORIENTED_EDGE('',*,*,#4016,.F.);
#2251=ORIENTED_EDGE('',*,*,#4017,.F.);
#2252=ORIENTED_EDGE('',*,*,#4018,.T.);
#2253=ORIENTED_EDGE('',*,*,#4019,.T.);
#2254=ORIENTED_EDGE('',*,*,#4020,.F.);
#2255=ORIENTED_EDGE('',*,*,#4019,.F.);
#2256=ORIENTED_EDGE('',*,*,#4021,.T.);
#2257=ORIENTED_EDGE('',*,*,#4022,.T.);
#2258=ORIENTED_EDGE('',*,*,#4023,.F.);
#2259=ORIENTED_EDGE('',*,*,#2967,.T.);
#2260=ORIENTED_EDGE('',*,*,#4024,.T.);
#2261=ORIENTED_EDGE('',*,*,#4022,.F.);
#2262=ORIENTED_EDGE('',*,*,#4025,.F.);
#2263=ORIENTED_EDGE('',*,*,#4026,.T.);
#2264=ORIENTED_EDGE('',*,*,#4027,.T.);
#2265=ORIENTED_EDGE('',*,*,#4014,.T.);
#2266=ORIENTED_EDGE('',*,*,#4028,.T.);
#2267=ORIENTED_EDGE('',*,*,#4025,.T.);
#2268=ORIENTED_EDGE('',*,*,#4021,.F.);
#2269=ORIENTED_EDGE('',*,*,#4018,.F.);
#2270=ORIENTED_EDGE('',*,*,#4020,.T.);
#2271=ORIENTED_EDGE('',*,*,#4023,.T.);
#2272=ORIENTED_EDGE('',*,*,#4024,.F.);
#2273=ORIENTED_EDGE('',*,*,#2966,.F.);
#2274=ORIENTED_EDGE('',*,*,#4017,.T.);
#2275=ORIENTED_EDGE('',*,*,#4029,.T.);
#2276=ORIENTED_EDGE('',*,*,#4026,.F.);
#2277=ORIENTED_EDGE('',*,*,#4028,.F.);
#2278=ORIENTED_EDGE('',*,*,#4016,.T.);
#2279=ORIENTED_EDGE('',*,*,#4015,.T.);
#2280=ORIENTED_EDGE('',*,*,#4027,.F.);
#2281=ORIENTED_EDGE('',*,*,#4029,.F.);
#2282=ORIENTED_EDGE('',*,*,#3297,.F.);
#2283=ORIENTED_EDGE('',*,*,#3964,.F.);
#2284=ORIENTED_EDGE('',*,*,#4030,.F.);
#2285=ORIENTED_EDGE('',*,*,#4031,.F.);
#2286=ORIENTED_EDGE('',*,*,#4032,.T.);
#2287=ORIENTED_EDGE('',*,*,#4033,.T.);
#2288=ORIENTED_EDGE('',*,*,#4034,.F.);
#2289=ORIENTED_EDGE('',*,*,#4033,.F.);
#2290=ORIENTED_EDGE('',*,*,#4035,.T.);
#2291=ORIENTED_EDGE('',*,*,#4036,.T.);
#2292=ORIENTED_EDGE('',*,*,#4037,.F.);
#2293=ORIENTED_EDGE('',*,*,#3299,.T.);
#2294=ORIENTED_EDGE('',*,*,#4038,.T.);
#2295=ORIENTED_EDGE('',*,*,#4036,.F.);
#2296=ORIENTED_EDGE('',*,*,#4039,.F.);
#2297=ORIENTED_EDGE('',*,*,#4040,.T.);
#2298=ORIENTED_EDGE('',*,*,#4041,.T.);
#2299=ORIENTED_EDGE('',*,*,#3962,.T.);
#2300=ORIENTED_EDGE('',*,*,#4042,.T.);
#2301=ORIENTED_EDGE('',*,*,#4039,.T.);
#2302=ORIENTED_EDGE('',*,*,#4035,.F.);
#2303=ORIENTED_EDGE('',*,*,#4032,.F.);
#2304=ORIENTED_EDGE('',*,*,#4034,.T.);
#2305=ORIENTED_EDGE('',*,*,#4037,.T.);
#2306=ORIENTED_EDGE('',*,*,#4038,.F.);
#2307=ORIENTED_EDGE('',*,*,#3298,.F.);
#2308=ORIENTED_EDGE('',*,*,#4031,.T.);
#2309=ORIENTED_EDGE('',*,*,#4043,.T.);
#2310=ORIENTED_EDGE('',*,*,#4040,.F.);
#2311=ORIENTED_EDGE('',*,*,#4042,.F.);
#2312=ORIENTED_EDGE('',*,*,#4030,.T.);
#2313=ORIENTED_EDGE('',*,*,#3963,.T.);
#2314=ORIENTED_EDGE('',*,*,#4041,.F.);
#2315=ORIENTED_EDGE('',*,*,#4043,.F.);
#2316=ORIENTED_EDGE('',*,*,#4044,.T.);
#2317=ORIENTED_EDGE('',*,*,#4045,.T.);
#2318=ORIENTED_EDGE('',*,*,#4046,.F.);
#2319=ORIENTED_EDGE('',*,*,#4047,.T.);
#2320=ORIENTED_EDGE('',*,*,#4048,.F.);
#2321=ORIENTED_EDGE('',*,*,#4049,.F.);
#2322=ORIENTED_EDGE('',*,*,#4050,.T.);
#2323=ORIENTED_EDGE('',*,*,#4051,.T.);
#2324=ORIENTED_EDGE('',*,*,#4052,.T.);
#2325=ORIENTED_EDGE('',*,*,#4053,.T.);
#2326=ORIENTED_EDGE('',*,*,#4054,.F.);
#2327=ORIENTED_EDGE('',*,*,#4055,.F.);
#2328=ORIENTED_EDGE('',*,*,#4056,.T.);
#2329=ORIENTED_EDGE('',*,*,#4057,.T.);
#2330=ORIENTED_EDGE('',*,*,#4058,.F.);
#2331=ORIENTED_EDGE('',*,*,#4059,.T.);
#2332=ORIENTED_EDGE('',*,*,#4060,.T.);
#2333=ORIENTED_EDGE('',*,*,#4061,.F.);
#2334=ORIENTED_EDGE('',*,*,#4062,.F.);
#2335=ORIENTED_EDGE('',*,*,#4063,.T.);
#2336=ORIENTED_EDGE('',*,*,#4064,.F.);
#2337=ORIENTED_EDGE('',*,*,#4065,.F.);
#2338=ORIENTED_EDGE('',*,*,#4066,.F.);
#2339=ORIENTED_EDGE('',*,*,#4067,.T.);
#2340=ORIENTED_EDGE('',*,*,#4068,.T.);
#2341=ORIENTED_EDGE('',*,*,#4069,.T.);
#2342=ORIENTED_EDGE('',*,*,#4070,.T.);
#2343=ORIENTED_EDGE('',*,*,#4071,.T.);
#2344=ORIENTED_EDGE('',*,*,#4072,.T.);
#2345=ORIENTED_EDGE('',*,*,#4073,.T.);
#2346=ORIENTED_EDGE('',*,*,#4074,.T.);
#2347=ORIENTED_EDGE('',*,*,#4075,.T.);
#2348=ORIENTED_EDGE('',*,*,#4076,.F.);
#2349=ORIENTED_EDGE('',*,*,#4077,.F.);
#2350=ORIENTED_EDGE('',*,*,#4078,.F.);
#2351=ORIENTED_EDGE('',*,*,#4079,.T.);
#2352=ORIENTED_EDGE('',*,*,#4080,.T.);
#2353=ORIENTED_EDGE('',*,*,#4081,.F.);
#2354=ORIENTED_EDGE('',*,*,#4082,.F.);
#2355=ORIENTED_EDGE('',*,*,#4083,.F.);
#2356=ORIENTED_EDGE('',*,*,#4084,.T.);
#2357=ORIENTED_EDGE('',*,*,#4085,.T.);
#2358=ORIENTED_EDGE('',*,*,#4086,.T.);
#2359=ORIENTED_EDGE('',*,*,#4087,.T.);
#2360=ORIENTED_EDGE('',*,*,#4088,.F.);
#2361=ORIENTED_EDGE('',*,*,#4089,.F.);
#2362=ORIENTED_EDGE('',*,*,#4090,.T.);
#2363=ORIENTED_EDGE('',*,*,#4091,.T.);
#2364=ORIENTED_EDGE('',*,*,#4092,.T.);
#2365=ORIENTED_EDGE('',*,*,#4093,.T.);
#2366=ORIENTED_EDGE('',*,*,#4094,.T.);
#2367=ORIENTED_EDGE('',*,*,#4095,.F.);
#2368=ORIENTED_EDGE('',*,*,#4096,.T.);
#2369=ORIENTED_EDGE('',*,*,#4097,.F.);
#2370=ORIENTED_EDGE('',*,*,#4098,.F.);
#2371=ORIENTED_EDGE('',*,*,#4099,.T.);
#2372=ORIENTED_EDGE('',*,*,#4100,.F.);
#2373=ORIENTED_EDGE('',*,*,#4101,.T.);
#2374=ORIENTED_EDGE('',*,*,#4102,.T.);
#2375=ORIENTED_EDGE('',*,*,#4103,.F.);
#2376=ORIENTED_EDGE('',*,*,#4104,.T.);
#2377=ORIENTED_EDGE('',*,*,#4105,.T.);
#2378=ORIENTED_EDGE('',*,*,#4106,.F.);
#2379=ORIENTED_EDGE('',*,*,#4071,.F.);
#2380=ORIENTED_EDGE('',*,*,#4107,.T.);
#2381=ORIENTED_EDGE('',*,*,#4108,.F.);
#2382=ORIENTED_EDGE('',*,*,#4109,.T.);
#2383=ORIENTED_EDGE('',*,*,#4095,.T.);
#2384=ORIENTED_EDGE('',*,*,#4110,.T.);
#2385=ORIENTED_EDGE('',*,*,#4046,.T.);
#2386=ORIENTED_EDGE('',*,*,#4111,.T.);
#2387=ORIENTED_EDGE('',*,*,#4059,.F.);
#2388=ORIENTED_EDGE('',*,*,#4112,.T.);
#2389=ORIENTED_EDGE('',*,*,#4113,.T.);
#2390=ORIENTED_EDGE('',*,*,#4114,.T.);
#2391=ORIENTED_EDGE('',*,*,#4115,.T.);
#2392=ORIENTED_EDGE('',*,*,#4116,.T.);
#2393=ORIENTED_EDGE('',*,*,#4117,.T.);
#2394=ORIENTED_EDGE('',*,*,#4118,.T.);
#2395=ORIENTED_EDGE('',*,*,#4119,.T.);
#2396=ORIENTED_EDGE('',*,*,#4120,.T.);
#2397=ORIENTED_EDGE('',*,*,#4121,.T.);
#2398=ORIENTED_EDGE('',*,*,#4122,.F.);
#2399=ORIENTED_EDGE('',*,*,#4123,.F.);
#2400=ORIENTED_EDGE('',*,*,#4108,.T.);
#2401=ORIENTED_EDGE('',*,*,#4124,.T.);
#2402=ORIENTED_EDGE('',*,*,#4125,.F.);
#2403=ORIENTED_EDGE('',*,*,#4126,.F.);
#2404=ORIENTED_EDGE('',*,*,#4127,.T.);
#2405=ORIENTED_EDGE('',*,*,#4128,.F.);
#2406=ORIENTED_EDGE('',*,*,#4129,.T.);
#2407=ORIENTED_EDGE('',*,*,#4130,.F.);
#2408=ORIENTED_EDGE('',*,*,#4131,.T.);
#2409=ORIENTED_EDGE('',*,*,#4132,.T.);
#2410=ORIENTED_EDGE('',*,*,#4133,.T.);
#2411=ORIENTED_EDGE('',*,*,#4134,.T.);
#2412=ORIENTED_EDGE('',*,*,#4135,.F.);
#2413=ORIENTED_EDGE('',*,*,#4136,.T.);
#2414=ORIENTED_EDGE('',*,*,#4137,.T.);
#2415=ORIENTED_EDGE('',*,*,#4138,.T.);
#2416=ORIENTED_EDGE('',*,*,#4139,.T.);
#2417=ORIENTED_EDGE('',*,*,#4140,.T.);
#2418=ORIENTED_EDGE('',*,*,#4141,.F.);
#2419=ORIENTED_EDGE('',*,*,#4142,.T.);
#2420=ORIENTED_EDGE('',*,*,#4143,.F.);
#2421=ORIENTED_EDGE('',*,*,#4064,.T.);
#2422=ORIENTED_EDGE('',*,*,#4144,.T.);
#2423=ORIENTED_EDGE('',*,*,#4051,.F.);
#2424=ORIENTED_EDGE('',*,*,#4145,.T.);
#2425=ORIENTED_EDGE('',*,*,#4090,.F.);
#2426=ORIENTED_EDGE('',*,*,#4146,.T.);
#2427=ORIENTED_EDGE('',*,*,#4130,.T.);
#2428=ORIENTED_EDGE('',*,*,#4147,.T.);
#2429=ORIENTED_EDGE('',*,*,#4148,.T.);
#2430=ORIENTED_EDGE('',*,*,#4149,.T.);
#2431=ORIENTED_EDGE('',*,*,#4150,.F.);
#2432=ORIENTED_EDGE('',*,*,#4151,.T.);
#2433=ORIENTED_EDGE('',*,*,#4152,.T.);
#2434=ORIENTED_EDGE('',*,*,#4153,.F.);
#2435=ORIENTED_EDGE('',*,*,#4154,.T.);
#2436=ORIENTED_EDGE('',*,*,#4155,.T.);
#2437=ORIENTED_EDGE('',*,*,#4156,.F.);
#2438=ORIENTED_EDGE('',*,*,#4157,.T.);
#2439=ORIENTED_EDGE('',*,*,#4158,.T.);
#2440=ORIENTED_EDGE('',*,*,#4159,.F.);
#2441=ORIENTED_EDGE('',*,*,#4160,.F.);
#2442=ORIENTED_EDGE('',*,*,#4161,.T.);
#2443=ORIENTED_EDGE('',*,*,#4162,.T.);
#2444=ORIENTED_EDGE('',*,*,#4163,.F.);
#2445=ORIENTED_EDGE('',*,*,#4164,.F.);
#2446=ORIENTED_EDGE('',*,*,#4165,.T.);
#2447=ORIENTED_EDGE('',*,*,#4166,.T.);
#2448=ORIENTED_EDGE('',*,*,#4167,.F.);
#2449=ORIENTED_EDGE('',*,*,#4168,.F.);
#2450=ORIENTED_EDGE('',*,*,#4169,.F.);
#2451=ORIENTED_EDGE('',*,*,#4170,.T.);
#2452=ORIENTED_EDGE('',*,*,#4171,.T.);
#2453=ORIENTED_EDGE('',*,*,#4172,.T.);
#2454=ORIENTED_EDGE('',*,*,#4173,.T.);
#2455=ORIENTED_EDGE('',*,*,#4174,.F.);
#2456=ORIENTED_EDGE('',*,*,#4175,.T.);
#2457=ORIENTED_EDGE('',*,*,#4176,.T.);
#2458=ORIENTED_EDGE('',*,*,#4177,.T.);
#2459=ORIENTED_EDGE('',*,*,#4178,.T.);
#2460=ORIENTED_EDGE('',*,*,#4179,.T.);
#2461=ORIENTED_EDGE('',*,*,#4180,.F.);
#2462=ORIENTED_EDGE('',*,*,#4181,.T.);
#2463=ORIENTED_EDGE('',*,*,#4182,.T.);
#2464=ORIENTED_EDGE('',*,*,#4183,.T.);
#2465=ORIENTED_EDGE('',*,*,#4184,.T.);
#2466=ORIENTED_EDGE('',*,*,#4185,.T.);
#2467=ORIENTED_EDGE('',*,*,#4186,.T.);
#2468=ORIENTED_EDGE('',*,*,#4187,.F.);
#2469=ORIENTED_EDGE('',*,*,#4188,.T.);
#2470=ORIENTED_EDGE('',*,*,#4189,.T.);
#2471=ORIENTED_EDGE('',*,*,#4190,.T.);
#2472=ORIENTED_EDGE('',*,*,#4191,.T.);
#2473=ORIENTED_EDGE('',*,*,#4192,.T.);
#2474=ORIENTED_EDGE('',*,*,#4193,.T.);
#2475=ORIENTED_EDGE('',*,*,#4194,.T.);
#2476=ORIENTED_EDGE('',*,*,#4195,.F.);
#2477=ORIENTED_EDGE('',*,*,#4196,.T.);
#2478=ORIENTED_EDGE('',*,*,#4197,.T.);
#2479=ORIENTED_EDGE('',*,*,#4198,.T.);
#2480=ORIENTED_EDGE('',*,*,#4199,.T.);
#2481=ORIENTED_EDGE('',*,*,#4200,.T.);
#2482=ORIENTED_EDGE('',*,*,#4201,.T.);
#2483=ORIENTED_EDGE('',*,*,#4202,.T.);
#2484=ORIENTED_EDGE('',*,*,#4203,.T.);
#2485=ORIENTED_EDGE('',*,*,#4204,.T.);
#2486=ORIENTED_EDGE('',*,*,#4205,.T.);
#2487=ORIENTED_EDGE('',*,*,#4206,.T.);
#2488=ORIENTED_EDGE('',*,*,#4207,.T.);
#2489=ORIENTED_EDGE('',*,*,#4208,.T.);
#2490=ORIENTED_EDGE('',*,*,#4209,.T.);
#2491=ORIENTED_EDGE('',*,*,#4210,.T.);
#2492=ORIENTED_EDGE('',*,*,#4211,.T.);
#2493=ORIENTED_EDGE('',*,*,#4212,.T.);
#2494=ORIENTED_EDGE('',*,*,#4213,.F.);
#2495=ORIENTED_EDGE('',*,*,#4169,.T.);
#2496=ORIENTED_EDGE('',*,*,#4214,.T.);
#2497=ORIENTED_EDGE('',*,*,#4213,.T.);
#2498=ORIENTED_EDGE('',*,*,#4212,.F.);
#2499=ORIENTED_EDGE('',*,*,#4165,.F.);
#2500=ORIENTED_EDGE('',*,*,#4215,.F.);
#2501=ORIENTED_EDGE('',*,*,#4216,.T.);
#2502=ORIENTED_EDGE('',*,*,#4217,.T.);
#2503=ORIENTED_EDGE('',*,*,#4168,.T.);
#2504=ORIENTED_EDGE('',*,*,#4218,.F.);
#2505=ORIENTED_EDGE('',*,*,#4219,.F.);
#2506=ORIENTED_EDGE('',*,*,#4215,.T.);
#2507=ORIENTED_EDGE('',*,*,#4167,.T.);
#2508=ORIENTED_EDGE('',*,*,#4220,.F.);
#2509=ORIENTED_EDGE('',*,*,#4221,.F.);
#2510=ORIENTED_EDGE('',*,*,#4218,.T.);
#2511=ORIENTED_EDGE('',*,*,#4166,.F.);
#2512=ORIENTED_EDGE('',*,*,#4217,.F.);
#2513=ORIENTED_EDGE('',*,*,#4222,.T.);
#2514=ORIENTED_EDGE('',*,*,#4220,.T.);
#2515=ORIENTED_EDGE('',*,*,#4216,.F.);
#2516=ORIENTED_EDGE('',*,*,#4219,.T.);
#2517=ORIENTED_EDGE('',*,*,#4221,.T.);
#2518=ORIENTED_EDGE('',*,*,#4222,.F.);
#2519=ORIENTED_EDGE('',*,*,#4161,.F.);
#2520=ORIENTED_EDGE('',*,*,#4223,.F.);
#2521=ORIENTED_EDGE('',*,*,#4224,.T.);
#2522=ORIENTED_EDGE('',*,*,#4225,.T.);
#2523=ORIENTED_EDGE('',*,*,#4164,.T.);
#2524=ORIENTED_EDGE('',*,*,#4226,.F.);
#2525=ORIENTED_EDGE('',*,*,#4227,.F.);
#2526=ORIENTED_EDGE('',*,*,#4223,.T.);
#2527=ORIENTED_EDGE('',*,*,#4163,.T.);
#2528=ORIENTED_EDGE('',*,*,#4228,.F.);
#2529=ORIENTED_EDGE('',*,*,#4229,.F.);
#2530=ORIENTED_EDGE('',*,*,#4226,.T.);
#2531=ORIENTED_EDGE('',*,*,#4162,.F.);
#2532=ORIENTED_EDGE('',*,*,#4225,.F.);
#2533=ORIENTED_EDGE('',*,*,#4230,.T.);
#2534=ORIENTED_EDGE('',*,*,#4228,.T.);
#2535=ORIENTED_EDGE('',*,*,#4224,.F.);
#2536=ORIENTED_EDGE('',*,*,#4227,.T.);
#2537=ORIENTED_EDGE('',*,*,#4229,.T.);
#2538=ORIENTED_EDGE('',*,*,#4230,.F.);
#2539=ORIENTED_EDGE('',*,*,#4157,.F.);
#2540=ORIENTED_EDGE('',*,*,#4231,.F.);
#2541=ORIENTED_EDGE('',*,*,#4232,.T.);
#2542=ORIENTED_EDGE('',*,*,#4233,.T.);
#2543=ORIENTED_EDGE('',*,*,#4160,.T.);
#2544=ORIENTED_EDGE('',*,*,#4234,.F.);
#2545=ORIENTED_EDGE('',*,*,#4235,.F.);
#2546=ORIENTED_EDGE('',*,*,#4231,.T.);
#2547=ORIENTED_EDGE('',*,*,#4159,.T.);
#2548=ORIENTED_EDGE('',*,*,#4236,.F.);
#2549=ORIENTED_EDGE('',*,*,#4237,.F.);
#2550=ORIENTED_EDGE('',*,*,#4234,.T.);
#2551=ORIENTED_EDGE('',*,*,#4158,.F.);
#2552=ORIENTED_EDGE('',*,*,#4233,.F.);
#2553=ORIENTED_EDGE('',*,*,#4238,.T.);
#2554=ORIENTED_EDGE('',*,*,#4236,.T.);
#2555=ORIENTED_EDGE('',*,*,#4232,.F.);
#2556=ORIENTED_EDGE('',*,*,#4235,.T.);
#2557=ORIENTED_EDGE('',*,*,#4237,.T.);
#2558=ORIENTED_EDGE('',*,*,#4238,.F.);
#2559=ORIENTED_EDGE('',*,*,#4148,.F.);
#2560=ORIENTED_EDGE('',*,*,#4239,.F.);
#2561=ORIENTED_EDGE('',*,*,#4240,.F.);
#2562=ORIENTED_EDGE('',*,*,#4241,.T.);
#2563=ORIENTED_EDGE('',*,*,#4242,.T.);
#2564=ORIENTED_EDGE('',*,*,#4240,.T.);
#2565=ORIENTED_EDGE('',*,*,#4243,.T.);
#2566=ORIENTED_EDGE('',*,*,#4244,.F.);
#2567=ORIENTED_EDGE('',*,*,#4245,.F.);
#2568=ORIENTED_EDGE('',*,*,#4150,.T.);
#2569=ORIENTED_EDGE('',*,*,#4246,.F.);
#2570=ORIENTED_EDGE('',*,*,#4247,.F.);
#2571=ORIENTED_EDGE('',*,*,#4244,.T.);
#2572=ORIENTED_EDGE('',*,*,#4248,.T.);
#2573=ORIENTED_EDGE('',*,*,#4149,.F.);
#2574=ORIENTED_EDGE('',*,*,#4242,.F.);
#2575=ORIENTED_EDGE('',*,*,#4249,.T.);
#2576=ORIENTED_EDGE('',*,*,#4246,.T.);
#2577=ORIENTED_EDGE('',*,*,#4241,.F.);
#2578=ORIENTED_EDGE('',*,*,#4245,.T.);
#2579=ORIENTED_EDGE('',*,*,#4247,.T.);
#2580=ORIENTED_EDGE('',*,*,#4249,.F.);
#2581=ORIENTED_EDGE('',*,*,#4248,.F.);
#2582=ORIENTED_EDGE('',*,*,#4250,.T.);
#2583=ORIENTED_EDGE('',*,*,#4251,.T.);
#2584=ORIENTED_EDGE('',*,*,#4151,.F.);
#2585=ORIENTED_EDGE('',*,*,#4252,.T.);
#2586=ORIENTED_EDGE('',*,*,#4239,.T.);
#2587=ORIENTED_EDGE('',*,*,#4147,.F.);
#2588=ORIENTED_EDGE('',*,*,#4129,.F.);
#2589=ORIENTED_EDGE('',*,*,#4253,.F.);
#2590=ORIENTED_EDGE('',*,*,#4254,.T.);
#2591=ORIENTED_EDGE('',*,*,#4153,.T.);
#2592=ORIENTED_EDGE('',*,*,#4255,.F.);
#2593=ORIENTED_EDGE('',*,*,#4256,.F.);
#2594=ORIENTED_EDGE('',*,*,#4257,.T.);
#2595=ORIENTED_EDGE('',*,*,#4152,.F.);
#2596=ORIENTED_EDGE('',*,*,#4251,.F.);
#2597=ORIENTED_EDGE('',*,*,#4258,.T.);
#2598=ORIENTED_EDGE('',*,*,#4255,.T.);
#2599=ORIENTED_EDGE('',*,*,#4252,.F.);
#2600=ORIENTED_EDGE('',*,*,#4259,.T.);
#2601=ORIENTED_EDGE('',*,*,#4256,.T.);
#2602=ORIENTED_EDGE('',*,*,#4258,.F.);
#2603=ORIENTED_EDGE('',*,*,#4250,.F.);
#2604=ORIENTED_EDGE('',*,*,#4243,.F.);
#2605=ORIENTED_EDGE('',*,*,#4260,.F.);
#2606=ORIENTED_EDGE('',*,*,#4261,.T.);
#2607=ORIENTED_EDGE('',*,*,#4262,.T.);
#2608=ORIENTED_EDGE('',*,*,#4155,.F.);
#2609=ORIENTED_EDGE('',*,*,#4156,.T.);
#2610=ORIENTED_EDGE('',*,*,#4262,.F.);
#2611=ORIENTED_EDGE('',*,*,#4263,.F.);
#2612=ORIENTED_EDGE('',*,*,#4065,.T.);
#2613=ORIENTED_EDGE('',*,*,#4264,.F.);
#2614=ORIENTED_EDGE('',*,*,#4265,.T.);
#2615=ORIENTED_EDGE('',*,*,#4066,.T.);
#2616=ORIENTED_EDGE('',*,*,#4263,.T.);
#2617=ORIENTED_EDGE('',*,*,#4261,.F.);
#2618=ORIENTED_EDGE('',*,*,#4266,.T.);
#2619=ORIENTED_EDGE('',*,*,#4264,.T.);
#2620=ORIENTED_EDGE('',*,*,#4267,.F.);
#2621=ORIENTED_EDGE('',*,*,#4268,.F.);
#2622=ORIENTED_EDGE('',*,*,#4257,.F.);
#2623=ORIENTED_EDGE('',*,*,#4259,.F.);
#2624=ORIENTED_EDGE('',*,*,#4254,.F.);
#2625=ORIENTED_EDGE('',*,*,#4269,.T.);
#2626=ORIENTED_EDGE('',*,*,#4267,.T.);
#2627=ORIENTED_EDGE('',*,*,#4260,.T.);
#2628=ORIENTED_EDGE('',*,*,#4154,.F.);
#2629=ORIENTED_EDGE('',*,*,#4253,.T.);
#2630=ORIENTED_EDGE('',*,*,#4128,.T.);
#2631=ORIENTED_EDGE('',*,*,#4268,.T.);
#2632=ORIENTED_EDGE('',*,*,#4269,.F.);
#2633=ORIENTED_EDGE('',*,*,#4182,.F.);
#2634=ORIENTED_EDGE('',*,*,#4143,.T.);
#2635=ORIENTED_EDGE('',*,*,#4176,.F.);
#2636=ORIENTED_EDGE('',*,*,#4270,.T.);
#2637=ORIENTED_EDGE('',*,*,#4135,.T.);
#2638=ORIENTED_EDGE('',*,*,#4271,.T.);
#2639=ORIENTED_EDGE('',*,*,#4178,.F.);
#2640=ORIENTED_EDGE('',*,*,#4272,.T.);
#2641=ORIENTED_EDGE('',*,*,#4141,.T.);
#2642=ORIENTED_EDGE('',*,*,#4273,.T.);
#2643=ORIENTED_EDGE('',*,*,#4139,.F.);
#2644=ORIENTED_EDGE('',*,*,#4274,.T.);
#2645=ORIENTED_EDGE('',*,*,#4180,.T.);
#2646=ORIENTED_EDGE('',*,*,#4275,.T.);
#2647=ORIENTED_EDGE('',*,*,#4174,.T.);
#2648=ORIENTED_EDGE('',*,*,#4276,.T.);
#2649=ORIENTED_EDGE('',*,*,#4137,.F.);
#2650=ORIENTED_EDGE('',*,*,#4277,.T.);
#2651=ORIENTED_EDGE('',*,*,#4197,.F.);
#2652=ORIENTED_EDGE('',*,*,#4077,.T.);
#2653=ORIENTED_EDGE('',*,*,#4198,.F.);
#2654=ORIENTED_EDGE('',*,*,#4054,.T.);
#2655=ORIENTED_EDGE('',*,*,#4132,.F.);
#2656=ORIENTED_EDGE('',*,*,#4278,.T.);
#2657=ORIENTED_EDGE('',*,*,#4098,.T.);
#2658=ORIENTED_EDGE('',*,*,#4279,.F.);
#2659=ORIENTED_EDGE('',*,*,#4097,.T.);
#2660=ORIENTED_EDGE('',*,*,#4280,.T.);
#2661=ORIENTED_EDGE('',*,*,#4133,.F.);
#2662=ORIENTED_EDGE('',*,*,#4279,.T.);
#2663=ORIENTED_EDGE('',*,*,#4092,.F.);
#2664=ORIENTED_EDGE('',*,*,#4281,.T.);
#2665=ORIENTED_EDGE('',*,*,#4049,.T.);
#2666=ORIENTED_EDGE('',*,*,#4282,.T.);
#2667=ORIENTED_EDGE('',*,*,#4048,.T.);
#2668=ORIENTED_EDGE('',*,*,#4283,.T.);
#2669=ORIENTED_EDGE('',*,*,#4093,.F.);
#2670=ORIENTED_EDGE('',*,*,#4282,.F.);
#2671=ORIENTED_EDGE('',*,*,#4053,.F.);
#2672=ORIENTED_EDGE('',*,*,#4284,.T.);
#2673=ORIENTED_EDGE('',*,*,#4062,.T.);
#2674=ORIENTED_EDGE('',*,*,#4285,.F.);
#2675=ORIENTED_EDGE('',*,*,#4061,.T.);
#2676=ORIENTED_EDGE('',*,*,#4286,.T.);
#2677=ORIENTED_EDGE('',*,*,#4044,.F.);
#2678=ORIENTED_EDGE('',*,*,#4285,.T.);
#2679=ORIENTED_EDGE('',*,*,#4068,.F.);
#2680=ORIENTED_EDGE('',*,*,#4287,.T.);
#2681=ORIENTED_EDGE('',*,*,#4126,.T.);
#2682=ORIENTED_EDGE('',*,*,#4288,.T.);
#2683=ORIENTED_EDGE('',*,*,#4125,.T.);
#2684=ORIENTED_EDGE('',*,*,#4289,.T.);
#2685=ORIENTED_EDGE('',*,*,#4069,.F.);
#2686=ORIENTED_EDGE('',*,*,#4288,.F.);
#2687=ORIENTED_EDGE('',*,*,#4106,.T.);
#2688=ORIENTED_EDGE('',*,*,#4290,.T.);
#2689=ORIENTED_EDGE('',*,*,#4187,.T.);
#2690=ORIENTED_EDGE('',*,*,#4291,.T.);
#2691=ORIENTED_EDGE('',*,*,#4072,.F.);
#2692=ORIENTED_EDGE('',*,*,#4195,.T.);
#2693=ORIENTED_EDGE('',*,*,#4292,.T.);
#2694=ORIENTED_EDGE('',*,*,#4074,.F.);
#2695=ORIENTED_EDGE('',*,*,#4293,.T.);
#2696=ORIENTED_EDGE('',*,*,#4193,.F.);
#2697=ORIENTED_EDGE('',*,*,#4294,.T.);
#2698=ORIENTED_EDGE('',*,*,#4112,.F.);
#2699=ORIENTED_EDGE('',*,*,#4076,.T.);
#2700=ORIENTED_EDGE('',*,*,#4295,.T.);
#2701=ORIENTED_EDGE('',*,*,#4111,.F.);
#2702=ORIENTED_EDGE('',*,*,#4045,.F.);
#2703=ORIENTED_EDGE('',*,*,#4286,.F.);
#2704=ORIENTED_EDGE('',*,*,#4060,.F.);
#2705=ORIENTED_EDGE('',*,*,#4284,.F.);
#2706=ORIENTED_EDGE('',*,*,#4052,.F.);
#2707=ORIENTED_EDGE('',*,*,#4144,.F.);
#2708=ORIENTED_EDGE('',*,*,#4063,.F.);
#2709=ORIENTED_EDGE('',*,*,#4107,.F.);
#2710=ORIENTED_EDGE('',*,*,#4070,.F.);
#2711=ORIENTED_EDGE('',*,*,#4289,.F.);
#2712=ORIENTED_EDGE('',*,*,#4124,.F.);
#2713=ORIENTED_EDGE('',*,*,#4287,.F.);
#2714=ORIENTED_EDGE('',*,*,#4067,.F.);
#2715=ORIENTED_EDGE('',*,*,#4265,.F.);
#2716=ORIENTED_EDGE('',*,*,#4266,.F.);
#2717=ORIENTED_EDGE('',*,*,#4127,.F.);
#2718=ORIENTED_EDGE('',*,*,#4281,.F.);
#2719=ORIENTED_EDGE('',*,*,#4091,.F.);
#2720=ORIENTED_EDGE('',*,*,#4145,.F.);
#2721=ORIENTED_EDGE('',*,*,#4050,.F.);
#2722=ORIENTED_EDGE('',*,*,#4110,.F.);
#2723=ORIENTED_EDGE('',*,*,#4094,.F.);
#2724=ORIENTED_EDGE('',*,*,#4283,.F.);
#2725=ORIENTED_EDGE('',*,*,#4047,.F.);
#2726=ORIENTED_EDGE('',*,*,#4109,.F.);
#2727=ORIENTED_EDGE('',*,*,#4134,.F.);
#2728=ORIENTED_EDGE('',*,*,#4280,.F.);
#2729=ORIENTED_EDGE('',*,*,#4096,.F.);
#2730=ORIENTED_EDGE('',*,*,#4278,.F.);
#2731=ORIENTED_EDGE('',*,*,#4131,.F.);
#2732=ORIENTED_EDGE('',*,*,#4146,.F.);
#2733=ORIENTED_EDGE('',*,*,#4099,.F.);
#2734=ORIENTED_EDGE('',*,*,#4189,.F.);
#2735=ORIENTED_EDGE('',*,*,#4296,.T.);
#2736=ORIENTED_EDGE('',*,*,#4183,.F.);
#2737=ORIENTED_EDGE('',*,*,#4297,.T.);
#2738=ORIENTED_EDGE('',*,*,#4185,.F.);
#2739=ORIENTED_EDGE('',*,*,#4298,.T.);
#2740=ORIENTED_EDGE('',*,*,#4170,.F.);
#2741=ORIENTED_EDGE('',*,*,#4299,.T.);
#2742=ORIENTED_EDGE('',*,*,#4172,.F.);
#2743=ORIENTED_EDGE('',*,*,#4300,.T.);
#2744=ORIENTED_EDGE('',*,*,#4199,.F.);
#2745=ORIENTED_EDGE('',*,*,#4301,.T.);
#2746=ORIENTED_EDGE('',*,*,#4201,.F.);
#2747=ORIENTED_EDGE('',*,*,#4302,.T.);
#2748=ORIENTED_EDGE('',*,*,#4191,.F.);
#2749=ORIENTED_EDGE('',*,*,#4303,.T.);
#2750=ORIENTED_EDGE('',*,*,#4181,.F.);
#2751=ORIENTED_EDGE('',*,*,#4274,.F.);
#2752=ORIENTED_EDGE('',*,*,#4138,.F.);
#2753=ORIENTED_EDGE('',*,*,#4276,.F.);
#2754=ORIENTED_EDGE('',*,*,#4175,.F.);
#2755=ORIENTED_EDGE('',*,*,#4277,.F.);
#2756=ORIENTED_EDGE('',*,*,#4136,.F.);
#2757=ORIENTED_EDGE('',*,*,#4270,.F.);
#2758=ORIENTED_EDGE('',*,*,#4177,.F.);
#2759=ORIENTED_EDGE('',*,*,#4271,.F.);
#2760=ORIENTED_EDGE('',*,*,#4142,.F.);
#2761=ORIENTED_EDGE('',*,*,#4272,.F.);
#2762=ORIENTED_EDGE('',*,*,#4179,.F.);
#2763=ORIENTED_EDGE('',*,*,#4273,.F.);
#2764=ORIENTED_EDGE('',*,*,#4140,.F.);
#2765=ORIENTED_EDGE('',*,*,#4275,.F.);
#2766=ORIENTED_EDGE('',*,*,#4075,.F.);
#2767=ORIENTED_EDGE('',*,*,#4292,.F.);
#2768=ORIENTED_EDGE('',*,*,#4194,.F.);
#2769=ORIENTED_EDGE('',*,*,#4295,.F.);
#2770=ORIENTED_EDGE('',*,*,#4073,.F.);
#2771=ORIENTED_EDGE('',*,*,#4291,.F.);
#2772=ORIENTED_EDGE('',*,*,#4196,.F.);
#2773=ORIENTED_EDGE('',*,*,#4293,.F.);
#2774=ORIENTED_EDGE('',*,*,#4294,.F.);
#2775=ORIENTED_EDGE('',*,*,#4192,.F.);
#2776=ORIENTED_EDGE('',*,*,#4304,.F.);
#2777=ORIENTED_EDGE('',*,*,#4113,.F.);
#2778=ORIENTED_EDGE('',*,*,#4304,.T.);
#2779=ORIENTED_EDGE('',*,*,#4302,.F.);
#2780=ORIENTED_EDGE('',*,*,#4305,.F.);
#2781=ORIENTED_EDGE('',*,*,#4114,.F.);
#2782=ORIENTED_EDGE('',*,*,#4305,.T.);
#2783=ORIENTED_EDGE('',*,*,#4200,.F.);
#2784=ORIENTED_EDGE('',*,*,#4306,.F.);
#2785=ORIENTED_EDGE('',*,*,#4115,.F.);
#2786=ORIENTED_EDGE('',*,*,#4306,.T.);
#2787=ORIENTED_EDGE('',*,*,#4300,.F.);
#2788=ORIENTED_EDGE('',*,*,#4307,.F.);
#2789=ORIENTED_EDGE('',*,*,#4116,.F.);
#2790=ORIENTED_EDGE('',*,*,#4307,.T.);
#2791=ORIENTED_EDGE('',*,*,#4171,.F.);
#2792=ORIENTED_EDGE('',*,*,#4308,.F.);
#2793=ORIENTED_EDGE('',*,*,#4117,.F.);
#2794=ORIENTED_EDGE('',*,*,#4308,.T.);
#2795=ORIENTED_EDGE('',*,*,#4298,.F.);
#2796=ORIENTED_EDGE('',*,*,#4309,.F.);
#2797=ORIENTED_EDGE('',*,*,#4118,.F.);
#2798=ORIENTED_EDGE('',*,*,#4309,.T.);
#2799=ORIENTED_EDGE('',*,*,#4184,.F.);
#2800=ORIENTED_EDGE('',*,*,#4310,.F.);
#2801=ORIENTED_EDGE('',*,*,#4119,.F.);
#2802=ORIENTED_EDGE('',*,*,#4310,.T.);
#2803=ORIENTED_EDGE('',*,*,#4296,.F.);
#2804=ORIENTED_EDGE('',*,*,#4311,.F.);
#2805=ORIENTED_EDGE('',*,*,#4104,.F.);
#2806=ORIENTED_EDGE('',*,*,#4311,.T.);
#2807=ORIENTED_EDGE('',*,*,#4188,.F.);
#2808=ORIENTED_EDGE('',*,*,#4290,.F.);
#2809=ORIENTED_EDGE('',*,*,#4105,.F.);
#2810=ORIENTED_EDGE('',*,*,#4312,.F.);
#2811=ORIENTED_EDGE('',*,*,#4186,.F.);
#2812=ORIENTED_EDGE('',*,*,#4313,.F.);
#2813=ORIENTED_EDGE('',*,*,#4208,.F.);
#2814=ORIENTED_EDGE('',*,*,#4313,.T.);
#2815=ORIENTED_EDGE('',*,*,#4299,.F.);
#2816=ORIENTED_EDGE('',*,*,#4314,.F.);
#2817=ORIENTED_EDGE('',*,*,#4209,.F.);
#2818=ORIENTED_EDGE('',*,*,#4312,.T.);
#2819=ORIENTED_EDGE('',*,*,#4207,.F.);
#2820=ORIENTED_EDGE('',*,*,#4315,.F.);
#2821=ORIENTED_EDGE('',*,*,#4297,.F.);
#2822=ORIENTED_EDGE('',*,*,#4314,.T.);
#2823=ORIENTED_EDGE('',*,*,#4173,.F.);
#2824=ORIENTED_EDGE('',*,*,#4316,.F.);
#2825=ORIENTED_EDGE('',*,*,#4210,.F.);
#2826=ORIENTED_EDGE('',*,*,#4315,.T.);
#2827=ORIENTED_EDGE('',*,*,#4206,.F.);
#2828=ORIENTED_EDGE('',*,*,#4317,.F.);
#2829=ORIENTED_EDGE('',*,*,#4190,.F.);
#2830=ORIENTED_EDGE('',*,*,#4316,.T.);
#2831=ORIENTED_EDGE('',*,*,#4301,.F.);
#2832=ORIENTED_EDGE('',*,*,#4318,.F.);
#2833=ORIENTED_EDGE('',*,*,#4203,.F.);
#2834=ORIENTED_EDGE('',*,*,#4317,.T.);
#2835=ORIENTED_EDGE('',*,*,#4205,.F.);
#2836=ORIENTED_EDGE('',*,*,#4319,.F.);
#2837=ORIENTED_EDGE('',*,*,#4303,.F.);
#2838=ORIENTED_EDGE('',*,*,#4318,.T.);
#2839=ORIENTED_EDGE('',*,*,#4202,.F.);
#2840=ORIENTED_EDGE('',*,*,#4319,.T.);
#2841=ORIENTED_EDGE('',*,*,#4204,.F.);
#2842=ORIENTED_EDGE('',*,*,#4214,.F.);
#2843=ORIENTED_EDGE('',*,*,#4211,.F.);
#2844=ORIENTED_EDGE('',*,*,#4086,.F.);
#2845=ORIENTED_EDGE('',*,*,#4320,.F.);
#2846=ORIENTED_EDGE('',*,*,#4321,.T.);
#2847=ORIENTED_EDGE('',*,*,#4322,.T.);
#2848=ORIENTED_EDGE('',*,*,#4089,.T.);
#2849=ORIENTED_EDGE('',*,*,#4323,.F.);
#2850=ORIENTED_EDGE('',*,*,#4324,.F.);
#2851=ORIENTED_EDGE('',*,*,#4320,.T.);
#2852=ORIENTED_EDGE('',*,*,#4088,.T.);
#2853=ORIENTED_EDGE('',*,*,#4325,.F.);
#2854=ORIENTED_EDGE('',*,*,#4326,.F.);
#2855=ORIENTED_EDGE('',*,*,#4323,.T.);
#2856=ORIENTED_EDGE('',*,*,#4087,.F.);
#2857=ORIENTED_EDGE('',*,*,#4322,.F.);
#2858=ORIENTED_EDGE('',*,*,#4327,.T.);
#2859=ORIENTED_EDGE('',*,*,#4325,.T.);
#2860=ORIENTED_EDGE('',*,*,#4321,.F.);
#2861=ORIENTED_EDGE('',*,*,#4324,.T.);
#2862=ORIENTED_EDGE('',*,*,#4326,.T.);
#2863=ORIENTED_EDGE('',*,*,#4327,.F.);
#2864=ORIENTED_EDGE('',*,*,#4100,.T.);
#2865=ORIENTED_EDGE('',*,*,#4328,.F.);
#2866=ORIENTED_EDGE('',*,*,#4329,.F.);
#2867=ORIENTED_EDGE('',*,*,#4330,.T.);
#2868=ORIENTED_EDGE('',*,*,#4101,.F.);
#2869=ORIENTED_EDGE('',*,*,#4330,.F.);
#2870=ORIENTED_EDGE('',*,*,#4331,.T.);
#2871=ORIENTED_EDGE('',*,*,#4332,.T.);
#2872=ORIENTED_EDGE('',*,*,#4102,.F.);
#2873=ORIENTED_EDGE('',*,*,#4332,.F.);
#2874=ORIENTED_EDGE('',*,*,#4333,.T.);
#2875=ORIENTED_EDGE('',*,*,#4334,.T.);
#2876=ORIENTED_EDGE('',*,*,#4103,.T.);
#2877=ORIENTED_EDGE('',*,*,#4334,.F.);
#2878=ORIENTED_EDGE('',*,*,#4335,.F.);
#2879=ORIENTED_EDGE('',*,*,#4328,.T.);
#2880=ORIENTED_EDGE('',*,*,#4329,.T.);
#2881=ORIENTED_EDGE('',*,*,#4335,.T.);
#2882=ORIENTED_EDGE('',*,*,#4333,.F.);
#2883=ORIENTED_EDGE('',*,*,#4331,.F.);
#2884=ORIENTED_EDGE('',*,*,#4079,.F.);
#2885=ORIENTED_EDGE('',*,*,#4336,.F.);
#2886=ORIENTED_EDGE('',*,*,#4337,.T.);
#2887=ORIENTED_EDGE('',*,*,#4338,.T.);
#2888=ORIENTED_EDGE('',*,*,#4078,.T.);
#2889=ORIENTED_EDGE('',*,*,#4339,.F.);
#2890=ORIENTED_EDGE('',*,*,#4340,.F.);
#2891=ORIENTED_EDGE('',*,*,#4336,.T.);
#2892=ORIENTED_EDGE('',*,*,#4081,.T.);
#2893=ORIENTED_EDGE('',*,*,#4341,.F.);
#2894=ORIENTED_EDGE('',*,*,#4342,.F.);
#2895=ORIENTED_EDGE('',*,*,#4339,.T.);
#2896=ORIENTED_EDGE('',*,*,#4080,.F.);
#2897=ORIENTED_EDGE('',*,*,#4338,.F.);
#2898=ORIENTED_EDGE('',*,*,#4343,.T.);
#2899=ORIENTED_EDGE('',*,*,#4341,.T.);
#2900=ORIENTED_EDGE('',*,*,#4337,.F.);
#2901=ORIENTED_EDGE('',*,*,#4340,.T.);
#2902=ORIENTED_EDGE('',*,*,#4342,.T.);
#2903=ORIENTED_EDGE('',*,*,#4343,.F.);
#2904=ORIENTED_EDGE('',*,*,#4083,.T.);
#2905=ORIENTED_EDGE('',*,*,#4344,.F.);
#2906=ORIENTED_EDGE('',*,*,#4345,.F.);
#2907=ORIENTED_EDGE('',*,*,#4346,.T.);
#2908=ORIENTED_EDGE('',*,*,#4084,.F.);
#2909=ORIENTED_EDGE('',*,*,#4346,.F.);
#2910=ORIENTED_EDGE('',*,*,#4347,.T.);
#2911=ORIENTED_EDGE('',*,*,#4348,.T.);
#2912=ORIENTED_EDGE('',*,*,#4085,.F.);
#2913=ORIENTED_EDGE('',*,*,#4348,.F.);
#2914=ORIENTED_EDGE('',*,*,#4349,.T.);
#2915=ORIENTED_EDGE('',*,*,#4350,.T.);
#2916=ORIENTED_EDGE('',*,*,#4082,.T.);
#2917=ORIENTED_EDGE('',*,*,#4350,.F.);
#2918=ORIENTED_EDGE('',*,*,#4351,.F.);
#2919=ORIENTED_EDGE('',*,*,#4344,.T.);
#2920=ORIENTED_EDGE('',*,*,#4345,.T.);
#2921=ORIENTED_EDGE('',*,*,#4351,.T.);
#2922=ORIENTED_EDGE('',*,*,#4349,.F.);
#2923=ORIENTED_EDGE('',*,*,#4347,.F.);
#2924=ORIENTED_EDGE('',*,*,#4352,.T.);
#2925=ORIENTED_EDGE('',*,*,#4353,.T.);
#2926=ORIENTED_EDGE('',*,*,#4354,.F.);
#2927=ORIENTED_EDGE('',*,*,#4121,.F.);
#2928=ORIENTED_EDGE('',*,*,#4355,.F.);
#2929=ORIENTED_EDGE('',*,*,#4356,.T.);
#2930=ORIENTED_EDGE('',*,*,#4357,.T.);
#2931=ORIENTED_EDGE('',*,*,#4123,.T.);
#2932=ORIENTED_EDGE('',*,*,#4357,.F.);
#2933=ORIENTED_EDGE('',*,*,#4358,.T.);
#2934=ORIENTED_EDGE('',*,*,#4352,.F.);
#2935=ORIENTED_EDGE('',*,*,#4120,.F.);
#2936=ORIENTED_EDGE('',*,*,#4354,.T.);
#2937=ORIENTED_EDGE('',*,*,#4359,.T.);
#2938=ORIENTED_EDGE('',*,*,#4355,.T.);
#2939=ORIENTED_EDGE('',*,*,#4122,.T.);
#2940=ORIENTED_EDGE('',*,*,#4358,.F.);
#2941=ORIENTED_EDGE('',*,*,#4356,.F.);
#2942=ORIENTED_EDGE('',*,*,#4359,.F.);
#2943=ORIENTED_EDGE('',*,*,#4353,.F.);
#2944=ORIENTED_EDGE('',*,*,#4360,.F.);
#2945=ORIENTED_EDGE('',*,*,#4058,.T.);
#2946=ORIENTED_EDGE('',*,*,#4361,.T.);
#2947=ORIENTED_EDGE('',*,*,#4362,.F.);
#2948=ORIENTED_EDGE('',*,*,#4363,.T.);
#2949=ORIENTED_EDGE('',*,*,#4056,.F.);
#2950=ORIENTED_EDGE('',*,*,#4364,.F.);
#2951=ORIENTED_EDGE('',*,*,#4365,.F.);
#2952=ORIENTED_EDGE('',*,*,#4364,.T.);
#2953=ORIENTED_EDGE('',*,*,#4055,.T.);
#2954=ORIENTED_EDGE('',*,*,#4360,.T.);
#2955=ORIENTED_EDGE('',*,*,#4366,.F.);
#2956=ORIENTED_EDGE('',*,*,#4361,.F.);
#2957=ORIENTED_EDGE('',*,*,#4057,.F.);
#2958=ORIENTED_EDGE('',*,*,#4363,.F.);
#2959=ORIENTED_EDGE('',*,*,#4367,.F.);
#2960=ORIENTED_EDGE('',*,*,#4366,.T.);
#2961=ORIENTED_EDGE('',*,*,#4362,.T.);
#2962=ORIENTED_EDGE('',*,*,#4367,.T.);
#2963=ORIENTED_EDGE('',*,*,#4365,.T.);
#2964=EDGE_CURVE('',#4368,#4369,#5301,.T.);
#2965=EDGE_CURVE('',#4368,#4370,#5302,.T.);
#2966=EDGE_CURVE('',#4370,#4371,#5303,.T.);
#2967=EDGE_CURVE('',#4369,#4371,#5304,.T.);
#2968=EDGE_CURVE('',#4372,#4373,#5305,.T.);
#2969=EDGE_CURVE('',#4373,#4374,#5306,.T.);
#2970=EDGE_CURVE('',#4375,#4374,#5307,.T.);
#2971=EDGE_CURVE('',#4372,#4375,#5308,.T.);
#2972=EDGE_CURVE('',#4376,#4377,#5309,.T.);
#2973=EDGE_CURVE('',#4378,#4376,#5310,.T.);
#2974=EDGE_CURVE('',#4379,#4378,#5311,.T.);
#2975=EDGE_CURVE('',#4380,#4379,#5312,.T.);
#2976=EDGE_CURVE('',#4381,#4380,#5313,.T.);
#2977=EDGE_CURVE('',#4377,#4381,#5314,.T.);
#2978=EDGE_CURVE('',#4382,#4383,#5315,.T.);
#2979=EDGE_CURVE('',#4384,#4382,#5316,.T.);
#2980=EDGE_CURVE('',#4385,#4384,#5317,.T.);
#2981=EDGE_CURVE('',#4386,#4385,#5318,.T.);
#2982=EDGE_CURVE('',#4387,#4386,#5319,.T.);
#2983=EDGE_CURVE('',#4383,#4387,#5320,.T.);
#2984=EDGE_CURVE('',#4388,#4389,#5321,.T.);
#2985=EDGE_CURVE('',#4390,#4388,#5322,.T.);
#2986=EDGE_CURVE('',#4391,#4390,#5323,.T.);
#2987=EDGE_CURVE('',#4392,#4391,#5324,.T.);
#2988=EDGE_CURVE('',#4393,#4392,#5325,.T.);
#2989=EDGE_CURVE('',#4389,#4393,#5326,.T.);
#2990=EDGE_CURVE('',#4394,#4395,#5327,.T.);
#2991=EDGE_CURVE('',#4396,#4394,#5328,.T.);
#2992=EDGE_CURVE('',#4397,#4396,#5329,.T.);
#2993=EDGE_CURVE('',#4398,#4397,#5330,.T.);
#2994=EDGE_CURVE('',#4399,#4398,#5331,.T.);
#2995=EDGE_CURVE('',#4395,#4399,#5332,.T.);
#2996=EDGE_CURVE('',#4400,#4401,#5333,.T.);
#2997=EDGE_CURVE('',#4402,#4400,#5334,.T.);
#2998=EDGE_CURVE('',#4403,#4402,#5335,.T.);
#2999=EDGE_CURVE('',#4404,#4403,#5336,.T.);
#3000=EDGE_CURVE('',#4405,#4404,#5337,.T.);
#3001=EDGE_CURVE('',#4401,#4405,#5338,.T.);
#3002=EDGE_CURVE('',#4406,#4407,#5339,.T.);
#3003=EDGE_CURVE('',#4408,#4406,#5340,.T.);
#3004=EDGE_CURVE('',#4409,#4408,#5341,.T.);
#3005=EDGE_CURVE('',#4410,#4409,#5342,.T.);
#3006=EDGE_CURVE('',#4411,#4410,#5343,.T.);
#3007=EDGE_CURVE('',#4407,#4411,#5344,.T.);
#3008=EDGE_CURVE('',#4412,#4413,#5345,.T.);
#3009=EDGE_CURVE('',#4414,#4412,#5346,.T.);
#3010=EDGE_CURVE('',#4415,#4414,#5347,.T.);
#3011=EDGE_CURVE('',#4416,#4415,#5348,.T.);
#3012=EDGE_CURVE('',#4417,#4416,#5349,.T.);
#3013=EDGE_CURVE('',#4413,#4417,#5350,.T.);
#3014=EDGE_CURVE('',#4418,#4419,#5351,.T.);
#3015=EDGE_CURVE('',#4420,#4418,#5352,.T.);
#3016=EDGE_CURVE('',#4421,#4420,#5353,.T.);
#3017=EDGE_CURVE('',#4422,#4421,#5354,.T.);
#3018=EDGE_CURVE('',#4423,#4422,#5355,.T.);
#3019=EDGE_CURVE('',#4419,#4423,#5356,.T.);
#3020=EDGE_CURVE('',#4424,#4425,#5357,.T.);
#3021=EDGE_CURVE('',#4426,#4424,#5358,.T.);
#3022=EDGE_CURVE('',#4427,#4426,#5359,.T.);
#3023=EDGE_CURVE('',#4428,#4427,#5360,.T.);
#3024=EDGE_CURVE('',#4429,#4428,#5361,.T.);
#3025=EDGE_CURVE('',#4425,#4429,#5362,.T.);
#3026=EDGE_CURVE('',#4430,#4431,#5363,.T.);
#3027=EDGE_CURVE('',#4432,#4430,#5364,.T.);
#3028=EDGE_CURVE('',#4433,#4432,#5365,.T.);
#3029=EDGE_CURVE('',#4434,#4433,#5366,.T.);
#3030=EDGE_CURVE('',#4435,#4434,#5367,.T.);
#3031=EDGE_CURVE('',#4431,#4435,#5368,.T.);
#3032=EDGE_CURVE('',#4436,#4437,#5369,.T.);
#3033=EDGE_CURVE('',#4438,#4436,#5370,.T.);
#3034=EDGE_CURVE('',#4439,#4438,#5371,.T.);
#3035=EDGE_CURVE('',#4440,#4439,#5372,.T.);
#3036=EDGE_CURVE('',#4441,#4440,#5373,.T.);
#3037=EDGE_CURVE('',#4437,#4441,#5374,.T.);
#3038=EDGE_CURVE('',#4442,#4443,#5375,.T.);
#3039=EDGE_CURVE('',#4444,#4442,#5376,.T.);
#3040=EDGE_CURVE('',#4445,#4444,#5377,.T.);
#3041=EDGE_CURVE('',#4446,#4445,#5378,.T.);
#3042=EDGE_CURVE('',#4447,#4446,#5379,.T.);
#3043=EDGE_CURVE('',#4443,#4447,#5380,.T.);
#3044=EDGE_CURVE('',#4448,#4449,#5381,.T.);
#3045=EDGE_CURVE('',#4450,#4448,#5382,.T.);
#3046=EDGE_CURVE('',#4451,#4450,#5383,.T.);
#3047=EDGE_CURVE('',#4452,#4451,#5384,.T.);
#3048=EDGE_CURVE('',#4453,#4452,#5385,.T.);
#3049=EDGE_CURVE('',#4449,#4453,#5386,.T.);
#3050=EDGE_CURVE('',#4454,#4455,#5387,.T.);
#3051=EDGE_CURVE('',#4456,#4454,#5388,.T.);
#3052=EDGE_CURVE('',#4457,#4456,#5389,.T.);
#3053=EDGE_CURVE('',#4458,#4457,#5390,.T.);
#3054=EDGE_CURVE('',#4459,#4458,#5391,.T.);
#3055=EDGE_CURVE('',#4455,#4459,#5392,.T.);
#3056=EDGE_CURVE('',#4460,#4461,#5393,.T.);
#3057=EDGE_CURVE('',#4462,#4460,#5394,.T.);
#3058=EDGE_CURVE('',#4463,#4462,#5395,.T.);
#3059=EDGE_CURVE('',#4464,#4463,#5396,.T.);
#3060=EDGE_CURVE('',#4465,#4464,#5397,.T.);
#3061=EDGE_CURVE('',#4461,#4465,#5398,.T.);
#3062=EDGE_CURVE('',#4466,#4467,#5399,.T.);
#3063=EDGE_CURVE('',#4468,#4466,#5400,.T.);
#3064=EDGE_CURVE('',#4469,#4468,#5401,.T.);
#3065=EDGE_CURVE('',#4470,#4469,#5402,.T.);
#3066=EDGE_CURVE('',#4471,#4470,#5403,.T.);
#3067=EDGE_CURVE('',#4467,#4471,#5404,.T.);
#3068=EDGE_CURVE('',#4472,#4473,#5405,.T.);
#3069=EDGE_CURVE('',#4474,#4472,#5406,.T.);
#3070=EDGE_CURVE('',#4475,#4474,#5407,.T.);
#3071=EDGE_CURVE('',#4476,#4475,#5408,.T.);
#3072=EDGE_CURVE('',#4477,#4476,#5409,.T.);
#3073=EDGE_CURVE('',#4473,#4477,#5410,.T.);
#3074=EDGE_CURVE('',#4478,#4479,#5411,.T.);
#3075=EDGE_CURVE('',#4480,#4478,#5412,.T.);
#3076=EDGE_CURVE('',#4481,#4480,#5413,.T.);
#3077=EDGE_CURVE('',#4482,#4481,#5414,.T.);
#3078=EDGE_CURVE('',#4483,#4482,#5415,.T.);
#3079=EDGE_CURVE('',#4479,#4483,#5416,.T.);
#3080=EDGE_CURVE('',#4484,#4485,#5417,.T.);
#3081=EDGE_CURVE('',#4486,#4484,#5418,.T.);
#3082=EDGE_CURVE('',#4487,#4486,#5419,.T.);
#3083=EDGE_CURVE('',#4488,#4487,#5420,.T.);
#3084=EDGE_CURVE('',#4489,#4488,#5421,.T.);
#3085=EDGE_CURVE('',#4485,#4489,#5422,.T.);
#3086=EDGE_CURVE('',#4490,#4491,#5423,.T.);
#3087=EDGE_CURVE('',#4492,#4490,#5424,.T.);
#3088=EDGE_CURVE('',#4493,#4492,#5425,.T.);
#3089=EDGE_CURVE('',#4494,#4493,#5426,.T.);
#3090=EDGE_CURVE('',#4495,#4494,#5427,.T.);
#3091=EDGE_CURVE('',#4491,#4495,#5428,.T.);
#3092=EDGE_CURVE('',#4496,#4497,#5429,.T.);
#3093=EDGE_CURVE('',#4498,#4496,#5430,.T.);
#3094=EDGE_CURVE('',#4499,#4498,#5431,.T.);
#3095=EDGE_CURVE('',#4500,#4499,#5432,.T.);
#3096=EDGE_CURVE('',#4501,#4500,#5433,.T.);
#3097=EDGE_CURVE('',#4497,#4501,#5434,.T.);
#3098=EDGE_CURVE('',#4502,#4503,#5435,.T.);
#3099=EDGE_CURVE('',#4504,#4502,#5436,.T.);
#3100=EDGE_CURVE('',#4505,#4504,#5437,.T.);
#3101=EDGE_CURVE('',#4506,#4505,#5438,.T.);
#3102=EDGE_CURVE('',#4507,#4506,#5439,.T.);
#3103=EDGE_CURVE('',#4503,#4507,#5440,.T.);
#3104=EDGE_CURVE('',#4508,#4509,#5441,.T.);
#3105=EDGE_CURVE('',#4510,#4508,#5442,.T.);
#3106=EDGE_CURVE('',#4511,#4510,#5443,.T.);
#3107=EDGE_CURVE('',#4512,#4511,#5444,.T.);
#3108=EDGE_CURVE('',#4513,#4512,#5445,.T.);
#3109=EDGE_CURVE('',#4509,#4513,#5446,.T.);
#3110=EDGE_CURVE('',#4514,#4515,#5447,.T.);
#3111=EDGE_CURVE('',#4516,#4514,#5448,.T.);
#3112=EDGE_CURVE('',#4517,#4516,#5449,.T.);
#3113=EDGE_CURVE('',#4518,#4517,#5450,.T.);
#3114=EDGE_CURVE('',#4519,#4518,#5451,.T.);
#3115=EDGE_CURVE('',#4515,#4519,#5452,.T.);
#3116=EDGE_CURVE('',#4520,#4521,#5453,.T.);
#3117=EDGE_CURVE('',#4522,#4520,#5454,.T.);
#3118=EDGE_CURVE('',#4523,#4522,#5455,.T.);
#3119=EDGE_CURVE('',#4524,#4523,#5456,.T.);
#3120=EDGE_CURVE('',#4525,#4524,#5457,.T.);
#3121=EDGE_CURVE('',#4521,#4525,#5458,.T.);
#3122=EDGE_CURVE('',#4526,#4527,#5459,.T.);
#3123=EDGE_CURVE('',#4528,#4526,#5460,.T.);
#3124=EDGE_CURVE('',#4529,#4528,#5461,.T.);
#3125=EDGE_CURVE('',#4530,#4529,#5462,.T.);
#3126=EDGE_CURVE('',#4531,#4530,#5463,.T.);
#3127=EDGE_CURVE('',#4527,#4531,#5464,.T.);
#3128=EDGE_CURVE('',#4532,#4533,#5465,.T.);
#3129=EDGE_CURVE('',#4534,#4532,#5466,.T.);
#3130=EDGE_CURVE('',#4535,#4534,#5467,.T.);
#3131=EDGE_CURVE('',#4536,#4535,#5468,.T.);
#3132=EDGE_CURVE('',#4537,#4536,#5469,.T.);
#3133=EDGE_CURVE('',#4533,#4537,#5470,.T.);
#3134=EDGE_CURVE('',#4538,#4539,#5471,.T.);
#3135=EDGE_CURVE('',#4540,#4538,#5472,.T.);
#3136=EDGE_CURVE('',#4541,#4540,#5473,.T.);
#3137=EDGE_CURVE('',#4542,#4541,#5474,.T.);
#3138=EDGE_CURVE('',#4543,#4542,#5475,.T.);
#3139=EDGE_CURVE('',#4539,#4543,#5476,.T.);
#3140=EDGE_CURVE('',#4544,#4545,#5477,.T.);
#3141=EDGE_CURVE('',#4546,#4544,#5478,.T.);
#3142=EDGE_CURVE('',#4547,#4546,#5479,.T.);
#3143=EDGE_CURVE('',#4548,#4547,#5480,.T.);
#3144=EDGE_CURVE('',#4549,#4548,#5481,.T.);
#3145=EDGE_CURVE('',#4545,#4549,#5482,.T.);
#3146=EDGE_CURVE('',#4550,#4551,#5483,.T.);
#3147=EDGE_CURVE('',#4552,#4550,#5484,.T.);
#3148=EDGE_CURVE('',#4553,#4552,#5485,.T.);
#3149=EDGE_CURVE('',#4554,#4553,#5486,.T.);
#3150=EDGE_CURVE('',#4555,#4554,#5487,.T.);
#3151=EDGE_CURVE('',#4551,#4555,#5488,.T.);
#3152=EDGE_CURVE('',#4556,#4557,#5489,.T.);
#3153=EDGE_CURVE('',#4558,#4556,#5490,.T.);
#3154=EDGE_CURVE('',#4559,#4558,#5491,.T.);
#3155=EDGE_CURVE('',#4560,#4559,#5492,.T.);
#3156=EDGE_CURVE('',#4561,#4560,#5493,.T.);
#3157=EDGE_CURVE('',#4557,#4561,#5494,.T.);
#3158=EDGE_CURVE('',#4562,#4563,#5495,.T.);
#3159=EDGE_CURVE('',#4564,#4562,#5496,.T.);
#3160=EDGE_CURVE('',#4565,#4564,#5497,.T.);
#3161=EDGE_CURVE('',#4566,#4565,#5498,.T.);
#3162=EDGE_CURVE('',#4567,#4566,#5499,.T.);
#3163=EDGE_CURVE('',#4563,#4567,#5500,.T.);
#3164=EDGE_CURVE('',#4568,#4569,#5501,.T.);
#3165=EDGE_CURVE('',#4570,#4568,#5502,.T.);
#3166=EDGE_CURVE('',#4571,#4570,#5503,.T.);
#3167=EDGE_CURVE('',#4572,#4571,#5504,.T.);
#3168=EDGE_CURVE('',#4573,#4572,#5505,.T.);
#3169=EDGE_CURVE('',#4569,#4573,#5506,.T.);
#3170=EDGE_CURVE('',#4574,#4575,#5507,.T.);
#3171=EDGE_CURVE('',#4576,#4574,#5508,.T.);
#3172=EDGE_CURVE('',#4577,#4576,#5509,.T.);
#3173=EDGE_CURVE('',#4578,#4577,#5510,.T.);
#3174=EDGE_CURVE('',#4579,#4578,#5511,.T.);
#3175=EDGE_CURVE('',#4575,#4579,#5512,.T.);
#3176=EDGE_CURVE('',#4580,#4581,#5513,.T.);
#3177=EDGE_CURVE('',#4582,#4580,#5514,.T.);
#3178=EDGE_CURVE('',#4583,#4582,#5515,.T.);
#3179=EDGE_CURVE('',#4584,#4583,#5516,.T.);
#3180=EDGE_CURVE('',#4585,#4584,#5517,.T.);
#3181=EDGE_CURVE('',#4581,#4585,#5518,.T.);
#3182=EDGE_CURVE('',#4586,#4587,#5519,.T.);
#3183=EDGE_CURVE('',#4588,#4586,#5520,.T.);
#3184=EDGE_CURVE('',#4589,#4588,#5521,.T.);
#3185=EDGE_CURVE('',#4590,#4589,#5522,.T.);
#3186=EDGE_CURVE('',#4591,#4590,#5523,.T.);
#3187=EDGE_CURVE('',#4587,#4591,#5524,.T.);
#3188=EDGE_CURVE('',#4592,#4593,#5525,.T.);
#3189=EDGE_CURVE('',#4594,#4592,#5526,.T.);
#3190=EDGE_CURVE('',#4595,#4594,#5527,.T.);
#3191=EDGE_CURVE('',#4596,#4595,#5528,.T.);
#3192=EDGE_CURVE('',#4597,#4596,#5529,.T.);
#3193=EDGE_CURVE('',#4593,#4597,#5530,.T.);
#3194=EDGE_CURVE('',#4598,#4599,#5531,.T.);
#3195=EDGE_CURVE('',#4600,#4598,#5532,.T.);
#3196=EDGE_CURVE('',#4601,#4600,#5533,.T.);
#3197=EDGE_CURVE('',#4602,#4601,#5534,.T.);
#3198=EDGE_CURVE('',#4603,#4602,#5535,.T.);
#3199=EDGE_CURVE('',#4599,#4603,#5536,.T.);
#3200=EDGE_CURVE('',#4604,#4605,#5537,.T.);
#3201=EDGE_CURVE('',#4606,#4604,#5538,.T.);
#3202=EDGE_CURVE('',#4607,#4606,#5539,.T.);
#3203=EDGE_CURVE('',#4608,#4607,#5540,.T.);
#3204=EDGE_CURVE('',#4609,#4608,#5541,.T.);
#3205=EDGE_CURVE('',#4605,#4609,#5542,.T.);
#3206=EDGE_CURVE('',#4610,#4611,#5543,.T.);
#3207=EDGE_CURVE('',#4612,#4610,#5544,.T.);
#3208=EDGE_CURVE('',#4613,#4612,#5545,.T.);
#3209=EDGE_CURVE('',#4614,#4613,#5546,.T.);
#3210=EDGE_CURVE('',#4615,#4614,#5547,.T.);
#3211=EDGE_CURVE('',#4611,#4615,#5548,.T.);
#3212=EDGE_CURVE('',#4616,#4617,#5549,.T.);
#3213=EDGE_CURVE('',#4618,#4616,#5550,.T.);
#3214=EDGE_CURVE('',#4619,#4618,#5551,.T.);
#3215=EDGE_CURVE('',#4620,#4619,#5552,.T.);
#3216=EDGE_CURVE('',#4621,#4620,#5553,.T.);
#3217=EDGE_CURVE('',#4617,#4621,#5554,.T.);
#3218=EDGE_CURVE('',#4622,#4623,#5555,.T.);
#3219=EDGE_CURVE('',#4624,#4622,#5556,.T.);
#3220=EDGE_CURVE('',#4625,#4624,#5557,.T.);
#3221=EDGE_CURVE('',#4626,#4625,#5558,.T.);
#3222=EDGE_CURVE('',#4627,#4626,#5559,.T.);
#3223=EDGE_CURVE('',#4623,#4627,#5560,.T.);
#3224=EDGE_CURVE('',#4628,#4629,#5561,.T.);
#3225=EDGE_CURVE('',#4630,#4628,#5562,.T.);
#3226=EDGE_CURVE('',#4631,#4630,#5563,.T.);
#3227=EDGE_CURVE('',#4632,#4631,#5564,.T.);
#3228=EDGE_CURVE('',#4633,#4632,#5565,.T.);
#3229=EDGE_CURVE('',#4629,#4633,#5566,.T.);
#3230=EDGE_CURVE('',#4634,#4635,#5567,.T.);
#3231=EDGE_CURVE('',#4636,#4634,#5568,.T.);
#3232=EDGE_CURVE('',#4637,#4636,#5569,.T.);
#3233=EDGE_CURVE('',#4638,#4637,#5570,.T.);
#3234=EDGE_CURVE('',#4639,#4638,#5571,.T.);
#3235=EDGE_CURVE('',#4635,#4639,#5572,.T.);
#3236=EDGE_CURVE('',#4640,#4641,#5573,.T.);
#3237=EDGE_CURVE('',#4642,#4640,#5574,.T.);
#3238=EDGE_CURVE('',#4643,#4642,#5575,.T.);
#3239=EDGE_CURVE('',#4644,#4643,#5576,.T.);
#3240=EDGE_CURVE('',#4645,#4644,#5577,.T.);
#3241=EDGE_CURVE('',#4641,#4645,#5578,.T.);
#3242=EDGE_CURVE('',#4646,#4647,#5579,.T.);
#3243=EDGE_CURVE('',#4648,#4646,#5580,.T.);
#3244=EDGE_CURVE('',#4649,#4648,#5581,.T.);
#3245=EDGE_CURVE('',#4650,#4649,#5582,.T.);
#3246=EDGE_CURVE('',#4651,#4650,#5583,.T.);
#3247=EDGE_CURVE('',#4647,#4651,#5584,.T.);
#3248=EDGE_CURVE('',#4652,#4653,#5585,.T.);
#3249=EDGE_CURVE('',#4654,#4652,#5586,.T.);
#3250=EDGE_CURVE('',#4655,#4654,#5587,.T.);
#3251=EDGE_CURVE('',#4656,#4655,#5588,.T.);
#3252=EDGE_CURVE('',#4657,#4656,#5589,.T.);
#3253=EDGE_CURVE('',#4653,#4657,#5590,.T.);
#3254=EDGE_CURVE('',#4658,#4659,#5591,.T.);
#3255=EDGE_CURVE('',#4660,#4658,#5592,.T.);
#3256=EDGE_CURVE('',#4661,#4660,#5593,.T.);
#3257=EDGE_CURVE('',#4662,#4661,#5594,.T.);
#3258=EDGE_CURVE('',#4663,#4662,#5595,.T.);
#3259=EDGE_CURVE('',#4659,#4663,#5596,.T.);
#3260=EDGE_CURVE('',#4664,#4665,#5597,.T.);
#3261=EDGE_CURVE('',#4666,#4664,#5598,.T.);
#3262=EDGE_CURVE('',#4667,#4666,#5599,.T.);
#3263=EDGE_CURVE('',#4668,#4667,#5600,.T.);
#3264=EDGE_CURVE('',#4669,#4668,#5601,.T.);
#3265=EDGE_CURVE('',#4665,#4669,#5602,.T.);
#3266=EDGE_CURVE('',#4670,#4671,#5603,.T.);
#3267=EDGE_CURVE('',#4672,#4670,#5604,.T.);
#3268=EDGE_CURVE('',#4673,#4672,#5605,.T.);
#3269=EDGE_CURVE('',#4674,#4673,#5606,.T.);
#3270=EDGE_CURVE('',#4675,#4674,#5607,.T.);
#3271=EDGE_CURVE('',#4671,#4675,#5608,.T.);
#3272=EDGE_CURVE('',#4676,#4677,#5609,.T.);
#3273=EDGE_CURVE('',#4678,#4676,#5610,.T.);
#3274=EDGE_CURVE('',#4679,#4678,#5611,.T.);
#3275=EDGE_CURVE('',#4680,#4679,#5612,.T.);
#3276=EDGE_CURVE('',#4681,#4680,#5613,.T.);
#3277=EDGE_CURVE('',#4677,#4681,#5614,.T.);
#3278=EDGE_CURVE('',#4682,#4683,#5615,.T.);
#3279=EDGE_CURVE('',#4684,#4682,#5616,.T.);
#3280=EDGE_CURVE('',#4685,#4684,#5617,.T.);
#3281=EDGE_CURVE('',#4686,#4685,#5618,.T.);
#3282=EDGE_CURVE('',#4687,#4686,#5619,.T.);
#3283=EDGE_CURVE('',#4683,#4687,#5620,.T.);
#3284=EDGE_CURVE('',#4688,#4689,#5621,.T.);
#3285=EDGE_CURVE('',#4690,#4688,#5622,.T.);
#3286=EDGE_CURVE('',#4691,#4690,#5623,.T.);
#3287=EDGE_CURVE('',#4692,#4691,#5624,.T.);
#3288=EDGE_CURVE('',#4693,#4692,#5625,.T.);
#3289=EDGE_CURVE('',#4689,#4693,#5626,.T.);
#3290=EDGE_CURVE('',#4694,#4695,#5627,.T.);
#3291=EDGE_CURVE('',#4696,#4694,#5628,.T.);
#3292=EDGE_CURVE('',#4697,#4696,#5629,.T.);
#3293=EDGE_CURVE('',#4698,#4697,#5630,.T.);
#3294=EDGE_CURVE('',#4699,#4698,#5631,.T.);
#3295=EDGE_CURVE('',#4695,#4699,#5632,.T.);
#3296=EDGE_CURVE('',#4700,#4701,#5633,.T.);
#3297=EDGE_CURVE('',#4700,#4702,#5634,.T.);
#3298=EDGE_CURVE('',#4702,#4703,#5635,.T.);
#3299=EDGE_CURVE('',#4704,#4703,#5636,.T.);
#3300=EDGE_CURVE('',#4705,#4704,#5637,.T.);
#3301=EDGE_CURVE('',#4705,#4706,#5638,.T.);
#3302=EDGE_CURVE('',#4707,#4706,#5639,.T.);
#3303=EDGE_CURVE('',#4708,#4707,#5640,.T.);
#3304=EDGE_CURVE('',#4709,#4708,#5641,.T.);
#3305=EDGE_CURVE('',#4709,#4710,#75,.T.);
#3306=EDGE_CURVE('',#4710,#4711,#5642,.T.);
#3307=EDGE_CURVE('',#4711,#4712,#76,.T.);
#3308=EDGE_CURVE('',#4712,#4713,#5643,.T.);
#3309=EDGE_CURVE('',#4713,#4714,#77,.T.);
#3310=EDGE_CURVE('',#4715,#4714,#5644,.T.);
#3311=EDGE_CURVE('',#4715,#4701,#78,.T.);
#3312=EDGE_CURVE('',#4716,#4377,#5645,.T.);
#3313=EDGE_CURVE('',#4717,#4716,#5646,.T.);
#3314=EDGE_CURVE('',#4717,#4376,#5647,.T.);
#3315=EDGE_CURVE('',#4718,#4381,#5648,.T.);
#3316=EDGE_CURVE('',#4716,#4718,#5649,.T.);
#3317=EDGE_CURVE('',#4719,#4380,#5650,.T.);
#3318=EDGE_CURVE('',#4718,#4719,#5651,.T.);
#3319=EDGE_CURVE('',#4720,#4379,#5652,.T.);
#3320=EDGE_CURVE('',#4719,#4720,#5653,.T.);
#3321=EDGE_CURVE('',#4721,#4378,#5654,.T.);
#3322=EDGE_CURVE('',#4720,#4721,#5655,.T.);
#3323=EDGE_CURVE('',#4721,#4717,#5656,.T.);
#3324=EDGE_CURVE('',#4722,#4383,#5657,.T.);
#3325=EDGE_CURVE('',#4723,#4722,#5658,.T.);
#3326=EDGE_CURVE('',#4723,#4382,#5659,.T.);
#3327=EDGE_CURVE('',#4724,#4387,#5660,.T.);
#3328=EDGE_CURVE('',#4722,#4724,#5661,.T.);
#3329=EDGE_CURVE('',#4725,#4386,#5662,.T.);
#3330=EDGE_CURVE('',#4724,#4725,#5663,.T.);
#3331=EDGE_CURVE('',#4726,#4385,#5664,.T.);
#3332=EDGE_CURVE('',#4725,#4726,#5665,.T.);
#3333=EDGE_CURVE('',#4727,#4384,#5666,.T.);
#3334=EDGE_CURVE('',#4726,#4727,#5667,.T.);
#3335=EDGE_CURVE('',#4727,#4723,#5668,.T.);
#3336=EDGE_CURVE('',#4728,#4389,#5669,.T.);
#3337=EDGE_CURVE('',#4729,#4728,#5670,.T.);
#3338=EDGE_CURVE('',#4729,#4388,#5671,.T.);
#3339=EDGE_CURVE('',#4730,#4393,#5672,.T.);
#3340=EDGE_CURVE('',#4728,#4730,#5673,.T.);
#3341=EDGE_CURVE('',#4731,#4392,#5674,.T.);
#3342=EDGE_CURVE('',#4730,#4731,#5675,.T.);
#3343=EDGE_CURVE('',#4732,#4391,#5676,.T.);
#3344=EDGE_CURVE('',#4731,#4732,#5677,.T.);
#3345=EDGE_CURVE('',#4733,#4390,#5678,.T.);
#3346=EDGE_CURVE('',#4732,#4733,#5679,.T.);
#3347=EDGE_CURVE('',#4733,#4729,#5680,.T.);
#3348=EDGE_CURVE('',#4734,#4395,#5681,.T.);
#3349=EDGE_CURVE('',#4735,#4734,#5682,.T.);
#3350=EDGE_CURVE('',#4735,#4394,#5683,.T.);
#3351=EDGE_CURVE('',#4736,#4399,#5684,.T.);
#3352=EDGE_CURVE('',#4734,#4736,#5685,.T.);
#3353=EDGE_CURVE('',#4737,#4398,#5686,.T.);
#3354=EDGE_CURVE('',#4736,#4737,#5687,.T.);
#3355=EDGE_CURVE('',#4738,#4397,#5688,.T.);
#3356=EDGE_CURVE('',#4737,#4738,#5689,.T.);
#3357=EDGE_CURVE('',#4739,#4396,#5690,.T.);
#3358=EDGE_CURVE('',#4738,#4739,#5691,.T.);
#3359=EDGE_CURVE('',#4739,#4735,#5692,.T.);
#3360=EDGE_CURVE('',#4740,#4401,#5693,.T.);
#3361=EDGE_CURVE('',#4741,#4740,#5694,.T.);
#3362=EDGE_CURVE('',#4741,#4400,#5695,.T.);
#3363=EDGE_CURVE('',#4742,#4405,#5696,.T.);
#3364=EDGE_CURVE('',#4740,#4742,#5697,.T.);
#3365=EDGE_CURVE('',#4743,#4404,#5698,.T.);
#3366=EDGE_CURVE('',#4742,#4743,#5699,.T.);
#3367=EDGE_CURVE('',#4744,#4403,#5700,.T.);
#3368=EDGE_CURVE('',#4743,#4744,#5701,.T.);
#3369=EDGE_CURVE('',#4745,#4402,#5702,.T.);
#3370=EDGE_CURVE('',#4744,#4745,#5703,.T.);
#3371=EDGE_CURVE('',#4745,#4741,#5704,.T.);
#3372=EDGE_CURVE('',#4746,#4407,#5705,.T.);
#3373=EDGE_CURVE('',#4747,#4746,#5706,.T.);
#3374=EDGE_CURVE('',#4747,#4406,#5707,.T.);
#3375=EDGE_CURVE('',#4748,#4411,#5708,.T.);
#3376=EDGE_CURVE('',#4746,#4748,#5709,.T.);
#3377=EDGE_CURVE('',#4749,#4410,#5710,.T.);
#3378=EDGE_CURVE('',#4748,#4749,#5711,.T.);
#3379=EDGE_CURVE('',#4750,#4409,#5712,.T.);
#3380=EDGE_CURVE('',#4749,#4750,#5713,.T.);
#3381=EDGE_CURVE('',#4751,#4408,#5714,.T.);
#3382=EDGE_CURVE('',#4750,#4751,#5715,.T.);
#3383=EDGE_CURVE('',#4751,#4747,#5716,.T.);
#3384=EDGE_CURVE('',#4752,#4413,#5717,.T.);
#3385=EDGE_CURVE('',#4753,#4752,#5718,.T.);
#3386=EDGE_CURVE('',#4753,#4412,#5719,.T.);
#3387=EDGE_CURVE('',#4754,#4417,#5720,.T.);
#3388=EDGE_CURVE('',#4752,#4754,#5721,.T.);
#3389=EDGE_CURVE('',#4755,#4416,#5722,.T.);
#3390=EDGE_CURVE('',#4754,#4755,#5723,.T.);
#3391=EDGE_CURVE('',#4756,#4415,#5724,.T.);
#3392=EDGE_CURVE('',#4755,#4756,#5725,.T.);
#3393=EDGE_CURVE('',#4757,#4414,#5726,.T.);
#3394=EDGE_CURVE('',#4756,#4757,#5727,.T.);
#3395=EDGE_CURVE('',#4757,#4753,#5728,.T.);
#3396=EDGE_CURVE('',#4758,#4419,#5729,.T.);
#3397=EDGE_CURVE('',#4759,#4758,#5730,.T.);
#3398=EDGE_CURVE('',#4759,#4418,#5731,.T.);
#3399=EDGE_CURVE('',#4760,#4423,#5732,.T.);
#3400=EDGE_CURVE('',#4758,#4760,#5733,.T.);
#3401=EDGE_CURVE('',#4761,#4422,#5734,.T.);
#3402=EDGE_CURVE('',#4760,#4761,#5735,.T.);
#3403=EDGE_CURVE('',#4762,#4421,#5736,.T.);
#3404=EDGE_CURVE('',#4761,#4762,#5737,.T.);
#3405=EDGE_CURVE('',#4763,#4420,#5738,.T.);
#3406=EDGE_CURVE('',#4762,#4763,#5739,.T.);
#3407=EDGE_CURVE('',#4763,#4759,#5740,.T.);
#3408=EDGE_CURVE('',#4764,#4425,#5741,.T.);
#3409=EDGE_CURVE('',#4765,#4764,#5742,.T.);
#3410=EDGE_CURVE('',#4765,#4424,#5743,.T.);
#3411=EDGE_CURVE('',#4766,#4429,#5744,.T.);
#3412=EDGE_CURVE('',#4764,#4766,#5745,.T.);
#3413=EDGE_CURVE('',#4767,#4428,#5746,.T.);
#3414=EDGE_CURVE('',#4766,#4767,#5747,.T.);
#3415=EDGE_CURVE('',#4768,#4427,#5748,.T.);
#3416=EDGE_CURVE('',#4767,#4768,#5749,.T.);
#3417=EDGE_CURVE('',#4769,#4426,#5750,.T.);
#3418=EDGE_CURVE('',#4768,#4769,#5751,.T.);
#3419=EDGE_CURVE('',#4769,#4765,#5752,.T.);
#3420=EDGE_CURVE('',#4770,#4431,#5753,.T.);
#3421=EDGE_CURVE('',#4771,#4770,#5754,.T.);
#3422=EDGE_CURVE('',#4771,#4430,#5755,.T.);
#3423=EDGE_CURVE('',#4772,#4435,#5756,.T.);
#3424=EDGE_CURVE('',#4770,#4772,#5757,.T.);
#3425=EDGE_CURVE('',#4773,#4434,#5758,.T.);
#3426=EDGE_CURVE('',#4772,#4773,#5759,.T.);
#3427=EDGE_CURVE('',#4774,#4433,#5760,.T.);
#3428=EDGE_CURVE('',#4773,#4774,#5761,.T.);
#3429=EDGE_CURVE('',#4775,#4432,#5762,.T.);
#3430=EDGE_CURVE('',#4774,#4775,#5763,.T.);
#3431=EDGE_CURVE('',#4775,#4771,#5764,.T.);
#3432=EDGE_CURVE('',#4776,#4437,#5765,.T.);
#3433=EDGE_CURVE('',#4777,#4776,#5766,.T.);
#3434=EDGE_CURVE('',#4777,#4436,#5767,.T.);
#3435=EDGE_CURVE('',#4778,#4441,#5768,.T.);
#3436=EDGE_CURVE('',#4776,#4778,#5769,.T.);
#3437=EDGE_CURVE('',#4779,#4440,#5770,.T.);
#3438=EDGE_CURVE('',#4778,#4779,#5771,.T.);
#3439=EDGE_CURVE('',#4780,#4439,#5772,.T.);
#3440=EDGE_CURVE('',#4779,#4780,#5773,.T.);
#3441=EDGE_CURVE('',#4781,#4438,#5774,.T.);
#3442=EDGE_CURVE('',#4780,#4781,#5775,.T.);
#3443=EDGE_CURVE('',#4781,#4777,#5776,.T.);
#3444=EDGE_CURVE('',#4782,#4443,#5777,.T.);
#3445=EDGE_CURVE('',#4783,#4782,#5778,.T.);
#3446=EDGE_CURVE('',#4783,#4442,#5779,.T.);
#3447=EDGE_CURVE('',#4784,#4447,#5780,.T.);
#3448=EDGE_CURVE('',#4782,#4784,#5781,.T.);
#3449=EDGE_CURVE('',#4785,#4446,#5782,.T.);
#3450=EDGE_CURVE('',#4784,#4785,#5783,.T.);
#3451=EDGE_CURVE('',#4786,#4445,#5784,.T.);
#3452=EDGE_CURVE('',#4785,#4786,#5785,.T.);
#3453=EDGE_CURVE('',#4787,#4444,#5786,.T.);
#3454=EDGE_CURVE('',#4786,#4787,#5787,.T.);
#3455=EDGE_CURVE('',#4787,#4783,#5788,.T.);
#3456=EDGE_CURVE('',#4788,#4449,#5789,.T.);
#3457=EDGE_CURVE('',#4789,#4788,#5790,.T.);
#3458=EDGE_CURVE('',#4789,#4448,#5791,.T.);
#3459=EDGE_CURVE('',#4790,#4453,#5792,.T.);
#3460=EDGE_CURVE('',#4788,#4790,#5793,.T.);
#3461=EDGE_CURVE('',#4791,#4452,#5794,.T.);
#3462=EDGE_CURVE('',#4790,#4791,#5795,.T.);
#3463=EDGE_CURVE('',#4792,#4451,#5796,.T.);
#3464=EDGE_CURVE('',#4791,#4792,#5797,.T.);
#3465=EDGE_CURVE('',#4793,#4450,#5798,.T.);
#3466=EDGE_CURVE('',#4792,#4793,#5799,.T.);
#3467=EDGE_CURVE('',#4793,#4789,#5800,.T.);
#3468=EDGE_CURVE('',#4794,#4455,#5801,.T.);
#3469=EDGE_CURVE('',#4795,#4794,#5802,.T.);
#3470=EDGE_CURVE('',#4795,#4454,#5803,.T.);
#3471=EDGE_CURVE('',#4796,#4459,#5804,.T.);
#3472=EDGE_CURVE('',#4794,#4796,#5805,.T.);
#3473=EDGE_CURVE('',#4797,#4458,#5806,.T.);
#3474=EDGE_CURVE('',#4796,#4797,#5807,.T.);
#3475=EDGE_CURVE('',#4798,#4457,#5808,.T.);
#3476=EDGE_CURVE('',#4797,#4798,#5809,.T.);
#3477=EDGE_CURVE('',#4799,#4456,#5810,.T.);
#3478=EDGE_CURVE('',#4798,#4799,#5811,.T.);
#3479=EDGE_CURVE('',#4799,#4795,#5812,.T.);
#3480=EDGE_CURVE('',#4800,#4461,#5813,.T.);
#3481=EDGE_CURVE('',#4801,#4800,#5814,.T.);
#3482=EDGE_CURVE('',#4801,#4460,#5815,.T.);
#3483=EDGE_CURVE('',#4802,#4465,#5816,.T.);
#3484=EDGE_CURVE('',#4800,#4802,#5817,.T.);
#3485=EDGE_CURVE('',#4803,#4464,#5818,.T.);
#3486=EDGE_CURVE('',#4802,#4803,#5819,.T.);
#3487=EDGE_CURVE('',#4804,#4463,#5820,.T.);
#3488=EDGE_CURVE('',#4803,#4804,#5821,.T.);
#3489=EDGE_CURVE('',#4805,#4462,#5822,.T.);
#3490=EDGE_CURVE('',#4804,#4805,#5823,.T.);
#3491=EDGE_CURVE('',#4805,#4801,#5824,.T.);
#3492=EDGE_CURVE('',#4806,#4467,#5825,.T.);
#3493=EDGE_CURVE('',#4807,#4806,#5826,.T.);
#3494=EDGE_CURVE('',#4807,#4466,#5827,.T.);
#3495=EDGE_CURVE('',#4808,#4471,#5828,.T.);
#3496=EDGE_CURVE('',#4806,#4808,#5829,.T.);
#3497=EDGE_CURVE('',#4809,#4470,#5830,.T.);
#3498=EDGE_CURVE('',#4808,#4809,#5831,.T.);
#3499=EDGE_CURVE('',#4810,#4469,#5832,.T.);
#3500=EDGE_CURVE('',#4809,#4810,#5833,.T.);
#3501=EDGE_CURVE('',#4811,#4468,#5834,.T.);
#3502=EDGE_CURVE('',#4810,#4811,#5835,.T.);
#3503=EDGE_CURVE('',#4811,#4807,#5836,.T.);
#3504=EDGE_CURVE('',#4812,#4473,#5837,.T.);
#3505=EDGE_CURVE('',#4813,#4812,#5838,.T.);
#3506=EDGE_CURVE('',#4813,#4472,#5839,.T.);
#3507=EDGE_CURVE('',#4814,#4477,#5840,.T.);
#3508=EDGE_CURVE('',#4812,#4814,#5841,.T.);
#3509=EDGE_CURVE('',#4815,#4476,#5842,.T.);
#3510=EDGE_CURVE('',#4814,#4815,#5843,.T.);
#3511=EDGE_CURVE('',#4816,#4475,#5844,.T.);
#3512=EDGE_CURVE('',#4815,#4816,#5845,.T.);
#3513=EDGE_CURVE('',#4817,#4474,#5846,.T.);
#3514=EDGE_CURVE('',#4816,#4817,#5847,.T.);
#3515=EDGE_CURVE('',#4817,#4813,#5848,.T.);
#3516=EDGE_CURVE('',#4818,#4479,#5849,.T.);
#3517=EDGE_CURVE('',#4819,#4818,#5850,.T.);
#3518=EDGE_CURVE('',#4819,#4478,#5851,.T.);
#3519=EDGE_CURVE('',#4820,#4483,#5852,.T.);
#3520=EDGE_CURVE('',#4818,#4820,#5853,.T.);
#3521=EDGE_CURVE('',#4821,#4482,#5854,.T.);
#3522=EDGE_CURVE('',#4820,#4821,#5855,.T.);
#3523=EDGE_CURVE('',#4822,#4481,#5856,.T.);
#3524=EDGE_CURVE('',#4821,#4822,#5857,.T.);
#3525=EDGE_CURVE('',#4823,#4480,#5858,.T.);
#3526=EDGE_CURVE('',#4822,#4823,#5859,.T.);
#3527=EDGE_CURVE('',#4823,#4819,#5860,.T.);
#3528=EDGE_CURVE('',#4824,#4485,#5861,.T.);
#3529=EDGE_CURVE('',#4825,#4824,#5862,.T.);
#3530=EDGE_CURVE('',#4825,#4484,#5863,.T.);
#3531=EDGE_CURVE('',#4826,#4489,#5864,.T.);
#3532=EDGE_CURVE('',#4824,#4826,#5865,.T.);
#3533=EDGE_CURVE('',#4827,#4488,#5866,.T.);
#3534=EDGE_CURVE('',#4826,#4827,#5867,.T.);
#3535=EDGE_CURVE('',#4828,#4487,#5868,.T.);
#3536=EDGE_CURVE('',#4827,#4828,#5869,.T.);
#3537=EDGE_CURVE('',#4829,#4486,#5870,.T.);
#3538=EDGE_CURVE('',#4828,#4829,#5871,.T.);
#3539=EDGE_CURVE('',#4829,#4825,#5872,.T.);
#3540=EDGE_CURVE('',#4830,#4491,#5873,.T.);
#3541=EDGE_CURVE('',#4831,#4830,#5874,.T.);
#3542=EDGE_CURVE('',#4831,#4490,#5875,.T.);
#3543=EDGE_CURVE('',#4832,#4495,#5876,.T.);
#3544=EDGE_CURVE('',#4830,#4832,#5877,.T.);
#3545=EDGE_CURVE('',#4833,#4494,#5878,.T.);
#3546=EDGE_CURVE('',#4832,#4833,#5879,.T.);
#3547=EDGE_CURVE('',#4834,#4493,#5880,.T.);
#3548=EDGE_CURVE('',#4833,#4834,#5881,.T.);
#3549=EDGE_CURVE('',#4835,#4492,#5882,.T.);
#3550=EDGE_CURVE('',#4834,#4835,#5883,.T.);
#3551=EDGE_CURVE('',#4835,#4831,#5884,.T.);
#3552=EDGE_CURVE('',#4836,#4497,#5885,.T.);
#3553=EDGE_CURVE('',#4837,#4836,#5886,.T.);
#3554=EDGE_CURVE('',#4837,#4496,#5887,.T.);
#3555=EDGE_CURVE('',#4838,#4501,#5888,.T.);
#3556=EDGE_CURVE('',#4836,#4838,#5889,.T.);
#3557=EDGE_CURVE('',#4839,#4500,#5890,.T.);
#3558=EDGE_CURVE('',#4838,#4839,#5891,.T.);
#3559=EDGE_CURVE('',#4840,#4499,#5892,.T.);
#3560=EDGE_CURVE('',#4839,#4840,#5893,.T.);
#3561=EDGE_CURVE('',#4841,#4498,#5894,.T.);
#3562=EDGE_CURVE('',#4840,#4841,#5895,.T.);
#3563=EDGE_CURVE('',#4841,#4837,#5896,.T.);
#3564=EDGE_CURVE('',#4842,#4503,#5897,.T.);
#3565=EDGE_CURVE('',#4843,#4842,#5898,.T.);
#3566=EDGE_CURVE('',#4843,#4502,#5899,.T.);
#3567=EDGE_CURVE('',#4844,#4507,#5900,.T.);
#3568=EDGE_CURVE('',#4842,#4844,#5901,.T.);
#3569=EDGE_CURVE('',#4845,#4506,#5902,.T.);
#3570=EDGE_CURVE('',#4844,#4845,#5903,.T.);
#3571=EDGE_CURVE('',#4846,#4505,#5904,.T.);
#3572=EDGE_CURVE('',#4845,#4846,#5905,.T.);
#3573=EDGE_CURVE('',#4847,#4504,#5906,.T.);
#3574=EDGE_CURVE('',#4846,#4847,#5907,.T.);
#3575=EDGE_CURVE('',#4847,#4843,#5908,.T.);
#3576=EDGE_CURVE('',#4848,#4509,#5909,.T.);
#3577=EDGE_CURVE('',#4849,#4848,#5910,.T.);
#3578=EDGE_CURVE('',#4849,#4508,#5911,.T.);
#3579=EDGE_CURVE('',#4850,#4513,#5912,.T.);
#3580=EDGE_CURVE('',#4848,#4850,#5913,.T.);
#3581=EDGE_CURVE('',#4851,#4512,#5914,.T.);
#3582=EDGE_CURVE('',#4850,#4851,#5915,.T.);
#3583=EDGE_CURVE('',#4852,#4511,#5916,.T.);
#3584=EDGE_CURVE('',#4851,#4852,#5917,.T.);
#3585=EDGE_CURVE('',#4853,#4510,#5918,.T.);
#3586=EDGE_CURVE('',#4852,#4853,#5919,.T.);
#3587=EDGE_CURVE('',#4853,#4849,#5920,.T.);
#3588=EDGE_CURVE('',#4854,#4515,#5921,.T.);
#3589=EDGE_CURVE('',#4855,#4854,#5922,.T.);
#3590=EDGE_CURVE('',#4855,#4514,#5923,.T.);
#3591=EDGE_CURVE('',#4856,#4519,#5924,.T.);
#3592=EDGE_CURVE('',#4854,#4856,#5925,.T.);
#3593=EDGE_CURVE('',#4857,#4518,#5926,.T.);
#3594=EDGE_CURVE('',#4856,#4857,#5927,.T.);
#3595=EDGE_CURVE('',#4858,#4517,#5928,.T.);
#3596=EDGE_CURVE('',#4857,#4858,#5929,.T.);
#3597=EDGE_CURVE('',#4859,#4516,#5930,.T.);
#3598=EDGE_CURVE('',#4858,#4859,#5931,.T.);
#3599=EDGE_CURVE('',#4859,#4855,#5932,.T.);
#3600=EDGE_CURVE('',#4860,#4521,#5933,.T.);
#3601=EDGE_CURVE('',#4861,#4860,#5934,.T.);
#3602=EDGE_CURVE('',#4861,#4520,#5935,.T.);
#3603=EDGE_CURVE('',#4862,#4525,#5936,.T.);
#3604=EDGE_CURVE('',#4860,#4862,#5937,.T.);
#3605=EDGE_CURVE('',#4863,#4524,#5938,.T.);
#3606=EDGE_CURVE('',#4862,#4863,#5939,.T.);
#3607=EDGE_CURVE('',#4864,#4523,#5940,.T.);
#3608=EDGE_CURVE('',#4863,#4864,#5941,.T.);
#3609=EDGE_CURVE('',#4865,#4522,#5942,.T.);
#3610=EDGE_CURVE('',#4864,#4865,#5943,.T.);
#3611=EDGE_CURVE('',#4865,#4861,#5944,.T.);
#3612=EDGE_CURVE('',#4866,#4527,#5945,.T.);
#3613=EDGE_CURVE('',#4867,#4866,#5946,.T.);
#3614=EDGE_CURVE('',#4867,#4526,#5947,.T.);
#3615=EDGE_CURVE('',#4868,#4531,#5948,.T.);
#3616=EDGE_CURVE('',#4866,#4868,#5949,.T.);
#3617=EDGE_CURVE('',#4869,#4530,#5950,.T.);
#3618=EDGE_CURVE('',#4868,#4869,#5951,.T.);
#3619=EDGE_CURVE('',#4870,#4529,#5952,.T.);
#3620=EDGE_CURVE('',#4869,#4870,#5953,.T.);
#3621=EDGE_CURVE('',#4871,#4528,#5954,.T.);
#3622=EDGE_CURVE('',#4870,#4871,#5955,.T.);
#3623=EDGE_CURVE('',#4871,#4867,#5956,.T.);
#3624=EDGE_CURVE('',#4872,#4533,#5957,.T.);
#3625=EDGE_CURVE('',#4873,#4872,#5958,.T.);
#3626=EDGE_CURVE('',#4873,#4532,#5959,.T.);
#3627=EDGE_CURVE('',#4874,#4537,#5960,.T.);
#3628=EDGE_CURVE('',#4872,#4874,#5961,.T.);
#3629=EDGE_CURVE('',#4875,#4536,#5962,.T.);
#3630=EDGE_CURVE('',#4874,#4875,#5963,.T.);
#3631=EDGE_CURVE('',#4876,#4535,#5964,.T.);
#3632=EDGE_CURVE('',#4875,#4876,#5965,.T.);
#3633=EDGE_CURVE('',#4877,#4534,#5966,.T.);
#3634=EDGE_CURVE('',#4876,#4877,#5967,.T.);
#3635=EDGE_CURVE('',#4877,#4873,#5968,.T.);
#3636=EDGE_CURVE('',#4878,#4539,#5969,.T.);
#3637=EDGE_CURVE('',#4879,#4878,#5970,.T.);
#3638=EDGE_CURVE('',#4879,#4538,#5971,.T.);
#3639=EDGE_CURVE('',#4880,#4543,#5972,.T.);
#3640=EDGE_CURVE('',#4878,#4880,#5973,.T.);
#3641=EDGE_CURVE('',#4881,#4542,#5974,.T.);
#3642=EDGE_CURVE('',#4880,#4881,#5975,.T.);
#3643=EDGE_CURVE('',#4882,#4541,#5976,.T.);
#3644=EDGE_CURVE('',#4881,#4882,#5977,.T.);
#3645=EDGE_CURVE('',#4883,#4540,#5978,.T.);
#3646=EDGE_CURVE('',#4882,#4883,#5979,.T.);
#3647=EDGE_CURVE('',#4883,#4879,#5980,.T.);
#3648=EDGE_CURVE('',#4884,#4545,#5981,.T.);
#3649=EDGE_CURVE('',#4885,#4884,#5982,.T.);
#3650=EDGE_CURVE('',#4885,#4544,#5983,.T.);
#3651=EDGE_CURVE('',#4886,#4549,#5984,.T.);
#3652=EDGE_CURVE('',#4884,#4886,#5985,.T.);
#3653=EDGE_CURVE('',#4887,#4548,#5986,.T.);
#3654=EDGE_CURVE('',#4886,#4887,#5987,.T.);
#3655=EDGE_CURVE('',#4888,#4547,#5988,.T.);
#3656=EDGE_CURVE('',#4887,#4888,#5989,.T.);
#3657=EDGE_CURVE('',#4889,#4546,#5990,.T.);
#3658=EDGE_CURVE('',#4888,#4889,#5991,.T.);
#3659=EDGE_CURVE('',#4889,#4885,#5992,.T.);
#3660=EDGE_CURVE('',#4890,#4551,#5993,.T.);
#3661=EDGE_CURVE('',#4891,#4890,#5994,.T.);
#3662=EDGE_CURVE('',#4891,#4550,#5995,.T.);
#3663=EDGE_CURVE('',#4892,#4555,#5996,.T.);
#3664=EDGE_CURVE('',#4890,#4892,#5997,.T.);
#3665=EDGE_CURVE('',#4893,#4554,#5998,.T.);
#3666=EDGE_CURVE('',#4892,#4893,#5999,.T.);
#3667=EDGE_CURVE('',#4894,#4553,#6000,.T.);
#3668=EDGE_CURVE('',#4893,#4894,#6001,.T.);
#3669=EDGE_CURVE('',#4895,#4552,#6002,.T.);
#3670=EDGE_CURVE('',#4894,#4895,#6003,.T.);
#3671=EDGE_CURVE('',#4895,#4891,#6004,.T.);
#3672=EDGE_CURVE('',#4896,#4557,#6005,.T.);
#3673=EDGE_CURVE('',#4897,#4896,#6006,.T.);
#3674=EDGE_CURVE('',#4897,#4556,#6007,.T.);
#3675=EDGE_CURVE('',#4898,#4561,#6008,.T.);
#3676=EDGE_CURVE('',#4896,#4898,#6009,.T.);
#3677=EDGE_CURVE('',#4899,#4560,#6010,.T.);
#3678=EDGE_CURVE('',#4898,#4899,#6011,.T.);
#3679=EDGE_CURVE('',#4900,#4559,#6012,.T.);
#3680=EDGE_CURVE('',#4899,#4900,#6013,.T.);
#3681=EDGE_CURVE('',#4901,#4558,#6014,.T.);
#3682=EDGE_CURVE('',#4900,#4901,#6015,.T.);
#3683=EDGE_CURVE('',#4901,#4897,#6016,.T.);
#3684=EDGE_CURVE('',#4902,#4563,#6017,.T.);
#3685=EDGE_CURVE('',#4903,#4902,#6018,.T.);
#3686=EDGE_CURVE('',#4903,#4562,#6019,.T.);
#3687=EDGE_CURVE('',#4904,#4567,#6020,.T.);
#3688=EDGE_CURVE('',#4902,#4904,#6021,.T.);
#3689=EDGE_CURVE('',#4905,#4566,#6022,.T.);
#3690=EDGE_CURVE('',#4904,#4905,#6023,.T.);
#3691=EDGE_CURVE('',#4906,#4565,#6024,.T.);
#3692=EDGE_CURVE('',#4905,#4906,#6025,.T.);
#3693=EDGE_CURVE('',#4907,#4564,#6026,.T.);
#3694=EDGE_CURVE('',#4906,#4907,#6027,.T.);
#3695=EDGE_CURVE('',#4907,#4903,#6028,.T.);
#3696=EDGE_CURVE('',#4908,#4569,#6029,.T.);
#3697=EDGE_CURVE('',#4909,#4908,#6030,.T.);
#3698=EDGE_CURVE('',#4909,#4568,#6031,.T.);
#3699=EDGE_CURVE('',#4910,#4573,#6032,.T.);
#3700=EDGE_CURVE('',#4908,#4910,#6033,.T.);
#3701=EDGE_CURVE('',#4911,#4572,#6034,.T.);
#3702=EDGE_CURVE('',#4910,#4911,#6035,.T.);
#3703=EDGE_CURVE('',#4912,#4571,#6036,.T.);
#3704=EDGE_CURVE('',#4911,#4912,#6037,.T.);
#3705=EDGE_CURVE('',#4913,#4570,#6038,.T.);
#3706=EDGE_CURVE('',#4912,#4913,#6039,.T.);
#3707=EDGE_CURVE('',#4913,#4909,#6040,.T.);
#3708=EDGE_CURVE('',#4914,#4575,#6041,.T.);
#3709=EDGE_CURVE('',#4915,#4914,#6042,.T.);
#3710=EDGE_CURVE('',#4915,#4574,#6043,.T.);
#3711=EDGE_CURVE('',#4916,#4579,#6044,.T.);
#3712=EDGE_CURVE('',#4914,#4916,#6045,.T.);
#3713=EDGE_CURVE('',#4917,#4578,#6046,.T.);
#3714=EDGE_CURVE('',#4916,#4917,#6047,.T.);
#3715=EDGE_CURVE('',#4918,#4577,#6048,.T.);
#3716=EDGE_CURVE('',#4917,#4918,#6049,.T.);
#3717=EDGE_CURVE('',#4919,#4576,#6050,.T.);
#3718=EDGE_CURVE('',#4918,#4919,#6051,.T.);
#3719=EDGE_CURVE('',#4919,#4915,#6052,.T.);
#3720=EDGE_CURVE('',#4920,#4581,#6053,.T.);
#3721=EDGE_CURVE('',#4921,#4920,#6054,.T.);
#3722=EDGE_CURVE('',#4921,#4580,#6055,.T.);
#3723=EDGE_CURVE('',#4922,#4585,#6056,.T.);
#3724=EDGE_CURVE('',#4920,#4922,#6057,.T.);
#3725=EDGE_CURVE('',#4923,#4584,#6058,.T.);
#3726=EDGE_CURVE('',#4922,#4923,#6059,.T.);
#3727=EDGE_CURVE('',#4924,#4583,#6060,.T.);
#3728=EDGE_CURVE('',#4923,#4924,#6061,.T.);
#3729=EDGE_CURVE('',#4925,#4582,#6062,.T.);
#3730=EDGE_CURVE('',#4924,#4925,#6063,.T.);
#3731=EDGE_CURVE('',#4925,#4921,#6064,.T.);
#3732=EDGE_CURVE('',#4926,#4587,#6065,.T.);
#3733=EDGE_CURVE('',#4927,#4926,#6066,.T.);
#3734=EDGE_CURVE('',#4927,#4586,#6067,.T.);
#3735=EDGE_CURVE('',#4928,#4591,#6068,.T.);
#3736=EDGE_CURVE('',#4926,#4928,#6069,.T.);
#3737=EDGE_CURVE('',#4929,#4590,#6070,.T.);
#3738=EDGE_CURVE('',#4928,#4929,#6071,.T.);
#3739=EDGE_CURVE('',#4930,#4589,#6072,.T.);
#3740=EDGE_CURVE('',#4929,#4930,#6073,.T.);
#3741=EDGE_CURVE('',#4931,#4588,#6074,.T.);
#3742=EDGE_CURVE('',#4930,#4931,#6075,.T.);
#3743=EDGE_CURVE('',#4931,#4927,#6076,.T.);
#3744=EDGE_CURVE('',#4932,#4593,#6077,.T.);
#3745=EDGE_CURVE('',#4933,#4932,#6078,.T.);
#3746=EDGE_CURVE('',#4933,#4592,#6079,.T.);
#3747=EDGE_CURVE('',#4934,#4597,#6080,.T.);
#3748=EDGE_CURVE('',#4932,#4934,#6081,.T.);
#3749=EDGE_CURVE('',#4935,#4596,#6082,.T.);
#3750=EDGE_CURVE('',#4934,#4935,#6083,.T.);
#3751=EDGE_CURVE('',#4936,#4595,#6084,.T.);
#3752=EDGE_CURVE('',#4935,#4936,#6085,.T.);
#3753=EDGE_CURVE('',#4937,#4594,#6086,.T.);
#3754=EDGE_CURVE('',#4936,#4937,#6087,.T.);
#3755=EDGE_CURVE('',#4937,#4933,#6088,.T.);
#3756=EDGE_CURVE('',#4938,#4599,#6089,.T.);
#3757=EDGE_CURVE('',#4939,#4938,#6090,.T.);
#3758=EDGE_CURVE('',#4939,#4598,#6091,.T.);
#3759=EDGE_CURVE('',#4940,#4603,#6092,.T.);
#3760=EDGE_CURVE('',#4938,#4940,#6093,.T.);
#3761=EDGE_CURVE('',#4941,#4602,#6094,.T.);
#3762=EDGE_CURVE('',#4940,#4941,#6095,.T.);
#3763=EDGE_CURVE('',#4942,#4601,#6096,.T.);
#3764=EDGE_CURVE('',#4941,#4942,#6097,.T.);
#3765=EDGE_CURVE('',#4943,#4600,#6098,.T.);
#3766=EDGE_CURVE('',#4942,#4943,#6099,.T.);
#3767=EDGE_CURVE('',#4943,#4939,#6100,.T.);
#3768=EDGE_CURVE('',#4944,#4605,#6101,.T.);
#3769=EDGE_CURVE('',#4945,#4944,#6102,.T.);
#3770=EDGE_CURVE('',#4945,#4604,#6103,.T.);
#3771=EDGE_CURVE('',#4946,#4609,#6104,.T.);
#3772=EDGE_CURVE('',#4944,#4946,#6105,.T.);
#3773=EDGE_CURVE('',#4947,#4608,#6106,.T.);
#3774=EDGE_CURVE('',#4946,#4947,#6107,.T.);
#3775=EDGE_CURVE('',#4948,#4607,#6108,.T.);
#3776=EDGE_CURVE('',#4947,#4948,#6109,.T.);
#3777=EDGE_CURVE('',#4949,#4606,#6110,.T.);
#3778=EDGE_CURVE('',#4948,#4949,#6111,.T.);
#3779=EDGE_CURVE('',#4949,#4945,#6112,.T.);
#3780=EDGE_CURVE('',#4950,#4611,#6113,.T.);
#3781=EDGE_CURVE('',#4951,#4950,#6114,.T.);
#3782=EDGE_CURVE('',#4951,#4610,#6115,.T.);
#3783=EDGE_CURVE('',#4952,#4615,#6116,.T.);
#3784=EDGE_CURVE('',#4950,#4952,#6117,.T.);
#3785=EDGE_CURVE('',#4953,#4614,#6118,.T.);
#3786=EDGE_CURVE('',#4952,#4953,#6119,.T.);
#3787=EDGE_CURVE('',#4954,#4613,#6120,.T.);
#3788=EDGE_CURVE('',#4953,#4954,#6121,.T.);
#3789=EDGE_CURVE('',#4955,#4612,#6122,.T.);
#3790=EDGE_CURVE('',#4954,#4955,#6123,.T.);
#3791=EDGE_CURVE('',#4955,#4951,#6124,.T.);
#3792=EDGE_CURVE('',#4956,#4617,#6125,.T.);
#3793=EDGE_CURVE('',#4957,#4956,#6126,.T.);
#3794=EDGE_CURVE('',#4957,#4616,#6127,.T.);
#3795=EDGE_CURVE('',#4958,#4621,#6128,.T.);
#3796=EDGE_CURVE('',#4956,#4958,#6129,.T.);
#3797=EDGE_CURVE('',#4959,#4620,#6130,.T.);
#3798=EDGE_CURVE('',#4958,#4959,#6131,.T.);
#3799=EDGE_CURVE('',#4960,#4619,#6132,.T.);
#3800=EDGE_CURVE('',#4959,#4960,#6133,.T.);
#3801=EDGE_CURVE('',#4961,#4618,#6134,.T.);
#3802=EDGE_CURVE('',#4960,#4961,#6135,.T.);
#3803=EDGE_CURVE('',#4961,#4957,#6136,.T.);
#3804=EDGE_CURVE('',#4962,#4623,#6137,.T.);
#3805=EDGE_CURVE('',#4963,#4962,#6138,.T.);
#3806=EDGE_CURVE('',#4963,#4622,#6139,.T.);
#3807=EDGE_CURVE('',#4964,#4627,#6140,.T.);
#3808=EDGE_CURVE('',#4962,#4964,#6141,.T.);
#3809=EDGE_CURVE('',#4965,#4626,#6142,.T.);
#3810=EDGE_CURVE('',#4964,#4965,#6143,.T.);
#3811=EDGE_CURVE('',#4966,#4625,#6144,.T.);
#3812=EDGE_CURVE('',#4965,#4966,#6145,.T.);
#3813=EDGE_CURVE('',#4967,#4624,#6146,.T.);
#3814=EDGE_CURVE('',#4966,#4967,#6147,.T.);
#3815=EDGE_CURVE('',#4967,#4963,#6148,.T.);
#3816=EDGE_CURVE('',#4968,#4629,#6149,.T.);
#3817=EDGE_CURVE('',#4969,#4968,#6150,.T.);
#3818=EDGE_CURVE('',#4969,#4628,#6151,.T.);
#3819=EDGE_CURVE('',#4970,#4633,#6152,.T.);
#3820=EDGE_CURVE('',#4968,#4970,#6153,.T.);
#3821=EDGE_CURVE('',#4971,#4632,#6154,.T.);
#3822=EDGE_CURVE('',#4970,#4971,#6155,.T.);
#3823=EDGE_CURVE('',#4972,#4631,#6156,.T.);
#3824=EDGE_CURVE('',#4971,#4972,#6157,.T.);
#3825=EDGE_CURVE('',#4973,#4630,#6158,.T.);
#3826=EDGE_CURVE('',#4972,#4973,#6159,.T.);
#3827=EDGE_CURVE('',#4973,#4969,#6160,.T.);
#3828=EDGE_CURVE('',#4974,#4635,#6161,.T.);
#3829=EDGE_CURVE('',#4975,#4974,#6162,.T.);
#3830=EDGE_CURVE('',#4975,#4634,#6163,.T.);
#3831=EDGE_CURVE('',#4976,#4639,#6164,.T.);
#3832=EDGE_CURVE('',#4974,#4976,#6165,.T.);
#3833=EDGE_CURVE('',#4977,#4638,#6166,.T.);
#3834=EDGE_CURVE('',#4976,#4977,#6167,.T.);
#3835=EDGE_CURVE('',#4978,#4637,#6168,.T.);
#3836=EDGE_CURVE('',#4977,#4978,#6169,.T.);
#3837=EDGE_CURVE('',#4979,#4636,#6170,.T.);
#3838=EDGE_CURVE('',#4978,#4979,#6171,.T.);
#3839=EDGE_CURVE('',#4979,#4975,#6172,.T.);
#3840=EDGE_CURVE('',#4980,#4641,#6173,.T.);
#3841=EDGE_CURVE('',#4981,#4980,#6174,.T.);
#3842=EDGE_CURVE('',#4981,#4640,#6175,.T.);
#3843=EDGE_CURVE('',#4982,#4645,#6176,.T.);
#3844=EDGE_CURVE('',#4980,#4982,#6177,.T.);
#3845=EDGE_CURVE('',#4983,#4644,#6178,.T.);
#3846=EDGE_CURVE('',#4982,#4983,#6179,.T.);
#3847=EDGE_CURVE('',#4984,#4643,#6180,.T.);
#3848=EDGE_CURVE('',#4983,#4984,#6181,.T.);
#3849=EDGE_CURVE('',#4985,#4642,#6182,.T.);
#3850=EDGE_CURVE('',#4984,#4985,#6183,.T.);
#3851=EDGE_CURVE('',#4985,#4981,#6184,.T.);
#3852=EDGE_CURVE('',#4986,#4647,#6185,.T.);
#3853=EDGE_CURVE('',#4987,#4986,#6186,.T.);
#3854=EDGE_CURVE('',#4987,#4646,#6187,.T.);
#3855=EDGE_CURVE('',#4988,#4651,#6188,.T.);
#3856=EDGE_CURVE('',#4986,#4988,#6189,.T.);
#3857=EDGE_CURVE('',#4989,#4650,#6190,.T.);
#3858=EDGE_CURVE('',#4988,#4989,#6191,.T.);
#3859=EDGE_CURVE('',#4990,#4649,#6192,.T.);
#3860=EDGE_CURVE('',#4989,#4990,#6193,.T.);
#3861=EDGE_CURVE('',#4991,#4648,#6194,.T.);
#3862=EDGE_CURVE('',#4990,#4991,#6195,.T.);
#3863=EDGE_CURVE('',#4991,#4987,#6196,.T.);
#3864=EDGE_CURVE('',#4992,#4653,#6197,.T.);
#3865=EDGE_CURVE('',#4993,#4992,#6198,.T.);
#3866=EDGE_CURVE('',#4993,#4652,#6199,.T.);
#3867=EDGE_CURVE('',#4994,#4657,#6200,.T.);
#3868=EDGE_CURVE('',#4992,#4994,#6201,.T.);
#3869=EDGE_CURVE('',#4995,#4656,#6202,.T.);
#3870=EDGE_CURVE('',#4994,#4995,#6203,.T.);
#3871=EDGE_CURVE('',#4996,#4655,#6204,.T.);
#3872=EDGE_CURVE('',#4995,#4996,#6205,.T.);
#3873=EDGE_CURVE('',#4997,#4654,#6206,.T.);
#3874=EDGE_CURVE('',#4996,#4997,#6207,.T.);
#3875=EDGE_CURVE('',#4997,#4993,#6208,.T.);
#3876=EDGE_CURVE('',#4998,#4659,#6209,.T.);
#3877=EDGE_CURVE('',#4999,#4998,#6210,.T.);
#3878=EDGE_CURVE('',#4999,#4658,#6211,.T.);
#3879=EDGE_CURVE('',#5000,#4663,#6212,.T.);
#3880=EDGE_CURVE('',#4998,#5000,#6213,.T.);
#3881=EDGE_CURVE('',#5001,#4662,#6214,.T.);
#3882=EDGE_CURVE('',#5000,#5001,#6215,.T.);
#3883=EDGE_CURVE('',#5002,#4661,#6216,.T.);
#3884=EDGE_CURVE('',#5001,#5002,#6217,.T.);
#3885=EDGE_CURVE('',#5003,#4660,#6218,.T.);
#3886=EDGE_CURVE('',#5002,#5003,#6219,.T.);
#3887=EDGE_CURVE('',#5003,#4999,#6220,.T.);
#3888=EDGE_CURVE('',#5004,#4665,#6221,.T.);
#3889=EDGE_CURVE('',#5005,#5004,#6222,.T.);
#3890=EDGE_CURVE('',#5005,#4664,#6223,.T.);
#3891=EDGE_CURVE('',#5006,#4669,#6224,.T.);
#3892=EDGE_CURVE('',#5004,#5006,#6225,.T.);
#3893=EDGE_CURVE('',#5007,#4668,#6226,.T.);
#3894=EDGE_CURVE('',#5006,#5007,#6227,.T.);
#3895=EDGE_CURVE('',#5008,#4667,#6228,.T.);
#3896=EDGE_CURVE('',#5007,#5008,#6229,.T.);
#3897=EDGE_CURVE('',#5009,#4666,#6230,.T.);
#3898=EDGE_CURVE('',#5008,#5009,#6231,.T.);
#3899=EDGE_CURVE('',#5009,#5005,#6232,.T.);
#3900=EDGE_CURVE('',#5010,#4671,#6233,.T.);
#3901=EDGE_CURVE('',#5011,#5010,#6234,.T.);
#3902=EDGE_CURVE('',#5011,#4670,#6235,.T.);
#3903=EDGE_CURVE('',#5012,#4675,#6236,.T.);
#3904=EDGE_CURVE('',#5010,#5012,#6237,.T.);
#3905=EDGE_CURVE('',#5013,#4674,#6238,.T.);
#3906=EDGE_CURVE('',#5012,#5013,#6239,.T.);
#3907=EDGE_CURVE('',#5014,#4673,#6240,.T.);
#3908=EDGE_CURVE('',#5013,#5014,#6241,.T.);
#3909=EDGE_CURVE('',#5015,#4672,#6242,.T.);
#3910=EDGE_CURVE('',#5014,#5015,#6243,.T.);
#3911=EDGE_CURVE('',#5015,#5011,#6244,.T.);
#3912=EDGE_CURVE('',#5016,#4677,#6245,.T.);
#3913=EDGE_CURVE('',#5017,#5016,#6246,.T.);
#3914=EDGE_CURVE('',#5017,#4676,#6247,.T.);
#3915=EDGE_CURVE('',#5018,#4681,#6248,.T.);
#3916=EDGE_CURVE('',#5016,#5018,#6249,.T.);
#3917=EDGE_CURVE('',#5019,#4680,#6250,.T.);
#3918=EDGE_CURVE('',#5018,#5019,#6251,.T.);
#3919=EDGE_CURVE('',#5020,#4679,#6252,.T.);
#3920=EDGE_CURVE('',#5019,#5020,#6253,.T.);
#3921=EDGE_CURVE('',#5021,#4678,#6254,.T.);
#3922=EDGE_CURVE('',#5020,#5021,#6255,.T.);
#3923=EDGE_CURVE('',#5021,#5017,#6256,.T.);
#3924=EDGE_CURVE('',#5022,#4683,#6257,.T.);
#3925=EDGE_CURVE('',#5023,#5022,#6258,.T.);
#3926=EDGE_CURVE('',#5023,#4682,#6259,.T.);
#3927=EDGE_CURVE('',#5024,#4687,#6260,.T.);
#3928=EDGE_CURVE('',#5022,#5024,#6261,.T.);
#3929=EDGE_CURVE('',#5025,#4686,#6262,.T.);
#3930=EDGE_CURVE('',#5024,#5025,#6263,.T.);
#3931=EDGE_CURVE('',#5026,#4685,#6264,.T.);
#3932=EDGE_CURVE('',#5025,#5026,#6265,.T.);
#3933=EDGE_CURVE('',#5027,#4684,#6266,.T.);
#3934=EDGE_CURVE('',#5026,#5027,#6267,.T.);
#3935=EDGE_CURVE('',#5027,#5023,#6268,.T.);
#3936=EDGE_CURVE('',#5028,#4689,#6269,.T.);
#3937=EDGE_CURVE('',#5029,#5028,#6270,.T.);
#3938=EDGE_CURVE('',#5029,#4688,#6271,.T.);
#3939=EDGE_CURVE('',#5030,#4693,#6272,.T.);
#3940=EDGE_CURVE('',#5028,#5030,#6273,.T.);
#3941=EDGE_CURVE('',#5031,#4692,#6274,.T.);
#3942=EDGE_CURVE('',#5030,#5031,#6275,.T.);
#3943=EDGE_CURVE('',#5032,#4691,#6276,.T.);
#3944=EDGE_CURVE('',#5031,#5032,#6277,.T.);
#3945=EDGE_CURVE('',#5033,#4690,#6278,.T.);
#3946=EDGE_CURVE('',#5032,#5033,#6279,.T.);
#3947=EDGE_CURVE('',#5033,#5029,#6280,.T.);
#3948=EDGE_CURVE('',#4710,#5034,#6281,.F.);
#3949=EDGE_CURVE('',#5034,#5035,#6282,.T.);
#3950=EDGE_CURVE('',#5035,#4711,#6283,.T.);
#3951=EDGE_CURVE('',#4712,#5036,#6284,.F.);
#3952=EDGE_CURVE('',#5036,#5037,#6285,.T.);
#3953=EDGE_CURVE('',#5037,#4713,#6286,.T.);
#3954=EDGE_CURVE('',#5038,#5039,#6287,.T.);
#3955=EDGE_CURVE('',#5038,#4715,#6288,.T.);
#3956=EDGE_CURVE('',#4714,#5039,#6289,.F.);
#3957=EDGE_CURVE('',#5040,#5041,#6290,.T.);
#3958=EDGE_CURVE('',#5040,#4709,#6291,.T.);
#3959=EDGE_CURVE('',#5042,#4708,#6292,.T.);
#3960=EDGE_CURVE('',#5042,#5043,#6293,.T.);
#3961=EDGE_CURVE('',#5043,#4705,#6294,.T.);
#3962=EDGE_CURVE('',#5044,#4704,#6295,.T.);
#3963=EDGE_CURVE('',#5045,#5044,#6296,.T.);
#3964=EDGE_CURVE('',#5045,#4700,#6297,.T.);
#3965=EDGE_CURVE('',#4701,#5041,#6298,.F.);
#3966=EDGE_CURVE('',#5046,#5047,#6299,.T.);
#3967=EDGE_CURVE('',#5047,#5048,#6300,.T.);
#3968=EDGE_CURVE('',#5048,#5049,#6301,.T.);
#3969=EDGE_CURVE('',#5049,#5050,#6302,.T.);
#3970=EDGE_CURVE('',#5050,#5051,#6303,.T.);
#3971=EDGE_CURVE('',#5051,#5046,#6304,.T.);
#3972=EDGE_CURVE('',#5034,#5040,#79,.F.);
#3973=EDGE_CURVE('',#5041,#5038,#80,.F.);
#3974=EDGE_CURVE('',#5039,#5037,#81,.F.);
#3975=EDGE_CURVE('',#5036,#5035,#82,.F.);
#3976=EDGE_CURVE('',#5048,#4695,#6305,.T.);
#3977=EDGE_CURVE('',#5047,#4694,#6306,.T.);
#3978=EDGE_CURVE('',#5049,#4699,#6307,.T.);
#3979=EDGE_CURVE('',#5050,#4698,#6308,.T.);
#3980=EDGE_CURVE('',#5051,#4697,#6309,.T.);
#3981=EDGE_CURVE('',#5046,#4696,#6310,.T.);
#3982=EDGE_CURVE('',#4707,#5052,#6311,.T.);
#3983=EDGE_CURVE('',#5053,#5052,#6312,.T.);
#3984=EDGE_CURVE('',#5054,#5053,#6313,.T.);
#3985=EDGE_CURVE('',#5054,#5055,#6314,.T.);
#3986=EDGE_CURVE('',#5055,#5042,#6315,.T.);
#3987=EDGE_CURVE('',#5052,#5056,#6316,.T.);
#3988=EDGE_CURVE('',#5057,#5056,#6317,.T.);
#3989=EDGE_CURVE('',#5053,#5057,#6318,.T.);
#3990=EDGE_CURVE('',#5058,#5043,#6319,.T.);
#3991=EDGE_CURVE('',#5059,#5058,#6320,.T.);
#3992=EDGE_CURVE('',#5059,#5057,#6321,.T.);
#3993=EDGE_CURVE('',#4706,#5056,#6322,.T.);
#3994=EDGE_CURVE('',#5054,#5059,#6323,.T.);
#3995=EDGE_CURVE('',#5055,#5058,#6324,.T.);
#3996=EDGE_CURVE('',#5060,#4372,#6325,.T.);
#3997=EDGE_CURVE('',#5060,#5061,#6326,.T.);
#3998=EDGE_CURVE('',#5061,#4373,#6327,.T.);
#3999=EDGE_CURVE('',#4375,#5062,#6328,.T.);
#4000=EDGE_CURVE('',#5063,#5062,#6329,.T.);
#4001=EDGE_CURVE('',#5064,#5063,#6330,.T.);
#4002=EDGE_CURVE('',#5064,#5065,#6331,.T.);
#4003=EDGE_CURVE('',#5065,#5060,#6332,.T.);
#4004=EDGE_CURVE('',#5062,#5066,#6333,.T.);
#4005=EDGE_CURVE('',#5067,#5066,#6334,.T.);
#4006=EDGE_CURVE('',#5063,#5067,#6335,.T.);
#4007=EDGE_CURVE('',#5068,#5061,#6336,.T.);
#4008=EDGE_CURVE('',#5069,#5068,#6337,.T.);
#4009=EDGE_CURVE('',#5069,#5067,#6338,.T.);
#4010=EDGE_CURVE('',#4374,#5066,#6339,.T.);
#4011=EDGE_CURVE('',#5064,#5069,#6340,.T.);
#4012=EDGE_CURVE('',#5065,#5068,#6341,.T.);
#4013=EDGE_CURVE('',#5070,#4368,#6342,.T.);
#4014=EDGE_CURVE('',#5071,#4369,#6343,.T.);
#4015=EDGE_CURVE('',#5070,#5071,#6344,.T.);
#4016=EDGE_CURVE('',#5072,#5070,#6345,.T.);
#4017=EDGE_CURVE('',#5073,#5072,#6346,.T.);
#4018=EDGE_CURVE('',#5073,#5074,#6347,.T.);
#4019=EDGE_CURVE('',#5074,#5075,#6348,.T.);
#4020=EDGE_CURVE('',#4370,#5075,#6349,.T.);
#4021=EDGE_CURVE('',#5074,#5076,#6350,.T.);
#4022=EDGE_CURVE('',#5076,#5077,#6351,.T.);
#4023=EDGE_CURVE('',#5075,#5077,#6352,.T.);
#4024=EDGE_CURVE('',#4371,#5077,#6353,.T.);
#4025=EDGE_CURVE('',#5078,#5076,#6354,.T.);
#4026=EDGE_CURVE('',#5078,#5079,#6355,.T.);
#4027=EDGE_CURVE('',#5079,#5071,#6356,.T.);
#4028=EDGE_CURVE('',#5073,#5078,#6357,.T.);
#4029=EDGE_CURVE('',#5072,#5079,#6358,.T.);
#4030=EDGE_CURVE('',#5080,#5045,#6359,.T.);
#4031=EDGE_CURVE('',#5081,#5080,#6360,.T.);
#4032=EDGE_CURVE('',#5081,#5082,#6361,.T.);
#4033=EDGE_CURVE('',#5082,#5083,#6362,.T.);
#4034=EDGE_CURVE('',#4702,#5083,#6363,.T.);
#4035=EDGE_CURVE('',#5082,#5084,#6364,.T.);
#4036=EDGE_CURVE('',#5084,#5085,#6365,.T.);
#4037=EDGE_CURVE('',#5083,#5085,#6366,.T.);
#4038=EDGE_CURVE('',#4703,#5085,#6367,.T.);
#4039=EDGE_CURVE('',#5086,#5084,#6368,.T.);
#4040=EDGE_CURVE('',#5086,#5087,#6369,.T.);
#4041=EDGE_CURVE('',#5087,#5044,#6370,.T.);
#4042=EDGE_CURVE('',#5081,#5086,#6371,.T.);
#4043=EDGE_CURVE('',#5080,#5087,#6372,.T.);
#4044=EDGE_CURVE('',#5088,#5089,#6373,.T.);
#4045=EDGE_CURVE('',#5089,#5090,#6374,.F.);
#4046=EDGE_CURVE('',#5091,#5090,#6375,.T.);
#4047=EDGE_CURVE('',#5091,#5092,#6376,.T.);
#4048=EDGE_CURVE('',#5093,#5092,#6377,.T.);
#4049=EDGE_CURVE('',#5094,#5093,#6378,.T.);
#4050=EDGE_CURVE('',#5094,#5095,#6379,.T.);
#4051=EDGE_CURVE('',#5095,#5096,#6380,.T.);
#4052=EDGE_CURVE('',#5096,#5097,#6381,.F.);
#4053=EDGE_CURVE('',#5097,#5088,#6382,.T.);
#4054=EDGE_CURVE('',#5098,#5098,#83,.T.);
#4055=EDGE_CURVE('',#5099,#5100,#6383,.T.);
#4056=EDGE_CURVE('',#5099,#5101,#6384,.T.);
#4057=EDGE_CURVE('',#5101,#5102,#6385,.T.);
#4058=EDGE_CURVE('',#5100,#5102,#6386,.T.);
#4059=EDGE_CURVE('',#5103,#5104,#6387,.T.);
#4060=EDGE_CURVE('',#5104,#5105,#6388,.T.);
#4061=EDGE_CURVE('',#5106,#5105,#6389,.T.);
#4062=EDGE_CURVE('',#5107,#5106,#6390,.T.);
#4063=EDGE_CURVE('',#5107,#5108,#6391,.T.);
#4064=EDGE_CURVE('',#5109,#5108,#6392,.T.);
#4065=EDGE_CURVE('',#5110,#5109,#6393,.T.);
#4066=EDGE_CURVE('',#5111,#5110,#6394,.T.);
#4067=EDGE_CURVE('',#5111,#5112,#6395,.F.);
#4068=EDGE_CURVE('',#5112,#5113,#6396,.T.);
#4069=EDGE_CURVE('',#5113,#5114,#6397,.T.);
#4070=EDGE_CURVE('',#5114,#5115,#6398,.F.);
#4071=EDGE_CURVE('',#5115,#5116,#6399,.T.);
#4072=EDGE_CURVE('',#5116,#5117,#6400,.T.);
#4073=EDGE_CURVE('',#5117,#5118,#84,.F.);
#4074=EDGE_CURVE('',#5118,#5119,#6401,.T.);
#4075=EDGE_CURVE('',#5119,#5120,#85,.F.);
#4076=EDGE_CURVE('',#5103,#5120,#6402,.T.);
#4077=EDGE_CURVE('',#5121,#5121,#86,.T.);
#4078=EDGE_CURVE('',#5122,#5123,#6403,.T.);
#4079=EDGE_CURVE('',#5122,#5124,#6404,.T.);
#4080=EDGE_CURVE('',#5124,#5125,#6405,.T.);
#4081=EDGE_CURVE('',#5123,#5125,#6406,.T.);
#4082=EDGE_CURVE('',#5126,#5127,#6407,.T.);
#4083=EDGE_CURVE('',#5128,#5126,#6408,.T.);
#4084=EDGE_CURVE('',#5128,#5129,#6409,.T.);
#4085=EDGE_CURVE('',#5129,#5127,#6410,.T.);
#4086=EDGE_CURVE('',#5130,#5131,#6411,.T.);
#4087=EDGE_CURVE('',#5131,#5132,#6412,.T.);
#4088=EDGE_CURVE('',#5133,#5132,#6413,.T.);
#4089=EDGE_CURVE('',#5130,#5133,#6414,.T.);
#4090=EDGE_CURVE('',#5134,#5135,#6415,.T.);
#4091=EDGE_CURVE('',#5135,#5136,#6416,.F.);
#4092=EDGE_CURVE('',#5136,#5137,#6417,.T.);
#4093=EDGE_CURVE('',#5137,#5138,#6418,.T.);
#4094=EDGE_CURVE('',#5138,#5139,#6419,.F.);
#4095=EDGE_CURVE('',#5140,#5139,#6420,.T.);
#4096=EDGE_CURVE('',#5140,#5141,#6421,.T.);
#4097=EDGE_CURVE('',#5142,#5141,#6422,.T.);
#4098=EDGE_CURVE('',#5143,#5142,#6423,.T.);
#4099=EDGE_CURVE('',#5143,#5134,#6424,.T.);
#4100=EDGE_CURVE('',#5144,#5145,#6425,.T.);
#4101=EDGE_CURVE('',#5144,#5146,#6426,.T.);
#4102=EDGE_CURVE('',#5146,#5147,#6427,.T.);
#4103=EDGE_CURVE('',#5145,#5147,#6428,.T.);
#4104=EDGE_CURVE('',#5148,#5149,#87,.T.);
#4105=EDGE_CURVE('',#5149,#5150,#6429,.T.);
#4106=EDGE_CURVE('',#5116,#5150,#6430,.T.);
#4107=EDGE_CURVE('',#5115,#5151,#88,.F.);
#4108=EDGE_CURVE('',#5152,#5151,#6431,.T.);
#4109=EDGE_CURVE('',#5152,#5140,#89,.F.);
#4110=EDGE_CURVE('',#5139,#5091,#90,.F.);
#4111=EDGE_CURVE('',#5090,#5104,#91,.F.);
#4112=EDGE_CURVE('',#5103,#5153,#6432,.T.);
#4113=EDGE_CURVE('',#5153,#5154,#6433,.T.);
#4114=EDGE_CURVE('',#5154,#5155,#92,.T.);
#4115=EDGE_CURVE('',#5155,#5156,#6434,.F.);
#4116=EDGE_CURVE('',#5156,#5157,#93,.T.);
#4117=EDGE_CURVE('',#5157,#5158,#6435,.F.);
#4118=EDGE_CURVE('',#5158,#5159,#94,.T.);
#4119=EDGE_CURVE('',#5159,#5148,#6436,.T.);
#4120=EDGE_CURVE('',#5160,#5161,#6437,.T.);
#4121=EDGE_CURVE('',#5161,#5162,#6438,.T.);
#4122=EDGE_CURVE('',#5163,#5162,#6439,.T.);
#4123=EDGE_CURVE('',#5160,#5163,#6440,.T.);
#4124=EDGE_CURVE('',#5151,#5164,#6441,.T.);
#4125=EDGE_CURVE('',#5165,#5164,#6442,.T.);
#4126=EDGE_CURVE('',#5166,#5165,#6443,.T.);
#4127=EDGE_CURVE('',#5166,#5167,#6444,.T.);
#4128=EDGE_CURVE('',#5168,#5167,#6445,.T.);
#4129=EDGE_CURVE('',#5168,#5169,#6446,.T.);
#4130=EDGE_CURVE('',#5170,#5169,#6447,.T.);
#4131=EDGE_CURVE('',#5170,#5171,#6448,.F.);
#4132=EDGE_CURVE('',#5171,#5172,#6449,.T.);
#4133=EDGE_CURVE('',#5172,#5173,#6450,.T.);
#4134=EDGE_CURVE('',#5173,#5152,#6451,.F.);
#4135=EDGE_CURVE('',#5174,#5175,#6452,.T.);
#4136=EDGE_CURVE('',#5174,#5176,#95,.F.);
#4137=EDGE_CURVE('',#5176,#5177,#6453,.T.);
#4138=EDGE_CURVE('',#5177,#5178,#96,.F.);
#4139=EDGE_CURVE('',#5178,#5179,#6454,.T.);
#4140=EDGE_CURVE('',#5179,#5180,#97,.F.);
#4141=EDGE_CURVE('',#5181,#5180,#6455,.T.);
#4142=EDGE_CURVE('',#5181,#5175,#98,.F.);
#4143=EDGE_CURVE('',#5182,#5182,#99,.T.);
#4144=EDGE_CURVE('',#5108,#5096,#100,.T.);
#4145=EDGE_CURVE('',#5095,#5135,#101,.T.);
#4146=EDGE_CURVE('',#5134,#5170,#102,.T.);
#4147=EDGE_CURVE('',#5169,#5183,#6456,.T.);
#4148=EDGE_CURVE('',#5183,#5184,#6457,.T.);
#4149=EDGE_CURVE('',#5184,#5185,#6458,.T.);
#4150=EDGE_CURVE('',#5186,#5185,#6459,.T.);
#4151=EDGE_CURVE('',#5186,#5187,#6460,.T.);
#4152=EDGE_CURVE('',#5187,#5188,#6461,.T.);
#4153=EDGE_CURVE('',#5189,#5188,#6462,.T.);
#4154=EDGE_CURVE('',#5189,#5190,#6463,.T.);
#4155=EDGE_CURVE('',#5190,#5191,#6464,.T.);
#4156=EDGE_CURVE('',#5109,#5191,#6465,.T.);
#4157=EDGE_CURVE('',#5192,#5193,#6466,.T.);
#4158=EDGE_CURVE('',#5193,#5194,#6467,.T.);
#4159=EDGE_CURVE('',#5195,#5194,#6468,.T.);
#4160=EDGE_CURVE('',#5192,#5195,#6469,.T.);
#4161=EDGE_CURVE('',#5196,#5197,#6470,.T.);
#4162=EDGE_CURVE('',#5197,#5198,#6471,.T.);
#4163=EDGE_CURVE('',#5199,#5198,#6472,.T.);
#4164=EDGE_CURVE('',#5196,#5199,#6473,.T.);
#4165=EDGE_CURVE('',#5200,#5201,#6474,.T.);
#4166=EDGE_CURVE('',#5201,#5202,#6475,.T.);
#4167=EDGE_CURVE('',#5203,#5202,#6476,.T.);
#4168=EDGE_CURVE('',#5200,#5203,#6477,.T.);
#4169=EDGE_CURVE('',#5204,#5204,#103,.T.);
#4170=EDGE_CURVE('',#5205,#5206,#6478,.T.);
#4171=EDGE_CURVE('',#5206,#5207,#6479,.T.);
#4172=EDGE_CURVE('',#5207,#5208,#6480,.F.);
#4173=EDGE_CURVE('',#5208,#5205,#6481,.F.);
#4174=EDGE_CURVE('',#5209,#5210,#6482,.T.);
#4175=EDGE_CURVE('',#5209,#5211,#104,.F.);
#4176=EDGE_CURVE('',#5211,#5212,#6483,.T.);
#4177=EDGE_CURVE('',#5212,#5213,#105,.F.);
#4178=EDGE_CURVE('',#5213,#5214,#6484,.T.);
#4179=EDGE_CURVE('',#5214,#5215,#106,.F.);
#4180=EDGE_CURVE('',#5216,#5215,#6485,.T.);
#4181=EDGE_CURVE('',#5216,#5210,#107,.F.);
#4182=EDGE_CURVE('',#5217,#5217,#108,.T.);
#4183=EDGE_CURVE('',#5218,#5219,#6486,.T.);
#4184=EDGE_CURVE('',#5219,#5220,#6487,.F.);
#4185=EDGE_CURVE('',#5220,#5221,#6488,.F.);
#4186=EDGE_CURVE('',#5221,#5218,#6489,.T.);
#4187=EDGE_CURVE('',#5222,#5223,#6490,.T.);
#4188=EDGE_CURVE('',#5222,#5224,#6491,.F.);
#4189=EDGE_CURVE('',#5224,#5225,#6492,.F.);
#4190=EDGE_CURVE('',#5225,#5226,#6493,.T.);
#4191=EDGE_CURVE('',#5226,#5227,#6494,.T.);
#4192=EDGE_CURVE('',#5227,#5228,#6495,.F.);
#4193=EDGE_CURVE('',#5228,#5229,#6496,.T.);
#4194=EDGE_CURVE('',#5229,#5230,#109,.F.);
#4195=EDGE_CURVE('',#5231,#5230,#6497,.T.);
#4196=EDGE_CURVE('',#5231,#5223,#110,.F.);
#4197=EDGE_CURVE('',#5232,#5232,#111,.T.);
#4198=EDGE_CURVE('',#5233,#5233,#112,.T.);
#4199=EDGE_CURVE('',#5234,#5235,#6498,.T.);
#4200=EDGE_CURVE('',#5235,#5236,#6499,.T.);
#4201=EDGE_CURVE('',#5236,#5237,#6500,.F.);
#4202=EDGE_CURVE('',#5237,#5234,#6501,.F.);
#4203=EDGE_CURVE('',#5238,#5239,#113,.F.);
#4204=EDGE_CURVE('',#5239,#5240,#6502,.T.);
#4205=EDGE_CURVE('',#5240,#5241,#114,.F.);
#4206=EDGE_CURVE('',#5241,#5242,#6503,.F.);
#4207=EDGE_CURVE('',#5242,#5243,#115,.F.);
#4208=EDGE_CURVE('',#5243,#5244,#6504,.F.);
#4209=EDGE_CURVE('',#5244,#5245,#116,.F.);
#4210=EDGE_CURVE('',#5245,#5238,#6505,.T.);
#4211=EDGE_CURVE('',#5246,#5246,#117,.T.);
#4212=EDGE_CURVE('',#5247,#5247,#118,.F.);
#4213=EDGE_CURVE('',#5248,#5248,#119,.T.);
#4214=EDGE_CURVE('',#5249,#5249,#120,.F.);
#4215=EDGE_CURVE('',#5250,#5200,#6506,.T.);
#4216=EDGE_CURVE('',#5250,#5251,#6507,.T.);
#4217=EDGE_CURVE('',#5251,#5201,#6508,.T.);
#4218=EDGE_CURVE('',#5252,#5203,#6509,.T.);
#4219=EDGE_CURVE('',#5250,#5252,#6510,.T.);
#4220=EDGE_CURVE('',#5253,#5202,#6511,.T.);
#4221=EDGE_CURVE('',#5252,#5253,#6512,.T.);
#4222=EDGE_CURVE('',#5251,#5253,#6513,.T.);
#4223=EDGE_CURVE('',#5254,#5196,#6514,.T.);
#4224=EDGE_CURVE('',#5254,#5255,#6515,.T.);
#4225=EDGE_CURVE('',#5255,#5197,#6516,.T.);
#4226=EDGE_CURVE('',#5256,#5199,#6517,.T.);
#4227=EDGE_CURVE('',#5254,#5256,#6518,.T.);
#4228=EDGE_CURVE('',#5257,#5198,#6519,.T.);
#4229=EDGE_CURVE('',#5256,#5257,#6520,.T.);
#4230=EDGE_CURVE('',#5255,#5257,#6521,.T.);
#4231=EDGE_CURVE('',#5258,#5192,#6522,.T.);
#4232=EDGE_CURVE('',#5258,#5259,#6523,.T.);
#4233=EDGE_CURVE('',#5259,#5193,#6524,.T.);
#4234=EDGE_CURVE('',#5260,#5195,#6525,.T.);
#4235=EDGE_CURVE('',#5258,#5260,#6526,.T.);
#4236=EDGE_CURVE('',#5261,#5194,#6527,.T.);
#4237=EDGE_CURVE('',#5260,#5261,#6528,.T.);
#4238=EDGE_CURVE('',#5259,#5261,#6529,.T.);
#4239=EDGE_CURVE('',#5262,#5183,#6530,.T.);
#4240=EDGE_CURVE('',#5263,#5262,#6531,.T.);
#4241=EDGE_CURVE('',#5263,#5264,#6532,.T.);
#4242=EDGE_CURVE('',#5264,#5184,#6533,.T.);
#4243=EDGE_CURVE('',#5262,#5265,#6534,.T.);
#4244=EDGE_CURVE('',#5266,#5265,#6535,.T.);
#4245=EDGE_CURVE('',#5263,#5266,#6536,.T.);
#4246=EDGE_CURVE('',#5267,#5185,#6537,.T.);
#4247=EDGE_CURVE('',#5266,#5267,#6538,.T.);
#4248=EDGE_CURVE('',#5265,#5186,#6539,.T.);
#4249=EDGE_CURVE('',#5264,#5267,#6540,.T.);
#4250=EDGE_CURVE('',#5265,#5268,#6541,.T.);
#4251=EDGE_CURVE('',#5268,#5187,#6542,.T.);
#4252=EDGE_CURVE('',#5269,#5262,#6543,.T.);
#4253=EDGE_CURVE('',#5270,#5168,#6544,.T.);
#4254=EDGE_CURVE('',#5270,#5269,#6545,.T.);
#4255=EDGE_CURVE('',#5271,#5188,#6546,.T.);
#4256=EDGE_CURVE('',#5272,#5271,#6547,.T.);
#4257=EDGE_CURVE('',#5272,#5189,#6548,.T.);
#4258=EDGE_CURVE('',#5268,#5271,#6549,.T.);
#4259=EDGE_CURVE('',#5269,#5272,#6550,.T.);
#4260=EDGE_CURVE('',#5273,#5190,#6551,.T.);
#4261=EDGE_CURVE('',#5273,#5274,#6552,.T.);
#4262=EDGE_CURVE('',#5274,#5191,#6553,.T.);
#4263=EDGE_CURVE('',#5110,#5274,#6554,.T.);
#4264=EDGE_CURVE('',#5275,#5273,#6555,.T.);
#4265=EDGE_CURVE('',#5275,#5111,#121,.T.);
#4266=EDGE_CURVE('',#5167,#5275,#6556,.T.);
#4267=EDGE_CURVE('',#5276,#5273,#6557,.T.);
#4268=EDGE_CURVE('',#5167,#5276,#6558,.T.);
#4269=EDGE_CURVE('',#5270,#5276,#6559,.T.);
#4270=EDGE_CURVE('',#5211,#5174,#6560,.T.);
#4271=EDGE_CURVE('',#5175,#5212,#6561,.F.);
#4272=EDGE_CURVE('',#5213,#5181,#6562,.T.);
#4273=EDGE_CURVE('',#5180,#5214,#6563,.F.);
#4274=EDGE_CURVE('',#5178,#5216,#6564,.F.);
#4275=EDGE_CURVE('',#5215,#5179,#6565,.T.);
#4276=EDGE_CURVE('',#5210,#5177,#6566,.T.);
#4277=EDGE_CURVE('',#5176,#5209,#6567,.F.);
#4278=EDGE_CURVE('',#5171,#5143,#18,.T.);
#4279=EDGE_CURVE('',#5172,#5142,#122,.T.);
#4280=EDGE_CURVE('',#5141,#5173,#123,.F.);
#4281=EDGE_CURVE('',#5136,#5094,#19,.T.);
#4282=EDGE_CURVE('',#5093,#5137,#124,.T.);
#4283=EDGE_CURVE('',#5092,#5138,#125,.T.);
#4284=EDGE_CURVE('',#5097,#5107,#20,.T.);
#4285=EDGE_CURVE('',#5088,#5106,#126,.T.);
#4286=EDGE_CURVE('',#5105,#5089,#127,.F.);
#4287=EDGE_CURVE('',#5112,#5166,#21,.T.);
#4288=EDGE_CURVE('',#5165,#5113,#128,.T.);
#4289=EDGE_CURVE('',#5164,#5114,#129,.T.);
#4290=EDGE_CURVE('',#5150,#5222,#130,.F.);
#4291=EDGE_CURVE('',#5223,#5117,#6568,.F.);
#4292=EDGE_CURVE('',#5230,#5119,#6569,.F.);
#4293=EDGE_CURVE('',#5118,#5231,#6570,.T.);
#4294=EDGE_CURVE('',#5228,#5153,#131,.T.);
#4295=EDGE_CURVE('',#5120,#5229,#6571,.T.);
#4296=EDGE_CURVE('',#5224,#5219,#132,.F.);
#4297=EDGE_CURVE('',#5218,#5225,#133,.T.);
#4298=EDGE_CURVE('',#5220,#5206,#134,.F.);
#4299=EDGE_CURVE('',#5205,#5221,#135,.T.);
#4300=EDGE_CURVE('',#5207,#5235,#136,.F.);
#4301=EDGE_CURVE('',#5234,#5208,#137,.T.);
#4302=EDGE_CURVE('',#5236,#5227,#138,.F.);
#4303=EDGE_CURVE('',#5226,#5237,#139,.T.);
#4304=EDGE_CURVE('',#5154,#5227,#140,.T.);
#4305=EDGE_CURVE('',#5155,#5236,#141,.T.);
#4306=EDGE_CURVE('',#5156,#5235,#142,.T.);
#4307=EDGE_CURVE('',#5157,#5207,#143,.T.);
#4308=EDGE_CURVE('',#5158,#5206,#144,.T.);
#4309=EDGE_CURVE('',#5159,#5220,#145,.T.);
#4310=EDGE_CURVE('',#5148,#5219,#146,.T.);
#4311=EDGE_CURVE('',#5149,#5224,#147,.T.);
#4312=EDGE_CURVE('',#5218,#5243,#148,.T.);
#4313=EDGE_CURVE('',#5244,#5221,#149,.T.);
#4314=EDGE_CURVE('',#5245,#5205,#150,.T.);
#4315=EDGE_CURVE('',#5225,#5242,#151,.T.);
#4316=EDGE_CURVE('',#5238,#5208,#152,.T.);
#4317=EDGE_CURVE('',#5226,#5241,#153,.T.);
#4318=EDGE_CURVE('',#5239,#5234,#154,.T.);
#4319=EDGE_CURVE('',#5237,#5240,#155,.T.);
#4320=EDGE_CURVE('',#5277,#5130,#6572,.T.);
#4321=EDGE_CURVE('',#5277,#5278,#6573,.T.);
#4322=EDGE_CURVE('',#5278,#5131,#6574,.T.);
#4323=EDGE_CURVE('',#5279,#5133,#6575,.T.);
#4324=EDGE_CURVE('',#5277,#5279,#6576,.T.);
#4325=EDGE_CURVE('',#5280,#5132,#6577,.T.);
#4326=EDGE_CURVE('',#5279,#5280,#6578,.T.);
#4327=EDGE_CURVE('',#5278,#5280,#6579,.T.);
#4328=EDGE_CURVE('',#5281,#5145,#6580,.T.);
#4329=EDGE_CURVE('',#5282,#5281,#6581,.T.);
#4330=EDGE_CURVE('',#5282,#5144,#6582,.T.);
#4331=EDGE_CURVE('',#5282,#5283,#6583,.T.);
#4332=EDGE_CURVE('',#5283,#5146,#6584,.T.);
#4333=EDGE_CURVE('',#5283,#5284,#6585,.T.);
#4334=EDGE_CURVE('',#5284,#5147,#6586,.T.);
#4335=EDGE_CURVE('',#5281,#5284,#6587,.T.);
#4336=EDGE_CURVE('',#5285,#5122,#6588,.T.);
#4337=EDGE_CURVE('',#5285,#5286,#6589,.T.);
#4338=EDGE_CURVE('',#5286,#5124,#6590,.T.);
#4339=EDGE_CURVE('',#5287,#5123,#6591,.T.);
#4340=EDGE_CURVE('',#5285,#5287,#6592,.T.);
#4341=EDGE_CURVE('',#5288,#5125,#6593,.T.);
#4342=EDGE_CURVE('',#5287,#5288,#6594,.T.);
#4343=EDGE_CURVE('',#5286,#5288,#6595,.T.);
#4344=EDGE_CURVE('',#5289,#5126,#6596,.T.);
#4345=EDGE_CURVE('',#5290,#5289,#6597,.T.);
#4346=EDGE_CURVE('',#5290,#5128,#6598,.T.);
#4347=EDGE_CURVE('',#5290,#5291,#6599,.T.);
#4348=EDGE_CURVE('',#5291,#5129,#6600,.T.);
#4349=EDGE_CURVE('',#5291,#5292,#6601,.T.);
#4350=EDGE_CURVE('',#5292,#5127,#6602,.T.);
#4351=EDGE_CURVE('',#5289,#5292,#6603,.T.);
#4352=EDGE_CURVE('',#5161,#5293,#6604,.T.);
#4353=EDGE_CURVE('',#5293,#5294,#6605,.T.);
#4354=EDGE_CURVE('',#5162,#5294,#6606,.T.);
#4355=EDGE_CURVE('',#5295,#5163,#6607,.T.);
#4356=EDGE_CURVE('',#5295,#5296,#6608,.T.);
#4357=EDGE_CURVE('',#5296,#5160,#6609,.T.);
#4358=EDGE_CURVE('',#5296,#5293,#6610,.F.);
#4359=EDGE_CURVE('',#5294,#5295,#6611,.F.);
#4360=EDGE_CURVE('',#5100,#5297,#6612,.T.);
#4361=EDGE_CURVE('',#5102,#5298,#6613,.T.);
#4362=EDGE_CURVE('',#5297,#5298,#6614,.T.);
#4363=EDGE_CURVE('',#5299,#5101,#6615,.T.);
#4364=EDGE_CURVE('',#5300,#5099,#6616,.T.);
#4365=EDGE_CURVE('',#5299,#5300,#6617,.T.);
#4366=EDGE_CURVE('',#5300,#5297,#6618,.F.);
#4367=EDGE_CURVE('',#5298,#5299,#6619,.F.);
#4368=VERTEX_POINT('',#13218);
#4369=VERTEX_POINT('',#13219);
#4370=VERTEX_POINT('',#13221);
#4371=VERTEX_POINT('',#13223);
#4372=VERTEX_POINT('',#13226);
#4373=VERTEX_POINT('',#13227);
#4374=VERTEX_POINT('',#13229);
#4375=VERTEX_POINT('',#13231);
#4376=VERTEX_POINT('',#13234);
#4377=VERTEX_POINT('',#13235);
#4378=VERTEX_POINT('',#13237);
#4379=VERTEX_POINT('',#13239);
#4380=VERTEX_POINT('',#13241);
#4381=VERTEX_POINT('',#13243);
#4382=VERTEX_POINT('',#13246);
#4383=VERTEX_POINT('',#13247);
#4384=VERTEX_POINT('',#13249);
#4385=VERTEX_POINT('',#13251);
#4386=VERTEX_POINT('',#13253);
#4387=VERTEX_POINT('',#13255);
#4388=VERTEX_POINT('',#13258);
#4389=VERTEX_POINT('',#13259);
#4390=VERTEX_POINT('',#13261);
#4391=VERTEX_POINT('',#13263);
#4392=VERTEX_POINT('',#13265);
#4393=VERTEX_POINT('',#13267);
#4394=VERTEX_POINT('',#13270);
#4395=VERTEX_POINT('',#13271);
#4396=VERTEX_POINT('',#13273);
#4397=VERTEX_POINT('',#13275);
#4398=VERTEX_POINT('',#13277);
#4399=VERTEX_POINT('',#13279);
#4400=VERTEX_POINT('',#13282);
#4401=VERTEX_POINT('',#13283);
#4402=VERTEX_POINT('',#13285);
#4403=VERTEX_POINT('',#13287);
#4404=VERTEX_POINT('',#13289);
#4405=VERTEX_POINT('',#13291);
#4406=VERTEX_POINT('',#13294);
#4407=VERTEX_POINT('',#13295);
#4408=VERTEX_POINT('',#13297);
#4409=VERTEX_POINT('',#13299);
#4410=VERTEX_POINT('',#13301);
#4411=VERTEX_POINT('',#13303);
#4412=VERTEX_POINT('',#13306);
#4413=VERTEX_POINT('',#13307);
#4414=VERTEX_POINT('',#13309);
#4415=VERTEX_POINT('',#13311);
#4416=VERTEX_POINT('',#13313);
#4417=VERTEX_POINT('',#13315);
#4418=VERTEX_POINT('',#13318);
#4419=VERTEX_POINT('',#13319);
#4420=VERTEX_POINT('',#13321);
#4421=VERTEX_POINT('',#13323);
#4422=VERTEX_POINT('',#13325);
#4423=VERTEX_POINT('',#13327);
#4424=VERTEX_POINT('',#13330);
#4425=VERTEX_POINT('',#13331);
#4426=VERTEX_POINT('',#13333);
#4427=VERTEX_POINT('',#13335);
#4428=VERTEX_POINT('',#13337);
#4429=VERTEX_POINT('',#13339);
#4430=VERTEX_POINT('',#13342);
#4431=VERTEX_POINT('',#13343);
#4432=VERTEX_POINT('',#13345);
#4433=VERTEX_POINT('',#13347);
#4434=VERTEX_POINT('',#13349);
#4435=VERTEX_POINT('',#13351);
#4436=VERTEX_POINT('',#13354);
#4437=VERTEX_POINT('',#13355);
#4438=VERTEX_POINT('',#13357);
#4439=VERTEX_POINT('',#13359);
#4440=VERTEX_POINT('',#13361);
#4441=VERTEX_POINT('',#13363);
#4442=VERTEX_POINT('',#13366);
#4443=VERTEX_POINT('',#13367);
#4444=VERTEX_POINT('',#13369);
#4445=VERTEX_POINT('',#13371);
#4446=VERTEX_POINT('',#13373);
#4447=VERTEX_POINT('',#13375);
#4448=VERTEX_POINT('',#13378);
#4449=VERTEX_POINT('',#13379);
#4450=VERTEX_POINT('',#13381);
#4451=VERTEX_POINT('',#13383);
#4452=VERTEX_POINT('',#13385);
#4453=VERTEX_POINT('',#13387);
#4454=VERTEX_POINT('',#13390);
#4455=VERTEX_POINT('',#13391);
#4456=VERTEX_POINT('',#13393);
#4457=VERTEX_POINT('',#13395);
#4458=VERTEX_POINT('',#13397);
#4459=VERTEX_POINT('',#13399);
#4460=VERTEX_POINT('',#13402);
#4461=VERTEX_POINT('',#13403);
#4462=VERTEX_POINT('',#13405);
#4463=VERTEX_POINT('',#13407);
#4464=VERTEX_POINT('',#13409);
#4465=VERTEX_POINT('',#13411);
#4466=VERTEX_POINT('',#13414);
#4467=VERTEX_POINT('',#13415);
#4468=VERTEX_POINT('',#13417);
#4469=VERTEX_POINT('',#13419);
#4470=VERTEX_POINT('',#13421);
#4471=VERTEX_POINT('',#13423);
#4472=VERTEX_POINT('',#13426);
#4473=VERTEX_POINT('',#13427);
#4474=VERTEX_POINT('',#13429);
#4475=VERTEX_POINT('',#13431);
#4476=VERTEX_POINT('',#13433);
#4477=VERTEX_POINT('',#13435);
#4478=VERTEX_POINT('',#13438);
#4479=VERTEX_POINT('',#13439);
#4480=VERTEX_POINT('',#13441);
#4481=VERTEX_POINT('',#13443);
#4482=VERTEX_POINT('',#13445);
#4483=VERTEX_POINT('',#13447);
#4484=VERTEX_POINT('',#13450);
#4485=VERTEX_POINT('',#13451);
#4486=VERTEX_POINT('',#13453);
#4487=VERTEX_POINT('',#13455);
#4488=VERTEX_POINT('',#13457);
#4489=VERTEX_POINT('',#13459);
#4490=VERTEX_POINT('',#13462);
#4491=VERTEX_POINT('',#13463);
#4492=VERTEX_POINT('',#13465);
#4493=VERTEX_POINT('',#13467);
#4494=VERTEX_POINT('',#13469);
#4495=VERTEX_POINT('',#13471);
#4496=VERTEX_POINT('',#13474);
#4497=VERTEX_POINT('',#13475);
#4498=VERTEX_POINT('',#13477);
#4499=VERTEX_POINT('',#13479);
#4500=VERTEX_POINT('',#13481);
#4501=VERTEX_POINT('',#13483);
#4502=VERTEX_POINT('',#13486);
#4503=VERTEX_POINT('',#13487);
#4504=VERTEX_POINT('',#13489);
#4505=VERTEX_POINT('',#13491);
#4506=VERTEX_POINT('',#13493);
#4507=VERTEX_POINT('',#13495);
#4508=VERTEX_POINT('',#13498);
#4509=VERTEX_POINT('',#13499);
#4510=VERTEX_POINT('',#13501);
#4511=VERTEX_POINT('',#13503);
#4512=VERTEX_POINT('',#13505);
#4513=VERTEX_POINT('',#13507);
#4514=VERTEX_POINT('',#13510);
#4515=VERTEX_POINT('',#13511);
#4516=VERTEX_POINT('',#13513);
#4517=VERTEX_POINT('',#13515);
#4518=VERTEX_POINT('',#13517);
#4519=VERTEX_POINT('',#13519);
#4520=VERTEX_POINT('',#13522);
#4521=VERTEX_POINT('',#13523);
#4522=VERTEX_POINT('',#13525);
#4523=VERTEX_POINT('',#13527);
#4524=VERTEX_POINT('',#13529);
#4525=VERTEX_POINT('',#13531);
#4526=VERTEX_POINT('',#13534);
#4527=VERTEX_POINT('',#13535);
#4528=VERTEX_POINT('',#13537);
#4529=VERTEX_POINT('',#13539);
#4530=VERTEX_POINT('',#13541);
#4531=VERTEX_POINT('',#13543);
#4532=VERTEX_POINT('',#13546);
#4533=VERTEX_POINT('',#13547);
#4534=VERTEX_POINT('',#13549);
#4535=VERTEX_POINT('',#13551);
#4536=VERTEX_POINT('',#13553);
#4537=VERTEX_POINT('',#13555);
#4538=VERTEX_POINT('',#13558);
#4539=VERTEX_POINT('',#13559);
#4540=VERTEX_POINT('',#13561);
#4541=VERTEX_POINT('',#13563);
#4542=VERTEX_POINT('',#13565);
#4543=VERTEX_POINT('',#13567);
#4544=VERTEX_POINT('',#13570);
#4545=VERTEX_POINT('',#13571);
#4546=VERTEX_POINT('',#13573);
#4547=VERTEX_POINT('',#13575);
#4548=VERTEX_POINT('',#13577);
#4549=VERTEX_POINT('',#13579);
#4550=VERTEX_POINT('',#13582);
#4551=VERTEX_POINT('',#13583);
#4552=VERTEX_POINT('',#13585);
#4553=VERTEX_POINT('',#13587);
#4554=VERTEX_POINT('',#13589);
#4555=VERTEX_POINT('',#13591);
#4556=VERTEX_POINT('',#13594);
#4557=VERTEX_POINT('',#13595);
#4558=VERTEX_POINT('',#13597);
#4559=VERTEX_POINT('',#13599);
#4560=VERTEX_POINT('',#13601);
#4561=VERTEX_POINT('',#13603);
#4562=VERTEX_POINT('',#13606);
#4563=VERTEX_POINT('',#13607);
#4564=VERTEX_POINT('',#13609);
#4565=VERTEX_POINT('',#13611);
#4566=VERTEX_POINT('',#13613);
#4567=VERTEX_POINT('',#13615);
#4568=VERTEX_POINT('',#13618);
#4569=VERTEX_POINT('',#13619);
#4570=VERTEX_POINT('',#13621);
#4571=VERTEX_POINT('',#13623);
#4572=VERTEX_POINT('',#13625);
#4573=VERTEX_POINT('',#13627);
#4574=VERTEX_POINT('',#13630);
#4575=VERTEX_POINT('',#13631);
#4576=VERTEX_POINT('',#13633);
#4577=VERTEX_POINT('',#13635);
#4578=VERTEX_POINT('',#13637);
#4579=VERTEX_POINT('',#13639);
#4580=VERTEX_POINT('',#13642);
#4581=VERTEX_POINT('',#13643);
#4582=VERTEX_POINT('',#13645);
#4583=VERTEX_POINT('',#13647);
#4584=VERTEX_POINT('',#13649);
#4585=VERTEX_POINT('',#13651);
#4586=VERTEX_POINT('',#13654);
#4587=VERTEX_POINT('',#13655);
#4588=VERTEX_POINT('',#13657);
#4589=VERTEX_POINT('',#13659);
#4590=VERTEX_POINT('',#13661);
#4591=VERTEX_POINT('',#13663);
#4592=VERTEX_POINT('',#13666);
#4593=VERTEX_POINT('',#13667);
#4594=VERTEX_POINT('',#13669);
#4595=VERTEX_POINT('',#13671);
#4596=VERTEX_POINT('',#13673);
#4597=VERTEX_POINT('',#13675);
#4598=VERTEX_POINT('',#13678);
#4599=VERTEX_POINT('',#13679);
#4600=VERTEX_POINT('',#13681);
#4601=VERTEX_POINT('',#13683);
#4602=VERTEX_POINT('',#13685);
#4603=VERTEX_POINT('',#13687);
#4604=VERTEX_POINT('',#13690);
#4605=VERTEX_POINT('',#13691);
#4606=VERTEX_POINT('',#13693);
#4607=VERTEX_POINT('',#13695);
#4608=VERTEX_POINT('',#13697);
#4609=VERTEX_POINT('',#13699);
#4610=VERTEX_POINT('',#13702);
#4611=VERTEX_POINT('',#13703);
#4612=VERTEX_POINT('',#13705);
#4613=VERTEX_POINT('',#13707);
#4614=VERTEX_POINT('',#13709);
#4615=VERTEX_POINT('',#13711);
#4616=VERTEX_POINT('',#13714);
#4617=VERTEX_POINT('',#13715);
#4618=VERTEX_POINT('',#13717);
#4619=VERTEX_POINT('',#13719);
#4620=VERTEX_POINT('',#13721);
#4621=VERTEX_POINT('',#13723);
#4622=VERTEX_POINT('',#13726);
#4623=VERTEX_POINT('',#13727);
#4624=VERTEX_POINT('',#13729);
#4625=VERTEX_POINT('',#13731);
#4626=VERTEX_POINT('',#13733);
#4627=VERTEX_POINT('',#13735);
#4628=VERTEX_POINT('',#13738);
#4629=VERTEX_POINT('',#13739);
#4630=VERTEX_POINT('',#13741);
#4631=VERTEX_POINT('',#13743);
#4632=VERTEX_POINT('',#13745);
#4633=VERTEX_POINT('',#13747);
#4634=VERTEX_POINT('',#13750);
#4635=VERTEX_POINT('',#13751);
#4636=VERTEX_POINT('',#13753);
#4637=VERTEX_POINT('',#13755);
#4638=VERTEX_POINT('',#13757);
#4639=VERTEX_POINT('',#13759);
#4640=VERTEX_POINT('',#13762);
#4641=VERTEX_POINT('',#13763);
#4642=VERTEX_POINT('',#13765);
#4643=VERTEX_POINT('',#13767);
#4644=VERTEX_POINT('',#13769);
#4645=VERTEX_POINT('',#13771);
#4646=VERTEX_POINT('',#13774);
#4647=VERTEX_POINT('',#13775);
#4648=VERTEX_POINT('',#13777);
#4649=VERTEX_POINT('',#13779);
#4650=VERTEX_POINT('',#13781);
#4651=VERTEX_POINT('',#13783);
#4652=VERTEX_POINT('',#13786);
#4653=VERTEX_POINT('',#13787);
#4654=VERTEX_POINT('',#13789);
#4655=VERTEX_POINT('',#13791);
#4656=VERTEX_POINT('',#13793);
#4657=VERTEX_POINT('',#13795);
#4658=VERTEX_POINT('',#13798);
#4659=VERTEX_POINT('',#13799);
#4660=VERTEX_POINT('',#13801);
#4661=VERTEX_POINT('',#13803);
#4662=VERTEX_POINT('',#13805);
#4663=VERTEX_POINT('',#13807);
#4664=VERTEX_POINT('',#13810);
#4665=VERTEX_POINT('',#13811);
#4666=VERTEX_POINT('',#13813);
#4667=VERTEX_POINT('',#13815);
#4668=VERTEX_POINT('',#13817);
#4669=VERTEX_POINT('',#13819);
#4670=VERTEX_POINT('',#13822);
#4671=VERTEX_POINT('',#13823);
#4672=VERTEX_POINT('',#13825);
#4673=VERTEX_POINT('',#13827);
#4674=VERTEX_POINT('',#13829);
#4675=VERTEX_POINT('',#13831);
#4676=VERTEX_POINT('',#13834);
#4677=VERTEX_POINT('',#13835);
#4678=VERTEX_POINT('',#13837);
#4679=VERTEX_POINT('',#13839);
#4680=VERTEX_POINT('',#13841);
#4681=VERTEX_POINT('',#13843);
#4682=VERTEX_POINT('',#13846);
#4683=VERTEX_POINT('',#13847);
#4684=VERTEX_POINT('',#13849);
#4685=VERTEX_POINT('',#13851);
#4686=VERTEX_POINT('',#13853);
#4687=VERTEX_POINT('',#13855);
#4688=VERTEX_POINT('',#13858);
#4689=VERTEX_POINT('',#13859);
#4690=VERTEX_POINT('',#13861);
#4691=VERTEX_POINT('',#13863);
#4692=VERTEX_POINT('',#13865);
#4693=VERTEX_POINT('',#13867);
#4694=VERTEX_POINT('',#13870);
#4695=VERTEX_POINT('',#13871);
#4696=VERTEX_POINT('',#13873);
#4697=VERTEX_POINT('',#13875);
#4698=VERTEX_POINT('',#13877);
#4699=VERTEX_POINT('',#13879);
#4700=VERTEX_POINT('',#13882);
#4701=VERTEX_POINT('',#13883);
#4702=VERTEX_POINT('',#13885);
#4703=VERTEX_POINT('',#13887);
#4704=VERTEX_POINT('',#13889);
#4705=VERTEX_POINT('',#13891);
#4706=VERTEX_POINT('',#13893);
#4707=VERTEX_POINT('',#13895);
#4708=VERTEX_POINT('',#13897);
#4709=VERTEX_POINT('',#13899);
#4710=VERTEX_POINT('',#13901);
#4711=VERTEX_POINT('',#13903);
#4712=VERTEX_POINT('',#13905);
#4713=VERTEX_POINT('',#13907);
#4714=VERTEX_POINT('',#13909);
#4715=VERTEX_POINT('',#13911);
#4716=VERTEX_POINT('',#13915);
#4717=VERTEX_POINT('',#13917);
#4718=VERTEX_POINT('',#13921);
#4719=VERTEX_POINT('',#13925);
#4720=VERTEX_POINT('',#13929);
#4721=VERTEX_POINT('',#13933);
#4722=VERTEX_POINT('',#13939);
#4723=VERTEX_POINT('',#13941);
#4724=VERTEX_POINT('',#13945);
#4725=VERTEX_POINT('',#13949);
#4726=VERTEX_POINT('',#13953);
#4727=VERTEX_POINT('',#13957);
#4728=VERTEX_POINT('',#13963);
#4729=VERTEX_POINT('',#13965);
#4730=VERTEX_POINT('',#13969);
#4731=VERTEX_POINT('',#13973);
#4732=VERTEX_POINT('',#13977);
#4733=VERTEX_POINT('',#13981);
#4734=VERTEX_POINT('',#13987);
#4735=VERTEX_POINT('',#13989);
#4736=VERTEX_POINT('',#13993);
#4737=VERTEX_POINT('',#13997);
#4738=VERTEX_POINT('',#14001);
#4739=VERTEX_POINT('',#14005);
#4740=VERTEX_POINT('',#14011);
#4741=VERTEX_POINT('',#14013);
#4742=VERTEX_POINT('',#14017);
#4743=VERTEX_POINT('',#14021);
#4744=VERTEX_POINT('',#14025);
#4745=VERTEX_POINT('',#14029);
#4746=VERTEX_POINT('',#14035);
#4747=VERTEX_POINT('',#14037);
#4748=VERTEX_POINT('',#14041);
#4749=VERTEX_POINT('',#14045);
#4750=VERTEX_POINT('',#14049);
#4751=VERTEX_POINT('',#14053);
#4752=VERTEX_POINT('',#14059);
#4753=VERTEX_POINT('',#14061);
#4754=VERTEX_POINT('',#14065);
#4755=VERTEX_POINT('',#14069);
#4756=VERTEX_POINT('',#14073);
#4757=VERTEX_POINT('',#14077);
#4758=VERTEX_POINT('',#14083);
#4759=VERTEX_POINT('',#14085);
#4760=VERTEX_POINT('',#14089);
#4761=VERTEX_POINT('',#14093);
#4762=VERTEX_POINT('',#14097);
#4763=VERTEX_POINT('',#14101);
#4764=VERTEX_POINT('',#14107);
#4765=VERTEX_POINT('',#14109);
#4766=VERTEX_POINT('',#14113);
#4767=VERTEX_POINT('',#14117);
#4768=VERTEX_POINT('',#14121);
#4769=VERTEX_POINT('',#14125);
#4770=VERTEX_POINT('',#14131);
#4771=VERTEX_POINT('',#14133);
#4772=VERTEX_POINT('',#14137);
#4773=VERTEX_POINT('',#14141);
#4774=VERTEX_POINT('',#14145);
#4775=VERTEX_POINT('',#14149);
#4776=VERTEX_POINT('',#14155);
#4777=VERTEX_POINT('',#14157);
#4778=VERTEX_POINT('',#14161);
#4779=VERTEX_POINT('',#14165);
#4780=VERTEX_POINT('',#14169);
#4781=VERTEX_POINT('',#14173);
#4782=VERTEX_POINT('',#14179);
#4783=VERTEX_POINT('',#14181);
#4784=VERTEX_POINT('',#14185);
#4785=VERTEX_POINT('',#14189);
#4786=VERTEX_POINT('',#14193);
#4787=VERTEX_POINT('',#14197);
#4788=VERTEX_POINT('',#14203);
#4789=VERTEX_POINT('',#14205);
#4790=VERTEX_POINT('',#14209);
#4791=VERTEX_POINT('',#14213);
#4792=VERTEX_POINT('',#14217);
#4793=VERTEX_POINT('',#14221);
#4794=VERTEX_POINT('',#14227);
#4795=VERTEX_POINT('',#14229);
#4796=VERTEX_POINT('',#14233);
#4797=VERTEX_POINT('',#14237);
#4798=VERTEX_POINT('',#14241);
#4799=VERTEX_POINT('',#14245);
#4800=VERTEX_POINT('',#14251);
#4801=VERTEX_POINT('',#14253);
#4802=VERTEX_POINT('',#14257);
#4803=VERTEX_POINT('',#14261);
#4804=VERTEX_POINT('',#14265);
#4805=VERTEX_POINT('',#14269);
#4806=VERTEX_POINT('',#14275);
#4807=VERTEX_POINT('',#14277);
#4808=VERTEX_POINT('',#14281);
#4809=VERTEX_POINT('',#14285);
#4810=VERTEX_POINT('',#14289);
#4811=VERTEX_POINT('',#14293);
#4812=VERTEX_POINT('',#14299);
#4813=VERTEX_POINT('',#14301);
#4814=VERTEX_POINT('',#14305);
#4815=VERTEX_POINT('',#14309);
#4816=VERTEX_POINT('',#14313);
#4817=VERTEX_POINT('',#14317);
#4818=VERTEX_POINT('',#14323);
#4819=VERTEX_POINT('',#14325);
#4820=VERTEX_POINT('',#14329);
#4821=VERTEX_POINT('',#14333);
#4822=VERTEX_POINT('',#14337);
#4823=VERTEX_POINT('',#14341);
#4824=VERTEX_POINT('',#14347);
#4825=VERTEX_POINT('',#14349);
#4826=VERTEX_POINT('',#14353);
#4827=VERTEX_POINT('',#14357);
#4828=VERTEX_POINT('',#14361);
#4829=VERTEX_POINT('',#14365);
#4830=VERTEX_POINT('',#14371);
#4831=VERTEX_POINT('',#14373);
#4832=VERTEX_POINT('',#14377);
#4833=VERTEX_POINT('',#14381);
#4834=VERTEX_POINT('',#14385);
#4835=VERTEX_POINT('',#14389);
#4836=VERTEX_POINT('',#14395);
#4837=VERTEX_POINT('',#14397);
#4838=VERTEX_POINT('',#14401);
#4839=VERTEX_POINT('',#14405);
#4840=VERTEX_POINT('',#14409);
#4841=VERTEX_POINT('',#14413);
#4842=VERTEX_POINT('',#14419);
#4843=VERTEX_POINT('',#14421);
#4844=VERTEX_POINT('',#14425);
#4845=VERTEX_POINT('',#14429);
#4846=VERTEX_POINT('',#14433);
#4847=VERTEX_POINT('',#14437);
#4848=VERTEX_POINT('',#14443);
#4849=VERTEX_POINT('',#14445);
#4850=VERTEX_POINT('',#14449);
#4851=VERTEX_POINT('',#14453);
#4852=VERTEX_POINT('',#14457);
#4853=VERTEX_POINT('',#14461);
#4854=VERTEX_POINT('',#14467);
#4855=VERTEX_POINT('',#14469);
#4856=VERTEX_POINT('',#14473);
#4857=VERTEX_POINT('',#14477);
#4858=VERTEX_POINT('',#14481);
#4859=VERTEX_POINT('',#14485);
#4860=VERTEX_POINT('',#14491);
#4861=VERTEX_POINT('',#14493);
#4862=VERTEX_POINT('',#14497);
#4863=VERTEX_POINT('',#14501);
#4864=VERTEX_POINT('',#14505);
#4865=VERTEX_POINT('',#14509);
#4866=VERTEX_POINT('',#14515);
#4867=VERTEX_POINT('',#14517);
#4868=VERTEX_POINT('',#14521);
#4869=VERTEX_POINT('',#14525);
#4870=VERTEX_POINT('',#14529);
#4871=VERTEX_POINT('',#14533);
#4872=VERTEX_POINT('',#14539);
#4873=VERTEX_POINT('',#14541);
#4874=VERTEX_POINT('',#14545);
#4875=VERTEX_POINT('',#14549);
#4876=VERTEX_POINT('',#14553);
#4877=VERTEX_POINT('',#14557);
#4878=VERTEX_POINT('',#14563);
#4879=VERTEX_POINT('',#14565);
#4880=VERTEX_POINT('',#14569);
#4881=VERTEX_POINT('',#14573);
#4882=VERTEX_POINT('',#14577);
#4883=VERTEX_POINT('',#14581);
#4884=VERTEX_POINT('',#14587);
#4885=VERTEX_POINT('',#14589);
#4886=VERTEX_POINT('',#14593);
#4887=VERTEX_POINT('',#14597);
#4888=VERTEX_POINT('',#14601);
#4889=VERTEX_POINT('',#14605);
#4890=VERTEX_POINT('',#14611);
#4891=VERTEX_POINT('',#14613);
#4892=VERTEX_POINT('',#14617);
#4893=VERTEX_POINT('',#14621);
#4894=VERTEX_POINT('',#14625);
#4895=VERTEX_POINT('',#14629);
#4896=VERTEX_POINT('',#14635);
#4897=VERTEX_POINT('',#14637);
#4898=VERTEX_POINT('',#14641);
#4899=VERTEX_POINT('',#14645);
#4900=VERTEX_POINT('',#14649);
#4901=VERTEX_POINT('',#14653);
#4902=VERTEX_POINT('',#14659);
#4903=VERTEX_POINT('',#14661);
#4904=VERTEX_POINT('',#14665);
#4905=VERTEX_POINT('',#14669);
#4906=VERTEX_POINT('',#14673);
#4907=VERTEX_POINT('',#14677);
#4908=VERTEX_POINT('',#14683);
#4909=VERTEX_POINT('',#14685);
#4910=VERTEX_POINT('',#14689);
#4911=VERTEX_POINT('',#14693);
#4912=VERTEX_POINT('',#14697);
#4913=VERTEX_POINT('',#14701);
#4914=VERTEX_POINT('',#14707);
#4915=VERTEX_POINT('',#14709);
#4916=VERTEX_POINT('',#14713);
#4917=VERTEX_POINT('',#14717);
#4918=VERTEX_POINT('',#14721);
#4919=VERTEX_POINT('',#14725);
#4920=VERTEX_POINT('',#14731);
#4921=VERTEX_POINT('',#14733);
#4922=VERTEX_POINT('',#14737);
#4923=VERTEX_POINT('',#14741);
#4924=VERTEX_POINT('',#14745);
#4925=VERTEX_POINT('',#14749);
#4926=VERTEX_POINT('',#14755);
#4927=VERTEX_POINT('',#14757);
#4928=VERTEX_POINT('',#14761);
#4929=VERTEX_POINT('',#14765);
#4930=VERTEX_POINT('',#14769);
#4931=VERTEX_POINT('',#14773);
#4932=VERTEX_POINT('',#14779);
#4933=VERTEX_POINT('',#14781);
#4934=VERTEX_POINT('',#14785);
#4935=VERTEX_POINT('',#14789);
#4936=VERTEX_POINT('',#14793);
#4937=VERTEX_POINT('',#14797);
#4938=VERTEX_POINT('',#14803);
#4939=VERTEX_POINT('',#14805);
#4940=VERTEX_POINT('',#14809);
#4941=VERTEX_POINT('',#14813);
#4942=VERTEX_POINT('',#14817);
#4943=VERTEX_POINT('',#14821);
#4944=VERTEX_POINT('',#14827);
#4945=VERTEX_POINT('',#14829);
#4946=VERTEX_POINT('',#14833);
#4947=VERTEX_POINT('',#14837);
#4948=VERTEX_POINT('',#14841);
#4949=VERTEX_POINT('',#14845);
#4950=VERTEX_POINT('',#14851);
#4951=VERTEX_POINT('',#14853);
#4952=VERTEX_POINT('',#14857);
#4953=VERTEX_POINT('',#14861);
#4954=VERTEX_POINT('',#14865);
#4955=VERTEX_POINT('',#14869);
#4956=VERTEX_POINT('',#14875);
#4957=VERTEX_POINT('',#14877);
#4958=VERTEX_POINT('',#14881);
#4959=VERTEX_POINT('',#14885);
#4960=VERTEX_POINT('',#14889);
#4961=VERTEX_POINT('',#14893);
#4962=VERTEX_POINT('',#14899);
#4963=VERTEX_POINT('',#14901);
#4964=VERTEX_POINT('',#14905);
#4965=VERTEX_POINT('',#14909);
#4966=VERTEX_POINT('',#14913);
#4967=VERTEX_POINT('',#14917);
#4968=VERTEX_POINT('',#14923);
#4969=VERTEX_POINT('',#14925);
#4970=VERTEX_POINT('',#14929);
#4971=VERTEX_POINT('',#14933);
#4972=VERTEX_POINT('',#14937);
#4973=VERTEX_POINT('',#14941);
#4974=VERTEX_POINT('',#14947);
#4975=VERTEX_POINT('',#14949);
#4976=VERTEX_POINT('',#14953);
#4977=VERTEX_POINT('',#14957);
#4978=VERTEX_POINT('',#14961);
#4979=VERTEX_POINT('',#14965);
#4980=VERTEX_POINT('',#14971);
#4981=VERTEX_POINT('',#14973);
#4982=VERTEX_POINT('',#14977);
#4983=VERTEX_POINT('',#14981);
#4984=VERTEX_POINT('',#14985);
#4985=VERTEX_POINT('',#14989);
#4986=VERTEX_POINT('',#14995);
#4987=VERTEX_POINT('',#14997);
#4988=VERTEX_POINT('',#15001);
#4989=VERTEX_POINT('',#15005);
#4990=VERTEX_POINT('',#15009);
#4991=VERTEX_POINT('',#15013);
#4992=VERTEX_POINT('',#15019);
#4993=VERTEX_POINT('',#15021);
#4994=VERTEX_POINT('',#15025);
#4995=VERTEX_POINT('',#15029);
#4996=VERTEX_POINT('',#15033);
#4997=VERTEX_POINT('',#15037);
#4998=VERTEX_POINT('',#15043);
#4999=VERTEX_POINT('',#15045);
#5000=VERTEX_POINT('',#15049);
#5001=VERTEX_POINT('',#15053);
#5002=VERTEX_POINT('',#15057);
#5003=VERTEX_POINT('',#15061);
#5004=VERTEX_POINT('',#15067);
#5005=VERTEX_POINT('',#15069);
#5006=VERTEX_POINT('',#15073);
#5007=VERTEX_POINT('',#15077);
#5008=VERTEX_POINT('',#15081);
#5009=VERTEX_POINT('',#15085);
#5010=VERTEX_POINT('',#15091);
#5011=VERTEX_POINT('',#15093);
#5012=VERTEX_POINT('',#15097);
#5013=VERTEX_POINT('',#15101);
#5014=VERTEX_POINT('',#15105);
#5015=VERTEX_POINT('',#15109);
#5016=VERTEX_POINT('',#15115);
#5017=VERTEX_POINT('',#15117);
#5018=VERTEX_POINT('',#15121);
#5019=VERTEX_POINT('',#15125);
#5020=VERTEX_POINT('',#15129);
#5021=VERTEX_POINT('',#15133);
#5022=VERTEX_POINT('',#15139);
#5023=VERTEX_POINT('',#15141);
#5024=VERTEX_POINT('',#15145);
#5025=VERTEX_POINT('',#15149);
#5026=VERTEX_POINT('',#15153);
#5027=VERTEX_POINT('',#15157);
#5028=VERTEX_POINT('',#15163);
#5029=VERTEX_POINT('',#15165);
#5030=VERTEX_POINT('',#15169);
#5031=VERTEX_POINT('',#15173);
#5032=VERTEX_POINT('',#15177);
#5033=VERTEX_POINT('',#15181);
#5034=VERTEX_POINT('',#15187);
#5035=VERTEX_POINT('',#15189);
#5036=VERTEX_POINT('',#15193);
#5037=VERTEX_POINT('',#15195);
#5038=VERTEX_POINT('',#15199);
#5039=VERTEX_POINT('',#15200);
#5040=VERTEX_POINT('',#15205);
#5041=VERTEX_POINT('',#15206);
#5042=VERTEX_POINT('',#15209);
#5043=VERTEX_POINT('',#15211);
#5044=VERTEX_POINT('',#15214);
#5045=VERTEX_POINT('',#15216);
#5046=VERTEX_POINT('',#15221);
#5047=VERTEX_POINT('',#15222);
#5048=VERTEX_POINT('',#15224);
#5049=VERTEX_POINT('',#15226);
#5050=VERTEX_POINT('',#15228);
#5051=VERTEX_POINT('',#15230);
#5052=VERTEX_POINT('',#15254);
#5053=VERTEX_POINT('',#15256);
#5054=VERTEX_POINT('',#15258);
#5055=VERTEX_POINT('',#15260);
#5056=VERTEX_POINT('',#15264);
#5057=VERTEX_POINT('',#15266);
#5058=VERTEX_POINT('',#15270);
#5059=VERTEX_POINT('',#15272);
#5060=VERTEX_POINT('',#15283);
#5061=VERTEX_POINT('',#15285);
#5062=VERTEX_POINT('',#15289);
#5063=VERTEX_POINT('',#15291);
#5064=VERTEX_POINT('',#15293);
#5065=VERTEX_POINT('',#15295);
#5066=VERTEX_POINT('',#15299);
#5067=VERTEX_POINT('',#15301);
#5068=VERTEX_POINT('',#15305);
#5069=VERTEX_POINT('',#15307);
#5070=VERTEX_POINT('',#15318);
#5071=VERTEX_POINT('',#15320);
#5072=VERTEX_POINT('',#15324);
#5073=VERTEX_POINT('',#15326);
#5074=VERTEX_POINT('',#15328);
#5075=VERTEX_POINT('',#15330);
#5076=VERTEX_POINT('',#15334);
#5077=VERTEX_POINT('',#15336);
#5078=VERTEX_POINT('',#15341);
#5079=VERTEX_POINT('',#15343);
#5080=VERTEX_POINT('',#15353);
#5081=VERTEX_POINT('',#15355);
#5082=VERTEX_POINT('',#15357);
#5083=VERTEX_POINT('',#15359);
#5084=VERTEX_POINT('',#15363);
#5085=VERTEX_POINT('',#15365);
#5086=VERTEX_POINT('',#15370);
#5087=VERTEX_POINT('',#15372);
#5088=VERTEX_POINT('',#15383);
#5089=VERTEX_POINT('',#15384);
#5090=VERTEX_POINT('',#15386);
#5091=VERTEX_POINT('',#15388);
#5092=VERTEX_POINT('',#15390);
#5093=VERTEX_POINT('',#15392);
#5094=VERTEX_POINT('',#15394);
#5095=VERTEX_POINT('',#15396);
#5096=VERTEX_POINT('',#15398);
#5097=VERTEX_POINT('',#15400);
#5098=VERTEX_POINT('',#15403);
#5099=VERTEX_POINT('',#15405);
#5100=VERTEX_POINT('',#15406);
#5101=VERTEX_POINT('',#15408);
#5102=VERTEX_POINT('',#15410);
#5103=VERTEX_POINT('',#15414);
#5104=VERTEX_POINT('',#15415);
#5105=VERTEX_POINT('',#15417);
#5106=VERTEX_POINT('',#15419);
#5107=VERTEX_POINT('',#15421);
#5108=VERTEX_POINT('',#15423);
#5109=VERTEX_POINT('',#15425);
#5110=VERTEX_POINT('',#15427);
#5111=VERTEX_POINT('',#15429);
#5112=VERTEX_POINT('',#15431);
#5113=VERTEX_POINT('',#15433);
#5114=VERTEX_POINT('',#15435);
#5115=VERTEX_POINT('',#15437);
#5116=VERTEX_POINT('',#15439);
#5117=VERTEX_POINT('',#15441);
#5118=VERTEX_POINT('',#15443);
#5119=VERTEX_POINT('',#15445);
#5120=VERTEX_POINT('',#15447);
#5121=VERTEX_POINT('',#15450);
#5122=VERTEX_POINT('',#15452);
#5123=VERTEX_POINT('',#15453);
#5124=VERTEX_POINT('',#15455);
#5125=VERTEX_POINT('',#15457);
#5126=VERTEX_POINT('',#15460);
#5127=VERTEX_POINT('',#15461);
#5128=VERTEX_POINT('',#15463);
#5129=VERTEX_POINT('',#15465);
#5130=VERTEX_POINT('',#15469);
#5131=VERTEX_POINT('',#15470);
#5132=VERTEX_POINT('',#15472);
#5133=VERTEX_POINT('',#15474);
#5134=VERTEX_POINT('',#15477);
#5135=VERTEX_POINT('',#15478);
#5136=VERTEX_POINT('',#15480);
#5137=VERTEX_POINT('',#15482);
#5138=VERTEX_POINT('',#15484);
#5139=VERTEX_POINT('',#15486);
#5140=VERTEX_POINT('',#15488);
#5141=VERTEX_POINT('',#15490);
#5142=VERTEX_POINT('',#15492);
#5143=VERTEX_POINT('',#15494);
#5144=VERTEX_POINT('',#15497);
#5145=VERTEX_POINT('',#15498);
#5146=VERTEX_POINT('',#15500);
#5147=VERTEX_POINT('',#15502);
#5148=VERTEX_POINT('',#15506);
#5149=VERTEX_POINT('',#15507);
#5150=VERTEX_POINT('',#15509);
#5151=VERTEX_POINT('',#15512);
#5152=VERTEX_POINT('',#15514);
#5153=VERTEX_POINT('',#15519);
#5154=VERTEX_POINT('',#15521);
#5155=VERTEX_POINT('',#15523);
#5156=VERTEX_POINT('',#15525);
#5157=VERTEX_POINT('',#15527);
#5158=VERTEX_POINT('',#15529);
#5159=VERTEX_POINT('',#15531);
#5160=VERTEX_POINT('',#15535);
#5161=VERTEX_POINT('',#15536);
#5162=VERTEX_POINT('',#15538);
#5163=VERTEX_POINT('',#15540);
#5164=VERTEX_POINT('',#15543);
#5165=VERTEX_POINT('',#15545);
#5166=VERTEX_POINT('',#15547);
#5167=VERTEX_POINT('',#15549);
#5168=VERTEX_POINT('',#15551);
#5169=VERTEX_POINT('',#15553);
#5170=VERTEX_POINT('',#15555);
#5171=VERTEX_POINT('',#15557);
#5172=VERTEX_POINT('',#15559);
#5173=VERTEX_POINT('',#15561);
#5174=VERTEX_POINT('',#15564);
#5175=VERTEX_POINT('',#15565);
#5176=VERTEX_POINT('',#15567);
#5177=VERTEX_POINT('',#15569);
#5178=VERTEX_POINT('',#15571);
#5179=VERTEX_POINT('',#15573);
#5180=VERTEX_POINT('',#15575);
#5181=VERTEX_POINT('',#15577);
#5182=VERTEX_POINT('',#15580);
#5183=VERTEX_POINT('',#15586);
#5184=VERTEX_POINT('',#15588);
#5185=VERTEX_POINT('',#15590);
#5186=VERTEX_POINT('',#15592);
#5187=VERTEX_POINT('',#15594);
#5188=VERTEX_POINT('',#15596);
#5189=VERTEX_POINT('',#15598);
#5190=VERTEX_POINT('',#15600);
#5191=VERTEX_POINT('',#15602);
#5192=VERTEX_POINT('',#15605);
#5193=VERTEX_POINT('',#15606);
#5194=VERTEX_POINT('',#15608);
#5195=VERTEX_POINT('',#15610);
#5196=VERTEX_POINT('',#15613);
#5197=VERTEX_POINT('',#15614);
#5198=VERTEX_POINT('',#15616);
#5199=VERTEX_POINT('',#15618);
#5200=VERTEX_POINT('',#15621);
#5201=VERTEX_POINT('',#15622);
#5202=VERTEX_POINT('',#15624);
#5203=VERTEX_POINT('',#15626);
#5204=VERTEX_POINT('',#15629);
#5205=VERTEX_POINT('',#15632);
#5206=VERTEX_POINT('',#15633);
#5207=VERTEX_POINT('',#15635);
#5208=VERTEX_POINT('',#15637);
#5209=VERTEX_POINT('',#15641);
#5210=VERTEX_POINT('',#15642);
#5211=VERTEX_POINT('',#15644);
#5212=VERTEX_POINT('',#15646);
#5213=VERTEX_POINT('',#15648);
#5214=VERTEX_POINT('',#15650);
#5215=VERTEX_POINT('',#15652);
#5216=VERTEX_POINT('',#15654);
#5217=VERTEX_POINT('',#15657);
#5218=VERTEX_POINT('',#15659);
#5219=VERTEX_POINT('',#15660);
#5220=VERTEX_POINT('',#15662);
#5221=VERTEX_POINT('',#15664);
#5222=VERTEX_POINT('',#15668);
#5223=VERTEX_POINT('',#15669);
#5224=VERTEX_POINT('',#15671);
#5225=VERTEX_POINT('',#15673);
#5226=VERTEX_POINT('',#15675);
#5227=VERTEX_POINT('',#15677);
#5228=VERTEX_POINT('',#15679);
#5229=VERTEX_POINT('',#15681);
#5230=VERTEX_POINT('',#15683);
#5231=VERTEX_POINT('',#15685);
#5232=VERTEX_POINT('',#15688);
#5233=VERTEX_POINT('',#15691);
#5234=VERTEX_POINT('',#15693);
#5235=VERTEX_POINT('',#15694);
#5236=VERTEX_POINT('',#15696);
#5237=VERTEX_POINT('',#15698);
#5238=VERTEX_POINT('',#15702);
#5239=VERTEX_POINT('',#15703);
#5240=VERTEX_POINT('',#15705);
#5241=VERTEX_POINT('',#15707);
#5242=VERTEX_POINT('',#15709);
#5243=VERTEX_POINT('',#15711);
#5244=VERTEX_POINT('',#15713);
#5245=VERTEX_POINT('',#15715);
#5246=VERTEX_POINT('',#15719);
#5247=VERTEX_POINT('',#15721);
#5248=VERTEX_POINT('',#15724);
#5249=VERTEX_POINT('',#15727);
#5250=VERTEX_POINT('',#15731);
#5251=VERTEX_POINT('',#15733);
#5252=VERTEX_POINT('',#15737);
#5253=VERTEX_POINT('',#15741);
#5254=VERTEX_POINT('',#15748);
#5255=VERTEX_POINT('',#15750);
#5256=VERTEX_POINT('',#15754);
#5257=VERTEX_POINT('',#15758);
#5258=VERTEX_POINT('',#15765);
#5259=VERTEX_POINT('',#15767);
#5260=VERTEX_POINT('',#15771);
#5261=VERTEX_POINT('',#15775);
#5262=VERTEX_POINT('',#15782);
#5263=VERTEX_POINT('',#15784);
#5264=VERTEX_POINT('',#15786);
#5265=VERTEX_POINT('',#15790);
#5266=VERTEX_POINT('',#15792);
#5267=VERTEX_POINT('',#15796);
#5268=VERTEX_POINT('',#15804);
#5269=VERTEX_POINT('',#15808);
#5270=VERTEX_POINT('',#15810);
#5271=VERTEX_POINT('',#15814);
#5272=VERTEX_POINT('',#15816);
#5273=VERTEX_POINT('',#15824);
#5274=VERTEX_POINT('',#15826);
#5275=VERTEX_POINT('',#15832);
#5276=VERTEX_POINT('',#15837);
#5277=VERTEX_POINT('',#15996);
#5278=VERTEX_POINT('',#15998);
#5279=VERTEX_POINT('',#16002);
#5280=VERTEX_POINT('',#16006);
#5281=VERTEX_POINT('',#16013);
#5282=VERTEX_POINT('',#16015);
#5283=VERTEX_POINT('',#16019);
#5284=VERTEX_POINT('',#16023);
#5285=VERTEX_POINT('',#16030);
#5286=VERTEX_POINT('',#16032);
#5287=VERTEX_POINT('',#16036);
#5288=VERTEX_POINT('',#16040);
#5289=VERTEX_POINT('',#16047);
#5290=VERTEX_POINT('',#16049);
#5291=VERTEX_POINT('',#16053);
#5292=VERTEX_POINT('',#16057);
#5293=VERTEX_POINT('',#16064);
#5294=VERTEX_POINT('',#16066);
#5295=VERTEX_POINT('',#16070);
#5296=VERTEX_POINT('',#16072);
#5297=VERTEX_POINT('',#16081);
#5298=VERTEX_POINT('',#16083);
#5299=VERTEX_POINT('',#16087);
#5300=VERTEX_POINT('',#16089);
#5301=LINE('',#13217,#6620);
#5302=LINE('',#13220,#6621);
#5303=LINE('',#13222,#6622);
#5304=LINE('',#13224,#6623);
#5305=LINE('',#13225,#6624);
#5306=LINE('',#13228,#6625);
#5307=LINE('',#13230,#6626);
#5308=LINE('',#13232,#6627);
#5309=LINE('',#13233,#6628);
#5310=LINE('',#13236,#6629);
#5311=LINE('',#13238,#6630);
#5312=LINE('',#13240,#6631);
#5313=LINE('',#13242,#6632);
#5314=LINE('',#13244,#6633);
#5315=LINE('',#13245,#6634);
#5316=LINE('',#13248,#6635);
#5317=LINE('',#13250,#6636);
#5318=LINE('',#13252,#6637);
#5319=LINE('',#13254,#6638);
#5320=LINE('',#13256,#6639);
#5321=LINE('',#13257,#6640);
#5322=LINE('',#13260,#6641);
#5323=LINE('',#13262,#6642);
#5324=LINE('',#13264,#6643);
#5325=LINE('',#13266,#6644);
#5326=LINE('',#13268,#6645);
#5327=LINE('',#13269,#6646);
#5328=LINE('',#13272,#6647);
#5329=LINE('',#13274,#6648);
#5330=LINE('',#13276,#6649);
#5331=LINE('',#13278,#6650);
#5332=LINE('',#13280,#6651);
#5333=LINE('',#13281,#6652);
#5334=LINE('',#13284,#6653);
#5335=LINE('',#13286,#6654);
#5336=LINE('',#13288,#6655);
#5337=LINE('',#13290,#6656);
#5338=LINE('',#13292,#6657);
#5339=LINE('',#13293,#6658);
#5340=LINE('',#13296,#6659);
#5341=LINE('',#13298,#6660);
#5342=LINE('',#13300,#6661);
#5343=LINE('',#13302,#6662);
#5344=LINE('',#13304,#6663);
#5345=LINE('',#13305,#6664);
#5346=LINE('',#13308,#6665);
#5347=LINE('',#13310,#6666);
#5348=LINE('',#13312,#6667);
#5349=LINE('',#13314,#6668);
#5350=LINE('',#13316,#6669);
#5351=LINE('',#13317,#6670);
#5352=LINE('',#13320,#6671);
#5353=LINE('',#13322,#6672);
#5354=LINE('',#13324,#6673);
#5355=LINE('',#13326,#6674);
#5356=LINE('',#13328,#6675);
#5357=LINE('',#13329,#6676);
#5358=LINE('',#13332,#6677);
#5359=LINE('',#13334,#6678);
#5360=LINE('',#13336,#6679);
#5361=LINE('',#13338,#6680);
#5362=LINE('',#13340,#6681);
#5363=LINE('',#13341,#6682);
#5364=LINE('',#13344,#6683);
#5365=LINE('',#13346,#6684);
#5366=LINE('',#13348,#6685);
#5367=LINE('',#13350,#6686);
#5368=LINE('',#13352,#6687);
#5369=LINE('',#13353,#6688);
#5370=LINE('',#13356,#6689);
#5371=LINE('',#13358,#6690);
#5372=LINE('',#13360,#6691);
#5373=LINE('',#13362,#6692);
#5374=LINE('',#13364,#6693);
#5375=LINE('',#13365,#6694);
#5376=LINE('',#13368,#6695);
#5377=LINE('',#13370,#6696);
#5378=LINE('',#13372,#6697);
#5379=LINE('',#13374,#6698);
#5380=LINE('',#13376,#6699);
#5381=LINE('',#13377,#6700);
#5382=LINE('',#13380,#6701);
#5383=LINE('',#13382,#6702);
#5384=LINE('',#13384,#6703);
#5385=LINE('',#13386,#6704);
#5386=LINE('',#13388,#6705);
#5387=LINE('',#13389,#6706);
#5388=LINE('',#13392,#6707);
#5389=LINE('',#13394,#6708);
#5390=LINE('',#13396,#6709);
#5391=LINE('',#13398,#6710);
#5392=LINE('',#13400,#6711);
#5393=LINE('',#13401,#6712);
#5394=LINE('',#13404,#6713);
#5395=LINE('',#13406,#6714);
#5396=LINE('',#13408,#6715);
#5397=LINE('',#13410,#6716);
#5398=LINE('',#13412,#6717);
#5399=LINE('',#13413,#6718);
#5400=LINE('',#13416,#6719);
#5401=LINE('',#13418,#6720);
#5402=LINE('',#13420,#6721);
#5403=LINE('',#13422,#6722);
#5404=LINE('',#13424,#6723);
#5405=LINE('',#13425,#6724);
#5406=LINE('',#13428,#6725);
#5407=LINE('',#13430,#6726);
#5408=LINE('',#13432,#6727);
#5409=LINE('',#13434,#6728);
#5410=LINE('',#13436,#6729);
#5411=LINE('',#13437,#6730);
#5412=LINE('',#13440,#6731);
#5413=LINE('',#13442,#6732);
#5414=LINE('',#13444,#6733);
#5415=LINE('',#13446,#6734);
#5416=LINE('',#13448,#6735);
#5417=LINE('',#13449,#6736);
#5418=LINE('',#13452,#6737);
#5419=LINE('',#13454,#6738);
#5420=LINE('',#13456,#6739);
#5421=LINE('',#13458,#6740);
#5422=LINE('',#13460,#6741);
#5423=LINE('',#13461,#6742);
#5424=LINE('',#13464,#6743);
#5425=LINE('',#13466,#6744);
#5426=LINE('',#13468,#6745);
#5427=LINE('',#13470,#6746);
#5428=LINE('',#13472,#6747);
#5429=LINE('',#13473,#6748);
#5430=LINE('',#13476,#6749);
#5431=LINE('',#13478,#6750);
#5432=LINE('',#13480,#6751);
#5433=LINE('',#13482,#6752);
#5434=LINE('',#13484,#6753);
#5435=LINE('',#13485,#6754);
#5436=LINE('',#13488,#6755);
#5437=LINE('',#13490,#6756);
#5438=LINE('',#13492,#6757);
#5439=LINE('',#13494,#6758);
#5440=LINE('',#13496,#6759);
#5441=LINE('',#13497,#6760);
#5442=LINE('',#13500,#6761);
#5443=LINE('',#13502,#6762);
#5444=LINE('',#13504,#6763);
#5445=LINE('',#13506,#6764);
#5446=LINE('',#13508,#6765);
#5447=LINE('',#13509,#6766);
#5448=LINE('',#13512,#6767);
#5449=LINE('',#13514,#6768);
#5450=LINE('',#13516,#6769);
#5451=LINE('',#13518,#6770);
#5452=LINE('',#13520,#6771);
#5453=LINE('',#13521,#6772);
#5454=LINE('',#13524,#6773);
#5455=LINE('',#13526,#6774);
#5456=LINE('',#13528,#6775);
#5457=LINE('',#13530,#6776);
#5458=LINE('',#13532,#6777);
#5459=LINE('',#13533,#6778);
#5460=LINE('',#13536,#6779);
#5461=LINE('',#13538,#6780);
#5462=LINE('',#13540,#6781);
#5463=LINE('',#13542,#6782);
#5464=LINE('',#13544,#6783);
#5465=LINE('',#13545,#6784);
#5466=LINE('',#13548,#6785);
#5467=LINE('',#13550,#6786);
#5468=LINE('',#13552,#6787);
#5469=LINE('',#13554,#6788);
#5470=LINE('',#13556,#6789);
#5471=LINE('',#13557,#6790);
#5472=LINE('',#13560,#6791);
#5473=LINE('',#13562,#6792);
#5474=LINE('',#13564,#6793);
#5475=LINE('',#13566,#6794);
#5476=LINE('',#13568,#6795);
#5477=LINE('',#13569,#6796);
#5478=LINE('',#13572,#6797);
#5479=LINE('',#13574,#6798);
#5480=LINE('',#13576,#6799);
#5481=LINE('',#13578,#6800);
#5482=LINE('',#13580,#6801);
#5483=LINE('',#13581,#6802);
#5484=LINE('',#13584,#6803);
#5485=LINE('',#13586,#6804);
#5486=LINE('',#13588,#6805);
#5487=LINE('',#13590,#6806);
#5488=LINE('',#13592,#6807);
#5489=LINE('',#13593,#6808);
#5490=LINE('',#13596,#6809);
#5491=LINE('',#13598,#6810);
#5492=LINE('',#13600,#6811);
#5493=LINE('',#13602,#6812);
#5494=LINE('',#13604,#6813);
#5495=LINE('',#13605,#6814);
#5496=LINE('',#13608,#6815);
#5497=LINE('',#13610,#6816);
#5498=LINE('',#13612,#6817);
#5499=LINE('',#13614,#6818);
#5500=LINE('',#13616,#6819);
#5501=LINE('',#13617,#6820);
#5502=LINE('',#13620,#6821);
#5503=LINE('',#13622,#6822);
#5504=LINE('',#13624,#6823);
#5505=LINE('',#13626,#6824);
#5506=LINE('',#13628,#6825);
#5507=LINE('',#13629,#6826);
#5508=LINE('',#13632,#6827);
#5509=LINE('',#13634,#6828);
#5510=LINE('',#13636,#6829);
#5511=LINE('',#13638,#6830);
#5512=LINE('',#13640,#6831);
#5513=LINE('',#13641,#6832);
#5514=LINE('',#13644,#6833);
#5515=LINE('',#13646,#6834);
#5516=LINE('',#13648,#6835);
#5517=LINE('',#13650,#6836);
#5518=LINE('',#13652,#6837);
#5519=LINE('',#13653,#6838);
#5520=LINE('',#13656,#6839);
#5521=LINE('',#13658,#6840);
#5522=LINE('',#13660,#6841);
#5523=LINE('',#13662,#6842);
#5524=LINE('',#13664,#6843);
#5525=LINE('',#13665,#6844);
#5526=LINE('',#13668,#6845);
#5527=LINE('',#13670,#6846);
#5528=LINE('',#13672,#6847);
#5529=LINE('',#13674,#6848);
#5530=LINE('',#13676,#6849);
#5531=LINE('',#13677,#6850);
#5532=LINE('',#13680,#6851);
#5533=LINE('',#13682,#6852);
#5534=LINE('',#13684,#6853);
#5535=LINE('',#13686,#6854);
#5536=LINE('',#13688,#6855);
#5537=LINE('',#13689,#6856);
#5538=LINE('',#13692,#6857);
#5539=LINE('',#13694,#6858);
#5540=LINE('',#13696,#6859);
#5541=LINE('',#13698,#6860);
#5542=LINE('',#13700,#6861);
#5543=LINE('',#13701,#6862);
#5544=LINE('',#13704,#6863);
#5545=LINE('',#13706,#6864);
#5546=LINE('',#13708,#6865);
#5547=LINE('',#13710,#6866);
#5548=LINE('',#13712,#6867);
#5549=LINE('',#13713,#6868);
#5550=LINE('',#13716,#6869);
#5551=LINE('',#13718,#6870);
#5552=LINE('',#13720,#6871);
#5553=LINE('',#13722,#6872);
#5554=LINE('',#13724,#6873);
#5555=LINE('',#13725,#6874);
#5556=LINE('',#13728,#6875);
#5557=LINE('',#13730,#6876);
#5558=LINE('',#13732,#6877);
#5559=LINE('',#13734,#6878);
#5560=LINE('',#13736,#6879);
#5561=LINE('',#13737,#6880);
#5562=LINE('',#13740,#6881);
#5563=LINE('',#13742,#6882);
#5564=LINE('',#13744,#6883);
#5565=LINE('',#13746,#6884);
#5566=LINE('',#13748,#6885);
#5567=LINE('',#13749,#6886);
#5568=LINE('',#13752,#6887);
#5569=LINE('',#13754,#6888);
#5570=LINE('',#13756,#6889);
#5571=LINE('',#13758,#6890);
#5572=LINE('',#13760,#6891);
#5573=LINE('',#13761,#6892);
#5574=LINE('',#13764,#6893);
#5575=LINE('',#13766,#6894);
#5576=LINE('',#13768,#6895);
#5577=LINE('',#13770,#6896);
#5578=LINE('',#13772,#6897);
#5579=LINE('',#13773,#6898);
#5580=LINE('',#13776,#6899);
#5581=LINE('',#13778,#6900);
#5582=LINE('',#13780,#6901);
#5583=LINE('',#13782,#6902);
#5584=LINE('',#13784,#6903);
#5585=LINE('',#13785,#6904);
#5586=LINE('',#13788,#6905);
#5587=LINE('',#13790,#6906);
#5588=LINE('',#13792,#6907);
#5589=LINE('',#13794,#6908);
#5590=LINE('',#13796,#6909);
#5591=LINE('',#13797,#6910);
#5592=LINE('',#13800,#6911);
#5593=LINE('',#13802,#6912);
#5594=LINE('',#13804,#6913);
#5595=LINE('',#13806,#6914);
#5596=LINE('',#13808,#6915);
#5597=LINE('',#13809,#6916);
#5598=LINE('',#13812,#6917);
#5599=LINE('',#13814,#6918);
#5600=LINE('',#13816,#6919);
#5601=LINE('',#13818,#6920);
#5602=LINE('',#13820,#6921);
#5603=LINE('',#13821,#6922);
#5604=LINE('',#13824,#6923);
#5605=LINE('',#13826,#6924);
#5606=LINE('',#13828,#6925);
#5607=LINE('',#13830,#6926);
#5608=LINE('',#13832,#6927);
#5609=LINE('',#13833,#6928);
#5610=LINE('',#13836,#6929);
#5611=LINE('',#13838,#6930);
#5612=LINE('',#13840,#6931);
#5613=LINE('',#13842,#6932);
#5614=LINE('',#13844,#6933);
#5615=LINE('',#13845,#6934);
#5616=LINE('',#13848,#6935);
#5617=LINE('',#13850,#6936);
#5618=LINE('',#13852,#6937);
#5619=LINE('',#13854,#6938);
#5620=LINE('',#13856,#6939);
#5621=LINE('',#13857,#6940);
#5622=LINE('',#13860,#6941);
#5623=LINE('',#13862,#6942);
#5624=LINE('',#13864,#6943);
#5625=LINE('',#13866,#6944);
#5626=LINE('',#13868,#6945);
#5627=LINE('',#13869,#6946);
#5628=LINE('',#13872,#6947);
#5629=LINE('',#13874,#6948);
#5630=LINE('',#13876,#6949);
#5631=LINE('',#13878,#6950);
#5632=LINE('',#13880,#6951);
#5633=LINE('',#13881,#6952);
#5634=LINE('',#13884,#6953);
#5635=LINE('',#13886,#6954);
#5636=LINE('',#13888,#6955);
#5637=LINE('',#13890,#6956);
#5638=LINE('',#13892,#6957);
#5639=LINE('',#13894,#6958);
#5640=LINE('',#13896,#6959);
#5641=LINE('',#13898,#6960);
#5642=LINE('',#13902,#6961);
#5643=LINE('',#13906,#6962);
#5644=LINE('',#13910,#6963);
#5645=LINE('',#13914,#6964);
#5646=LINE('',#13916,#6965);
#5647=LINE('',#13918,#6966);
#5648=LINE('',#13920,#6967);
#5649=LINE('',#13922,#6968);
#5650=LINE('',#13924,#6969);
#5651=LINE('',#13926,#6970);
#5652=LINE('',#13928,#6971);
#5653=LINE('',#13930,#6972);
#5654=LINE('',#13932,#6973);
#5655=LINE('',#13934,#6974);
#5656=LINE('',#13936,#6975);
#5657=LINE('',#13938,#6976);
#5658=LINE('',#13940,#6977);
#5659=LINE('',#13942,#6978);
#5660=LINE('',#13944,#6979);
#5661=LINE('',#13946,#6980);
#5662=LINE('',#13948,#6981);
#5663=LINE('',#13950,#6982);
#5664=LINE('',#13952,#6983);
#5665=LINE('',#13954,#6984);
#5666=LINE('',#13956,#6985);
#5667=LINE('',#13958,#6986);
#5668=LINE('',#13960,#6987);
#5669=LINE('',#13962,#6988);
#5670=LINE('',#13964,#6989);
#5671=LINE('',#13966,#6990);
#5672=LINE('',#13968,#6991);
#5673=LINE('',#13970,#6992);
#5674=LINE('',#13972,#6993);
#5675=LINE('',#13974,#6994);
#5676=LINE('',#13976,#6995);
#5677=LINE('',#13978,#6996);
#5678=LINE('',#13980,#6997);
#5679=LINE('',#13982,#6998);
#5680=LINE('',#13984,#6999);
#5681=LINE('',#13986,#7000);
#5682=LINE('',#13988,#7001);
#5683=LINE('',#13990,#7002);
#5684=LINE('',#13992,#7003);
#5685=LINE('',#13994,#7004);
#5686=LINE('',#13996,#7005);
#5687=LINE('',#13998,#7006);
#5688=LINE('',#14000,#7007);
#5689=LINE('',#14002,#7008);
#5690=LINE('',#14004,#7009);
#5691=LINE('',#14006,#7010);
#5692=LINE('',#14008,#7011);
#5693=LINE('',#14010,#7012);
#5694=LINE('',#14012,#7013);
#5695=LINE('',#14014,#7014);
#5696=LINE('',#14016,#7015);
#5697=LINE('',#14018,#7016);
#5698=LINE('',#14020,#7017);
#5699=LINE('',#14022,#7018);
#5700=LINE('',#14024,#7019);
#5701=LINE('',#14026,#7020);
#5702=LINE('',#14028,#7021);
#5703=LINE('',#14030,#7022);
#5704=LINE('',#14032,#7023);
#5705=LINE('',#14034,#7024);
#5706=LINE('',#14036,#7025);
#5707=LINE('',#14038,#7026);
#5708=LINE('',#14040,#7027);
#5709=LINE('',#14042,#7028);
#5710=LINE('',#14044,#7029);
#5711=LINE('',#14046,#7030);
#5712=LINE('',#14048,#7031);
#5713=LINE('',#14050,#7032);
#5714=LINE('',#14052,#7033);
#5715=LINE('',#14054,#7034);
#5716=LINE('',#14056,#7035);
#5717=LINE('',#14058,#7036);
#5718=LINE('',#14060,#7037);
#5719=LINE('',#14062,#7038);
#5720=LINE('',#14064,#7039);
#5721=LINE('',#14066,#7040);
#5722=LINE('',#14068,#7041);
#5723=LINE('',#14070,#7042);
#5724=LINE('',#14072,#7043);
#5725=LINE('',#14074,#7044);
#5726=LINE('',#14076,#7045);
#5727=LINE('',#14078,#7046);
#5728=LINE('',#14080,#7047);
#5729=LINE('',#14082,#7048);
#5730=LINE('',#14084,#7049);
#5731=LINE('',#14086,#7050);
#5732=LINE('',#14088,#7051);
#5733=LINE('',#14090,#7052);
#5734=LINE('',#14092,#7053);
#5735=LINE('',#14094,#7054);
#5736=LINE('',#14096,#7055);
#5737=LINE('',#14098,#7056);
#5738=LINE('',#14100,#7057);
#5739=LINE('',#14102,#7058);
#5740=LINE('',#14104,#7059);
#5741=LINE('',#14106,#7060);
#5742=LINE('',#14108,#7061);
#5743=LINE('',#14110,#7062);
#5744=LINE('',#14112,#7063);
#5745=LINE('',#14114,#7064);
#5746=LINE('',#14116,#7065);
#5747=LINE('',#14118,#7066);
#5748=LINE('',#14120,#7067);
#5749=LINE('',#14122,#7068);
#5750=LINE('',#14124,#7069);
#5751=LINE('',#14126,#7070);
#5752=LINE('',#14128,#7071);
#5753=LINE('',#14130,#7072);
#5754=LINE('',#14132,#7073);
#5755=LINE('',#14134,#7074);
#5756=LINE('',#14136,#7075);
#5757=LINE('',#14138,#7076);
#5758=LINE('',#14140,#7077);
#5759=LINE('',#14142,#7078);
#5760=LINE('',#14144,#7079);
#5761=LINE('',#14146,#7080);
#5762=LINE('',#14148,#7081);
#5763=LINE('',#14150,#7082);
#5764=LINE('',#14152,#7083);
#5765=LINE('',#14154,#7084);
#5766=LINE('',#14156,#7085);
#5767=LINE('',#14158,#7086);
#5768=LINE('',#14160,#7087);
#5769=LINE('',#14162,#7088);
#5770=LINE('',#14164,#7089);
#5771=LINE('',#14166,#7090);
#5772=LINE('',#14168,#7091);
#5773=LINE('',#14170,#7092);
#5774=LINE('',#14172,#7093);
#5775=LINE('',#14174,#7094);
#5776=LINE('',#14176,#7095);
#5777=LINE('',#14178,#7096);
#5778=LINE('',#14180,#7097);
#5779=LINE('',#14182,#7098);
#5780=LINE('',#14184,#7099);
#5781=LINE('',#14186,#7100);
#5782=LINE('',#14188,#7101);
#5783=LINE('',#14190,#7102);
#5784=LINE('',#14192,#7103);
#5785=LINE('',#14194,#7104);
#5786=LINE('',#14196,#7105);
#5787=LINE('',#14198,#7106);
#5788=LINE('',#14200,#7107);
#5789=LINE('',#14202,#7108);
#5790=LINE('',#14204,#7109);
#5791=LINE('',#14206,#7110);
#5792=LINE('',#14208,#7111);
#5793=LINE('',#14210,#7112);
#5794=LINE('',#14212,#7113);
#5795=LINE('',#14214,#7114);
#5796=LINE('',#14216,#7115);
#5797=LINE('',#14218,#7116);
#5798=LINE('',#14220,#7117);
#5799=LINE('',#14222,#7118);
#5800=LINE('',#14224,#7119);
#5801=LINE('',#14226,#7120);
#5802=LINE('',#14228,#7121);
#5803=LINE('',#14230,#7122);
#5804=LINE('',#14232,#7123);
#5805=LINE('',#14234,#7124);
#5806=LINE('',#14236,#7125);
#5807=LINE('',#14238,#7126);
#5808=LINE('',#14240,#7127);
#5809=LINE('',#14242,#7128);
#5810=LINE('',#14244,#7129);
#5811=LINE('',#14246,#7130);
#5812=LINE('',#14248,#7131);
#5813=LINE('',#14250,#7132);
#5814=LINE('',#14252,#7133);
#5815=LINE('',#14254,#7134);
#5816=LINE('',#14256,#7135);
#5817=LINE('',#14258,#7136);
#5818=LINE('',#14260,#7137);
#5819=LINE('',#14262,#7138);
#5820=LINE('',#14264,#7139);
#5821=LINE('',#14266,#7140);
#5822=LINE('',#14268,#7141);
#5823=LINE('',#14270,#7142);
#5824=LINE('',#14272,#7143);
#5825=LINE('',#14274,#7144);
#5826=LINE('',#14276,#7145);
#5827=LINE('',#14278,#7146);
#5828=LINE('',#14280,#7147);
#5829=LINE('',#14282,#7148);
#5830=LINE('',#14284,#7149);
#5831=LINE('',#14286,#7150);
#5832=LINE('',#14288,#7151);
#5833=LINE('',#14290,#7152);
#5834=LINE('',#14292,#7153);
#5835=LINE('',#14294,#7154);
#5836=LINE('',#14296,#7155);
#5837=LINE('',#14298,#7156);
#5838=LINE('',#14300,#7157);
#5839=LINE('',#14302,#7158);
#5840=LINE('',#14304,#7159);
#5841=LINE('',#14306,#7160);
#5842=LINE('',#14308,#7161);
#5843=LINE('',#14310,#7162);
#5844=LINE('',#14312,#7163);
#5845=LINE('',#14314,#7164);
#5846=LINE('',#14316,#7165);
#5847=LINE('',#14318,#7166);
#5848=LINE('',#14320,#7167);
#5849=LINE('',#14322,#7168);
#5850=LINE('',#14324,#7169);
#5851=LINE('',#14326,#7170);
#5852=LINE('',#14328,#7171);
#5853=LINE('',#14330,#7172);
#5854=LINE('',#14332,#7173);
#5855=LINE('',#14334,#7174);
#5856=LINE('',#14336,#7175);
#5857=LINE('',#14338,#7176);
#5858=LINE('',#14340,#7177);
#5859=LINE('',#14342,#7178);
#5860=LINE('',#14344,#7179);
#5861=LINE('',#14346,#7180);
#5862=LINE('',#14348,#7181);
#5863=LINE('',#14350,#7182);
#5864=LINE('',#14352,#7183);
#5865=LINE('',#14354,#7184);
#5866=LINE('',#14356,#7185);
#5867=LINE('',#14358,#7186);
#5868=LINE('',#14360,#7187);
#5869=LINE('',#14362,#7188);
#5870=LINE('',#14364,#7189);
#5871=LINE('',#14366,#7190);
#5872=LINE('',#14368,#7191);
#5873=LINE('',#14370,#7192);
#5874=LINE('',#14372,#7193);
#5875=LINE('',#14374,#7194);
#5876=LINE('',#14376,#7195);
#5877=LINE('',#14378,#7196);
#5878=LINE('',#14380,#7197);
#5879=LINE('',#14382,#7198);
#5880=LINE('',#14384,#7199);
#5881=LINE('',#14386,#7200);
#5882=LINE('',#14388,#7201);
#5883=LINE('',#14390,#7202);
#5884=LINE('',#14392,#7203);
#5885=LINE('',#14394,#7204);
#5886=LINE('',#14396,#7205);
#5887=LINE('',#14398,#7206);
#5888=LINE('',#14400,#7207);
#5889=LINE('',#14402,#7208);
#5890=LINE('',#14404,#7209);
#5891=LINE('',#14406,#7210);
#5892=LINE('',#14408,#7211);
#5893=LINE('',#14410,#7212);
#5894=LINE('',#14412,#7213);
#5895=LINE('',#14414,#7214);
#5896=LINE('',#14416,#7215);
#5897=LINE('',#14418,#7216);
#5898=LINE('',#14420,#7217);
#5899=LINE('',#14422,#7218);
#5900=LINE('',#14424,#7219);
#5901=LINE('',#14426,#7220);
#5902=LINE('',#14428,#7221);
#5903=LINE('',#14430,#7222);
#5904=LINE('',#14432,#7223);
#5905=LINE('',#14434,#7224);
#5906=LINE('',#14436,#7225);
#5907=LINE('',#14438,#7226);
#5908=LINE('',#14440,#7227);
#5909=LINE('',#14442,#7228);
#5910=LINE('',#14444,#7229);
#5911=LINE('',#14446,#7230);
#5912=LINE('',#14448,#7231);
#5913=LINE('',#14450,#7232);
#5914=LINE('',#14452,#7233);
#5915=LINE('',#14454,#7234);
#5916=LINE('',#14456,#7235);
#5917=LINE('',#14458,#7236);
#5918=LINE('',#14460,#7237);
#5919=LINE('',#14462,#7238);
#5920=LINE('',#14464,#7239);
#5921=LINE('',#14466,#7240);
#5922=LINE('',#14468,#7241);
#5923=LINE('',#14470,#7242);
#5924=LINE('',#14472,#7243);
#5925=LINE('',#14474,#7244);
#5926=LINE('',#14476,#7245);
#5927=LINE('',#14478,#7246);
#5928=LINE('',#14480,#7247);
#5929=LINE('',#14482,#7248);
#5930=LINE('',#14484,#7249);
#5931=LINE('',#14486,#7250);
#5932=LINE('',#14488,#7251);
#5933=LINE('',#14490,#7252);
#5934=LINE('',#14492,#7253);
#5935=LINE('',#14494,#7254);
#5936=LINE('',#14496,#7255);
#5937=LINE('',#14498,#7256);
#5938=LINE('',#14500,#7257);
#5939=LINE('',#14502,#7258);
#5940=LINE('',#14504,#7259);
#5941=LINE('',#14506,#7260);
#5942=LINE('',#14508,#7261);
#5943=LINE('',#14510,#7262);
#5944=LINE('',#14512,#7263);
#5945=LINE('',#14514,#7264);
#5946=LINE('',#14516,#7265);
#5947=LINE('',#14518,#7266);
#5948=LINE('',#14520,#7267);
#5949=LINE('',#14522,#7268);
#5950=LINE('',#14524,#7269);
#5951=LINE('',#14526,#7270);
#5952=LINE('',#14528,#7271);
#5953=LINE('',#14530,#7272);
#5954=LINE('',#14532,#7273);
#5955=LINE('',#14534,#7274);
#5956=LINE('',#14536,#7275);
#5957=LINE('',#14538,#7276);
#5958=LINE('',#14540,#7277);
#5959=LINE('',#14542,#7278);
#5960=LINE('',#14544,#7279);
#5961=LINE('',#14546,#7280);
#5962=LINE('',#14548,#7281);
#5963=LINE('',#14550,#7282);
#5964=LINE('',#14552,#7283);
#5965=LINE('',#14554,#7284);
#5966=LINE('',#14556,#7285);
#5967=LINE('',#14558,#7286);
#5968=LINE('',#14560,#7287);
#5969=LINE('',#14562,#7288);
#5970=LINE('',#14564,#7289);
#5971=LINE('',#14566,#7290);
#5972=LINE('',#14568,#7291);
#5973=LINE('',#14570,#7292);
#5974=LINE('',#14572,#7293);
#5975=LINE('',#14574,#7294);
#5976=LINE('',#14576,#7295);
#5977=LINE('',#14578,#7296);
#5978=LINE('',#14580,#7297);
#5979=LINE('',#14582,#7298);
#5980=LINE('',#14584,#7299);
#5981=LINE('',#14586,#7300);
#5982=LINE('',#14588,#7301);
#5983=LINE('',#14590,#7302);
#5984=LINE('',#14592,#7303);
#5985=LINE('',#14594,#7304);
#5986=LINE('',#14596,#7305);
#5987=LINE('',#14598,#7306);
#5988=LINE('',#14600,#7307);
#5989=LINE('',#14602,#7308);
#5990=LINE('',#14604,#7309);
#5991=LINE('',#14606,#7310);
#5992=LINE('',#14608,#7311);
#5993=LINE('',#14610,#7312);
#5994=LINE('',#14612,#7313);
#5995=LINE('',#14614,#7314);
#5996=LINE('',#14616,#7315);
#5997=LINE('',#14618,#7316);
#5998=LINE('',#14620,#7317);
#5999=LINE('',#14622,#7318);
#6000=LINE('',#14624,#7319);
#6001=LINE('',#14626,#7320);
#6002=LINE('',#14628,#7321);
#6003=LINE('',#14630,#7322);
#6004=LINE('',#14632,#7323);
#6005=LINE('',#14634,#7324);
#6006=LINE('',#14636,#7325);
#6007=LINE('',#14638,#7326);
#6008=LINE('',#14640,#7327);
#6009=LINE('',#14642,#7328);
#6010=LINE('',#14644,#7329);
#6011=LINE('',#14646,#7330);
#6012=LINE('',#14648,#7331);
#6013=LINE('',#14650,#7332);
#6014=LINE('',#14652,#7333);
#6015=LINE('',#14654,#7334);
#6016=LINE('',#14656,#7335);
#6017=LINE('',#14658,#7336);
#6018=LINE('',#14660,#7337);
#6019=LINE('',#14662,#7338);
#6020=LINE('',#14664,#7339);
#6021=LINE('',#14666,#7340);
#6022=LINE('',#14668,#7341);
#6023=LINE('',#14670,#7342);
#6024=LINE('',#14672,#7343);
#6025=LINE('',#14674,#7344);
#6026=LINE('',#14676,#7345);
#6027=LINE('',#14678,#7346);
#6028=LINE('',#14680,#7347);
#6029=LINE('',#14682,#7348);
#6030=LINE('',#14684,#7349);
#6031=LINE('',#14686,#7350);
#6032=LINE('',#14688,#7351);
#6033=LINE('',#14690,#7352);
#6034=LINE('',#14692,#7353);
#6035=LINE('',#14694,#7354);
#6036=LINE('',#14696,#7355);
#6037=LINE('',#14698,#7356);
#6038=LINE('',#14700,#7357);
#6039=LINE('',#14702,#7358);
#6040=LINE('',#14704,#7359);
#6041=LINE('',#14706,#7360);
#6042=LINE('',#14708,#7361);
#6043=LINE('',#14710,#7362);
#6044=LINE('',#14712,#7363);
#6045=LINE('',#14714,#7364);
#6046=LINE('',#14716,#7365);
#6047=LINE('',#14718,#7366);
#6048=LINE('',#14720,#7367);
#6049=LINE('',#14722,#7368);
#6050=LINE('',#14724,#7369);
#6051=LINE('',#14726,#7370);
#6052=LINE('',#14728,#7371);
#6053=LINE('',#14730,#7372);
#6054=LINE('',#14732,#7373);
#6055=LINE('',#14734,#7374);
#6056=LINE('',#14736,#7375);
#6057=LINE('',#14738,#7376);
#6058=LINE('',#14740,#7377);
#6059=LINE('',#14742,#7378);
#6060=LINE('',#14744,#7379);
#6061=LINE('',#14746,#7380);
#6062=LINE('',#14748,#7381);
#6063=LINE('',#14750,#7382);
#6064=LINE('',#14752,#7383);
#6065=LINE('',#14754,#7384);
#6066=LINE('',#14756,#7385);
#6067=LINE('',#14758,#7386);
#6068=LINE('',#14760,#7387);
#6069=LINE('',#14762,#7388);
#6070=LINE('',#14764,#7389);
#6071=LINE('',#14766,#7390);
#6072=LINE('',#14768,#7391);
#6073=LINE('',#14770,#7392);
#6074=LINE('',#14772,#7393);
#6075=LINE('',#14774,#7394);
#6076=LINE('',#14776,#7395);
#6077=LINE('',#14778,#7396);
#6078=LINE('',#14780,#7397);
#6079=LINE('',#14782,#7398);
#6080=LINE('',#14784,#7399);
#6081=LINE('',#14786,#7400);
#6082=LINE('',#14788,#7401);
#6083=LINE('',#14790,#7402);
#6084=LINE('',#14792,#7403);
#6085=LINE('',#14794,#7404);
#6086=LINE('',#14796,#7405);
#6087=LINE('',#14798,#7406);
#6088=LINE('',#14800,#7407);
#6089=LINE('',#14802,#7408);
#6090=LINE('',#14804,#7409);
#6091=LINE('',#14806,#7410);
#6092=LINE('',#14808,#7411);
#6093=LINE('',#14810,#7412);
#6094=LINE('',#14812,#7413);
#6095=LINE('',#14814,#7414);
#6096=LINE('',#14816,#7415);
#6097=LINE('',#14818,#7416);
#6098=LINE('',#14820,#7417);
#6099=LINE('',#14822,#7418);
#6100=LINE('',#14824,#7419);
#6101=LINE('',#14826,#7420);
#6102=LINE('',#14828,#7421);
#6103=LINE('',#14830,#7422);
#6104=LINE('',#14832,#7423);
#6105=LINE('',#14834,#7424);
#6106=LINE('',#14836,#7425);
#6107=LINE('',#14838,#7426);
#6108=LINE('',#14840,#7427);
#6109=LINE('',#14842,#7428);
#6110=LINE('',#14844,#7429);
#6111=LINE('',#14846,#7430);
#6112=LINE('',#14848,#7431);
#6113=LINE('',#14850,#7432);
#6114=LINE('',#14852,#7433);
#6115=LINE('',#14854,#7434);
#6116=LINE('',#14856,#7435);
#6117=LINE('',#14858,#7436);
#6118=LINE('',#14860,#7437);
#6119=LINE('',#14862,#7438);
#6120=LINE('',#14864,#7439);
#6121=LINE('',#14866,#7440);
#6122=LINE('',#14868,#7441);
#6123=LINE('',#14870,#7442);
#6124=LINE('',#14872,#7443);
#6125=LINE('',#14874,#7444);
#6126=LINE('',#14876,#7445);
#6127=LINE('',#14878,#7446);
#6128=LINE('',#14880,#7447);
#6129=LINE('',#14882,#7448);
#6130=LINE('',#14884,#7449);
#6131=LINE('',#14886,#7450);
#6132=LINE('',#14888,#7451);
#6133=LINE('',#14890,#7452);
#6134=LINE('',#14892,#7453);
#6135=LINE('',#14894,#7454);
#6136=LINE('',#14896,#7455);
#6137=LINE('',#14898,#7456);
#6138=LINE('',#14900,#7457);
#6139=LINE('',#14902,#7458);
#6140=LINE('',#14904,#7459);
#6141=LINE('',#14906,#7460);
#6142=LINE('',#14908,#7461);
#6143=LINE('',#14910,#7462);
#6144=LINE('',#14912,#7463);
#6145=LINE('',#14914,#7464);
#6146=LINE('',#14916,#7465);
#6147=LINE('',#14918,#7466);
#6148=LINE('',#14920,#7467);
#6149=LINE('',#14922,#7468);
#6150=LINE('',#14924,#7469);
#6151=LINE('',#14926,#7470);
#6152=LINE('',#14928,#7471);
#6153=LINE('',#14930,#7472);
#6154=LINE('',#14932,#7473);
#6155=LINE('',#14934,#7474);
#6156=LINE('',#14936,#7475);
#6157=LINE('',#14938,#7476);
#6158=LINE('',#14940,#7477);
#6159=LINE('',#14942,#7478);
#6160=LINE('',#14944,#7479);
#6161=LINE('',#14946,#7480);
#6162=LINE('',#14948,#7481);
#6163=LINE('',#14950,#7482);
#6164=LINE('',#14952,#7483);
#6165=LINE('',#14954,#7484);
#6166=LINE('',#14956,#7485);
#6167=LINE('',#14958,#7486);
#6168=LINE('',#14960,#7487);
#6169=LINE('',#14962,#7488);
#6170=LINE('',#14964,#7489);
#6171=LINE('',#14966,#7490);
#6172=LINE('',#14968,#7491);
#6173=LINE('',#14970,#7492);
#6174=LINE('',#14972,#7493);
#6175=LINE('',#14974,#7494);
#6176=LINE('',#14976,#7495);
#6177=LINE('',#14978,#7496);
#6178=LINE('',#14980,#7497);
#6179=LINE('',#14982,#7498);
#6180=LINE('',#14984,#7499);
#6181=LINE('',#14986,#7500);
#6182=LINE('',#14988,#7501);
#6183=LINE('',#14990,#7502);
#6184=LINE('',#14992,#7503);
#6185=LINE('',#14994,#7504);
#6186=LINE('',#14996,#7505);
#6187=LINE('',#14998,#7506);
#6188=LINE('',#15000,#7507);
#6189=LINE('',#15002,#7508);
#6190=LINE('',#15004,#7509);
#6191=LINE('',#15006,#7510);
#6192=LINE('',#15008,#7511);
#6193=LINE('',#15010,#7512);
#6194=LINE('',#15012,#7513);
#6195=LINE('',#15014,#7514);
#6196=LINE('',#15016,#7515);
#6197=LINE('',#15018,#7516);
#6198=LINE('',#15020,#7517);
#6199=LINE('',#15022,#7518);
#6200=LINE('',#15024,#7519);
#6201=LINE('',#15026,#7520);
#6202=LINE('',#15028,#7521);
#6203=LINE('',#15030,#7522);
#6204=LINE('',#15032,#7523);
#6205=LINE('',#15034,#7524);
#6206=LINE('',#15036,#7525);
#6207=LINE('',#15038,#7526);
#6208=LINE('',#15040,#7527);
#6209=LINE('',#15042,#7528);
#6210=LINE('',#15044,#7529);
#6211=LINE('',#15046,#7530);
#6212=LINE('',#15048,#7531);
#6213=LINE('',#15050,#7532);
#6214=LINE('',#15052,#7533);
#6215=LINE('',#15054,#7534);
#6216=LINE('',#15056,#7535);
#6217=LINE('',#15058,#7536);
#6218=LINE('',#15060,#7537);
#6219=LINE('',#15062,#7538);
#6220=LINE('',#15064,#7539);
#6221=LINE('',#15066,#7540);
#6222=LINE('',#15068,#7541);
#6223=LINE('',#15070,#7542);
#6224=LINE('',#15072,#7543);
#6225=LINE('',#15074,#7544);
#6226=LINE('',#15076,#7545);
#6227=LINE('',#15078,#7546);
#6228=LINE('',#15080,#7547);
#6229=LINE('',#15082,#7548);
#6230=LINE('',#15084,#7549);
#6231=LINE('',#15086,#7550);
#6232=LINE('',#15088,#7551);
#6233=LINE('',#15090,#7552);
#6234=LINE('',#15092,#7553);
#6235=LINE('',#15094,#7554);
#6236=LINE('',#15096,#7555);
#6237=LINE('',#15098,#7556);
#6238=LINE('',#15100,#7557);
#6239=LINE('',#15102,#7558);
#6240=LINE('',#15104,#7559);
#6241=LINE('',#15106,#7560);
#6242=LINE('',#15108,#7561);
#6243=LINE('',#15110,#7562);
#6244=LINE('',#15112,#7563);
#6245=LINE('',#15114,#7564);
#6246=LINE('',#15116,#7565);
#6247=LINE('',#15118,#7566);
#6248=LINE('',#15120,#7567);
#6249=LINE('',#15122,#7568);
#6250=LINE('',#15124,#7569);
#6251=LINE('',#15126,#7570);
#6252=LINE('',#15128,#7571);
#6253=LINE('',#15130,#7572);
#6254=LINE('',#15132,#7573);
#6255=LINE('',#15134,#7574);
#6256=LINE('',#15136,#7575);
#6257=LINE('',#15138,#7576);
#6258=LINE('',#15140,#7577);
#6259=LINE('',#15142,#7578);
#6260=LINE('',#15144,#7579);
#6261=LINE('',#15146,#7580);
#6262=LINE('',#15148,#7581);
#6263=LINE('',#15150,#7582);
#6264=LINE('',#15152,#7583);
#6265=LINE('',#15154,#7584);
#6266=LINE('',#15156,#7585);
#6267=LINE('',#15158,#7586);
#6268=LINE('',#15160,#7587);
#6269=LINE('',#15162,#7588);
#6270=LINE('',#15164,#7589);
#6271=LINE('',#15166,#7590);
#6272=LINE('',#15168,#7591);
#6273=LINE('',#15170,#7592);
#6274=LINE('',#15172,#7593);
#6275=LINE('',#15174,#7594);
#6276=LINE('',#15176,#7595);
#6277=LINE('',#15178,#7596);
#6278=LINE('',#15180,#7597);
#6279=LINE('',#15182,#7598);
#6280=LINE('',#15184,#7599);
#6281=LINE('',#15186,#7600);
#6282=LINE('',#15188,#7601);
#6283=LINE('',#15190,#7602);
#6284=LINE('',#15192,#7603);
#6285=LINE('',#15194,#7604);
#6286=LINE('',#15196,#7605);
#6287=LINE('',#15198,#7606);
#6288=LINE('',#15201,#7607);
#6289=LINE('',#15202,#7608);
#6290=LINE('',#15204,#7609);
#6291=LINE('',#15207,#7610);
#6292=LINE('',#15208,#7611);
#6293=LINE('',#15210,#7612);
#6294=LINE('',#15212,#7613);
#6295=LINE('',#15213,#7614);
#6296=LINE('',#15215,#7615);
#6297=LINE('',#15217,#7616);
#6298=LINE('',#15218,#7617);
#6299=LINE('',#15220,#7618);
#6300=LINE('',#15223,#7619);
#6301=LINE('',#15225,#7620);
#6302=LINE('',#15227,#7621);
#6303=LINE('',#15229,#7622);
#6304=LINE('',#15231,#7623);
#6305=LINE('',#15241,#7624);
#6306=LINE('',#15242,#7625);
#6307=LINE('',#15244,#7626);
#6308=LINE('',#15246,#7627);
#6309=LINE('',#15248,#7628);
#6310=LINE('',#15250,#7629);
#6311=LINE('',#15253,#7630);
#6312=LINE('',#15255,#7631);
#6313=LINE('',#15257,#7632);
#6314=LINE('',#15259,#7633);
#6315=LINE('',#15261,#7634);
#6316=LINE('',#15263,#7635);
#6317=LINE('',#15265,#7636);
#6318=LINE('',#15267,#7637);
#6319=LINE('',#15269,#7638);
#6320=LINE('',#15271,#7639);
#6321=LINE('',#15273,#7640);
#6322=LINE('',#15274,#7641);
#6323=LINE('',#15276,#7642);
#6324=LINE('',#15279,#7643);
#6325=LINE('',#15282,#7644);
#6326=LINE('',#15284,#7645);
#6327=LINE('',#15286,#7646);
#6328=LINE('',#15288,#7647);
#6329=LINE('',#15290,#7648);
#6330=LINE('',#15292,#7649);
#6331=LINE('',#15294,#7650);
#6332=LINE('',#15296,#7651);
#6333=LINE('',#15298,#7652);
#6334=LINE('',#15300,#7653);
#6335=LINE('',#15302,#7654);
#6336=LINE('',#15304,#7655);
#6337=LINE('',#15306,#7656);
#6338=LINE('',#15308,#7657);
#6339=LINE('',#15309,#7658);
#6340=LINE('',#15311,#7659);
#6341=LINE('',#15314,#7660);
#6342=LINE('',#15317,#7661);
#6343=LINE('',#15319,#7662);
#6344=LINE('',#15321,#7663);
#6345=LINE('',#15323,#7664);
#6346=LINE('',#15325,#7665);
#6347=LINE('',#15327,#7666);
#6348=LINE('',#15329,#7667);
#6349=LINE('',#15331,#7668);
#6350=LINE('',#15333,#7669);
#6351=LINE('',#15335,#7670);
#6352=LINE('',#15337,#7671);
#6353=LINE('',#15339,#7672);
#6354=LINE('',#15340,#7673);
#6355=LINE('',#15342,#7674);
#6356=LINE('',#15344,#7675);
#6357=LINE('',#15346,#7676);
#6358=LINE('',#15349,#7677);
#6359=LINE('',#15352,#7678);
#6360=LINE('',#15354,#7679);
#6361=LINE('',#15356,#7680);
#6362=LINE('',#15358,#7681);
#6363=LINE('',#15360,#7682);
#6364=LINE('',#15362,#7683);
#6365=LINE('',#15364,#7684);
#6366=LINE('',#15366,#7685);
#6367=LINE('',#15368,#7686);
#6368=LINE('',#15369,#7687);
#6369=LINE('',#15371,#7688);
#6370=LINE('',#15373,#7689);
#6371=LINE('',#15375,#7690);
#6372=LINE('',#15378,#7691);
#6373=LINE('',#15382,#7692);
#6374=LINE('',#15385,#7693);
#6375=LINE('',#15387,#7694);
#6376=LINE('',#15389,#7695);
#6377=LINE('',#15391,#7696);
#6378=LINE('',#15393,#7697);
#6379=LINE('',#15395,#7698);
#6380=LINE('',#15397,#7699);
#6381=LINE('',#15399,#7700);
#6382=LINE('',#15401,#7701);
#6383=LINE('',#15404,#7702);
#6384=LINE('',#15407,#7703);
#6385=LINE('',#15409,#7704);
#6386=LINE('',#15411,#7705);
#6387=LINE('',#15413,#7706);
#6388=LINE('',#15416,#7707);
#6389=LINE('',#15418,#7708);
#6390=LINE('',#15420,#7709);
#6391=LINE('',#15422,#7710);
#6392=LINE('',#15424,#7711);
#6393=LINE('',#15426,#7712);
#6394=LINE('',#15428,#7713);
#6395=LINE('',#15430,#7714);
#6396=LINE('',#15432,#7715);
#6397=LINE('',#15434,#7716);
#6398=LINE('',#15436,#7717);
#6399=LINE('',#15438,#7718);
#6400=LINE('',#15440,#7719);
#6401=LINE('',#15444,#7720);
#6402=LINE('',#15448,#7721);
#6403=LINE('',#15451,#7722);
#6404=LINE('',#15454,#7723);
#6405=LINE('',#15456,#7724);
#6406=LINE('',#15458,#7725);
#6407=LINE('',#15459,#7726);
#6408=LINE('',#15462,#7727);
#6409=LINE('',#15464,#7728);
#6410=LINE('',#15466,#7729);
#6411=LINE('',#15468,#7730);
#6412=LINE('',#15471,#7731);
#6413=LINE('',#15473,#7732);
#6414=LINE('',#15475,#7733);
#6415=LINE('',#15476,#7734);
#6416=LINE('',#15479,#7735);
#6417=LINE('',#15481,#7736);
#6418=LINE('',#15483,#7737);
#6419=LINE('',#15485,#7738);
#6420=LINE('',#15487,#7739);
#6421=LINE('',#15489,#7740);
#6422=LINE('',#15491,#7741);
#6423=LINE('',#15493,#7742);
#6424=LINE('',#15495,#7743);
#6425=LINE('',#15496,#7744);
#6426=LINE('',#15499,#7745);
#6427=LINE('',#15501,#7746);
#6428=LINE('',#15503,#7747);
#6429=LINE('',#15508,#7748);
#6430=LINE('',#15510,#7749);
#6431=LINE('',#15513,#7750);
#6432=LINE('',#15518,#7751);
#6433=LINE('',#15520,#7752);
#6434=LINE('',#15524,#7753);
#6435=LINE('',#15528,#7754);
#6436=LINE('',#15532,#7755);
#6437=LINE('',#15534,#7756);
#6438=LINE('',#15537,#7757);
#6439=LINE('',#15539,#7758);
#6440=LINE('',#15541,#7759);
#6441=LINE('',#15542,#7760);
#6442=LINE('',#15544,#7761);
#6443=LINE('',#15546,#7762);
#6444=LINE('',#15548,#7763);
#6445=LINE('',#15550,#7764);
#6446=LINE('',#15552,#7765);
#6447=LINE('',#15554,#7766);
#6448=LINE('',#15556,#7767);
#6449=LINE('',#15558,#7768);
#6450=LINE('',#15560,#7769);
#6451=LINE('',#15562,#7770);
#6452=LINE('',#15563,#7771);
#6453=LINE('',#15568,#7772);
#6454=LINE('',#15572,#7773);
#6455=LINE('',#15576,#7774);
#6456=LINE('',#15585,#7775);
#6457=LINE('',#15587,#7776);
#6458=LINE('',#15589,#7777);
#6459=LINE('',#15591,#7778);
#6460=LINE('',#15593,#7779);
#6461=LINE('',#15595,#7780);
#6462=LINE('',#15597,#7781);
#6463=LINE('',#15599,#7782);
#6464=LINE('',#15601,#7783);
#6465=LINE('',#15603,#7784);
#6466=LINE('',#15604,#7785);
#6467=LINE('',#15607,#7786);
#6468=LINE('',#15609,#7787);
#6469=LINE('',#15611,#7788);
#6470=LINE('',#15612,#7789);
#6471=LINE('',#15615,#7790);
#6472=LINE('',#15617,#7791);
#6473=LINE('',#15619,#7792);
#6474=LINE('',#15620,#7793);
#6475=LINE('',#15623,#7794);
#6476=LINE('',#15625,#7795);
#6477=LINE('',#15627,#7796);
#6478=LINE('',#15631,#7797);
#6479=LINE('',#15634,#7798);
#6480=LINE('',#15636,#7799);
#6481=LINE('',#15638,#7800);
#6482=LINE('',#15640,#7801);
#6483=LINE('',#15645,#7802);
#6484=LINE('',#15649,#7803);
#6485=LINE('',#15653,#7804);
#6486=LINE('',#15658,#7805);
#6487=LINE('',#15661,#7806);
#6488=LINE('',#15663,#7807);
#6489=LINE('',#15665,#7808);
#6490=LINE('',#15667,#7809);
#6491=LINE('',#15670,#7810);
#6492=LINE('',#15672,#7811);
#6493=LINE('',#15674,#7812);
#6494=LINE('',#15676,#7813);
#6495=LINE('',#15678,#7814);
#6496=LINE('',#15680,#7815);
#6497=LINE('',#15684,#7816);
#6498=LINE('',#15692,#7817);
#6499=LINE('',#15695,#7818);
#6500=LINE('',#15697,#7819);
#6501=LINE('',#15699,#7820);
#6502=LINE('',#15704,#7821);
#6503=LINE('',#15708,#7822);
#6504=LINE('',#15712,#7823);
#6505=LINE('',#15716,#7824);
#6506=LINE('',#15730,#7825);
#6507=LINE('',#15732,#7826);
#6508=LINE('',#15734,#7827);
#6509=LINE('',#15736,#7828);
#6510=LINE('',#15738,#7829);
#6511=LINE('',#15740,#7830);
#6512=LINE('',#15742,#7831);
#6513=LINE('',#15744,#7832);
#6514=LINE('',#15747,#7833);
#6515=LINE('',#15749,#7834);
#6516=LINE('',#15751,#7835);
#6517=LINE('',#15753,#7836);
#6518=LINE('',#15755,#7837);
#6519=LINE('',#15757,#7838);
#6520=LINE('',#15759,#7839);
#6521=LINE('',#15761,#7840);
#6522=LINE('',#15764,#7841);
#6523=LINE('',#15766,#7842);
#6524=LINE('',#15768,#7843);
#6525=LINE('',#15770,#7844);
#6526=LINE('',#15772,#7845);
#6527=LINE('',#15774,#7846);
#6528=LINE('',#15776,#7847);
#6529=LINE('',#15778,#7848);
#6530=LINE('',#15781,#7849);
#6531=LINE('',#15783,#7850);
#6532=LINE('',#15785,#7851);
#6533=LINE('',#15787,#7852);
#6534=LINE('',#15789,#7853);
#6535=LINE('',#15791,#7854);
#6536=LINE('',#15793,#7855);
#6537=LINE('',#15795,#7856);
#6538=LINE('',#15797,#7857);
#6539=LINE('',#15798,#7858);
#6540=LINE('',#15800,#7859);
#6541=LINE('',#15803,#7860);
#6542=LINE('',#15805,#7861);
#6543=LINE('',#15807,#7862);
#6544=LINE('',#15809,#7863);
#6545=LINE('',#15811,#7864);
#6546=LINE('',#15813,#7865);
#6547=LINE('',#15815,#7866);
#6548=LINE('',#15817,#7867);
#6549=LINE('',#15819,#7868);
#6550=LINE('',#15821,#7869);
#6551=LINE('',#15823,#7870);
#6552=LINE('',#15825,#7871);
#6553=LINE('',#15827,#7872);
#6554=LINE('',#15829,#7873);
#6555=LINE('',#15831,#7874);
#6556=LINE('',#15835,#7875);
#6557=LINE('',#15836,#7876);
#6558=LINE('',#15838,#7877);
#6559=LINE('',#15840,#7878);
#6560=LINE('',#15844,#7879);
#6561=LINE('',#15845,#7880);
#6562=LINE('',#15847,#7881);
#6563=LINE('',#15848,#7882);
#6564=LINE('',#15850,#7883);
#6565=LINE('',#15851,#7884);
#6566=LINE('',#15853,#7885);
#6567=LINE('',#15854,#7886);
#6568=LINE('',#15927,#7887);
#6569=LINE('',#15929,#7888);
#6570=LINE('',#15930,#7889);
#6571=LINE('',#15933,#7890);
#6572=LINE('',#15995,#7891);
#6573=LINE('',#15997,#7892);
#6574=LINE('',#15999,#7893);
#6575=LINE('',#16001,#7894);
#6576=LINE('',#16003,#7895);
#6577=LINE('',#16005,#7896);
#6578=LINE('',#16007,#7897);
#6579=LINE('',#16009,#7898);
#6580=LINE('',#16012,#7899);
#6581=LINE('',#16014,#7900);
#6582=LINE('',#16016,#7901);
#6583=LINE('',#16018,#7902);
#6584=LINE('',#16020,#7903);
#6585=LINE('',#16022,#7904);
#6586=LINE('',#16024,#7905);
#6587=LINE('',#16026,#7906);
#6588=LINE('',#16029,#7907);
#6589=LINE('',#16031,#7908);
#6590=LINE('',#16033,#7909);
#6591=LINE('',#16035,#7910);
#6592=LINE('',#16037,#7911);
#6593=LINE('',#16039,#7912);
#6594=LINE('',#16041,#7913);
#6595=LINE('',#16043,#7914);
#6596=LINE('',#16046,#7915);
#6597=LINE('',#16048,#7916);
#6598=LINE('',#16050,#7917);
#6599=LINE('',#16052,#7918);
#6600=LINE('',#16054,#7919);
#6601=LINE('',#16056,#7920);
#6602=LINE('',#16058,#7921);
#6603=LINE('',#16060,#7922);
#6604=LINE('',#16063,#7923);
#6605=LINE('',#16065,#7924);
#6606=LINE('',#16067,#7925);
#6607=LINE('',#16069,#7926);
#6608=LINE('',#16071,#7927);
#6609=LINE('',#16073,#7928);
#6610=LINE('',#16075,#7929);
#6611=LINE('',#16077,#7930);
#6612=LINE('',#16080,#7931);
#6613=LINE('',#16082,#7932);
#6614=LINE('',#16084,#7933);
#6615=LINE('',#16086,#7934);
#6616=LINE('',#16088,#7935);
#6617=LINE('',#16090,#7936);
#6618=LINE('',#16092,#7937);
#6619=LINE('',#16094,#7938);
#6620=VECTOR('',#10744,1000.);
#6621=VECTOR('',#10745,1000.);
#6622=VECTOR('',#10746,1000.);
#6623=VECTOR('',#10747,1000.);
#6624=VECTOR('',#10748,1000.);
#6625=VECTOR('',#10749,1000.);
#6626=VECTOR('',#10750,1000.);
#6627=VECTOR('',#10751,1000.);
#6628=VECTOR('',#10752,1000.);
#6629=VECTOR('',#10753,1000.);
#6630=VECTOR('',#10754,1000.);
#6631=VECTOR('',#10755,1000.);
#6632=VECTOR('',#10756,1000.);
#6633=VECTOR('',#10757,1000.);
#6634=VECTOR('',#10758,1000.);
#6635=VECTOR('',#10759,1000.);
#6636=VECTOR('',#10760,1000.);
#6637=VECTOR('',#10761,1000.);
#6638=VECTOR('',#10762,1000.);
#6639=VECTOR('',#10763,1000.);
#6640=VECTOR('',#10764,1000.);
#6641=VECTOR('',#10765,1000.);
#6642=VECTOR('',#10766,1000.);
#6643=VECTOR('',#10767,1000.);
#6644=VECTOR('',#10768,1000.);
#6645=VECTOR('',#10769,1000.);
#6646=VECTOR('',#10770,1000.);
#6647=VECTOR('',#10771,1000.);
#6648=VECTOR('',#10772,1000.);
#6649=VECTOR('',#10773,1000.);
#6650=VECTOR('',#10774,1000.);
#6651=VECTOR('',#10775,1000.);
#6652=VECTOR('',#10776,1000.);
#6653=VECTOR('',#10777,1000.);
#6654=VECTOR('',#10778,1000.);
#6655=VECTOR('',#10779,1000.);
#6656=VECTOR('',#10780,1000.);
#6657=VECTOR('',#10781,1000.);
#6658=VECTOR('',#10782,1000.);
#6659=VECTOR('',#10783,1000.);
#6660=VECTOR('',#10784,1000.);
#6661=VECTOR('',#10785,1000.);
#6662=VECTOR('',#10786,1000.);
#6663=VECTOR('',#10787,1000.);
#6664=VECTOR('',#10788,1000.);
#6665=VECTOR('',#10789,1000.);
#6666=VECTOR('',#10790,1000.);
#6667=VECTOR('',#10791,1000.);
#6668=VECTOR('',#10792,1000.);
#6669=VECTOR('',#10793,1000.);
#6670=VECTOR('',#10794,1000.);
#6671=VECTOR('',#10795,1000.);
#6672=VECTOR('',#10796,1000.);
#6673=VECTOR('',#10797,1000.);
#6674=VECTOR('',#10798,1000.);
#6675=VECTOR('',#10799,1000.);
#6676=VECTOR('',#10800,1000.);
#6677=VECTOR('',#10801,1000.);
#6678=VECTOR('',#10802,1000.);
#6679=VECTOR('',#10803,1000.);
#6680=VECTOR('',#10804,1000.);
#6681=VECTOR('',#10805,1000.);
#6682=VECTOR('',#10806,1000.);
#6683=VECTOR('',#10807,1000.);
#6684=VECTOR('',#10808,1000.);
#6685=VECTOR('',#10809,1000.);
#6686=VECTOR('',#10810,1000.);
#6687=VECTOR('',#10811,1000.);
#6688=VECTOR('',#10812,1000.);
#6689=VECTOR('',#10813,1000.);
#6690=VECTOR('',#10814,1000.);
#6691=VECTOR('',#10815,1000.);
#6692=VECTOR('',#10816,1000.);
#6693=VECTOR('',#10817,1000.);
#6694=VECTOR('',#10818,1000.);
#6695=VECTOR('',#10819,1000.);
#6696=VECTOR('',#10820,1000.);
#6697=VECTOR('',#10821,1000.);
#6698=VECTOR('',#10822,1000.);
#6699=VECTOR('',#10823,1000.);
#6700=VECTOR('',#10824,1000.);
#6701=VECTOR('',#10825,1000.);
#6702=VECTOR('',#10826,1000.);
#6703=VECTOR('',#10827,1000.);
#6704=VECTOR('',#10828,1000.);
#6705=VECTOR('',#10829,1000.);
#6706=VECTOR('',#10830,1000.);
#6707=VECTOR('',#10831,1000.);
#6708=VECTOR('',#10832,1000.);
#6709=VECTOR('',#10833,1000.);
#6710=VECTOR('',#10834,1000.);
#6711=VECTOR('',#10835,1000.);
#6712=VECTOR('',#10836,1000.);
#6713=VECTOR('',#10837,1000.);
#6714=VECTOR('',#10838,1000.);
#6715=VECTOR('',#10839,1000.);
#6716=VECTOR('',#10840,1000.);
#6717=VECTOR('',#10841,1000.);
#6718=VECTOR('',#10842,1000.);
#6719=VECTOR('',#10843,1000.);
#6720=VECTOR('',#10844,1000.);
#6721=VECTOR('',#10845,1000.);
#6722=VECTOR('',#10846,1000.);
#6723=VECTOR('',#10847,1000.);
#6724=VECTOR('',#10848,1000.);
#6725=VECTOR('',#10849,1000.);
#6726=VECTOR('',#10850,1000.);
#6727=VECTOR('',#10851,1000.);
#6728=VECTOR('',#10852,1000.);
#6729=VECTOR('',#10853,1000.);
#6730=VECTOR('',#10854,1000.);
#6731=VECTOR('',#10855,1000.);
#6732=VECTOR('',#10856,1000.);
#6733=VECTOR('',#10857,1000.);
#6734=VECTOR('',#10858,1000.);
#6735=VECTOR('',#10859,1000.);
#6736=VECTOR('',#10860,1000.);
#6737=VECTOR('',#10861,1000.);
#6738=VECTOR('',#10862,1000.);
#6739=VECTOR('',#10863,1000.);
#6740=VECTOR('',#10864,1000.);
#6741=VECTOR('',#10865,1000.);
#6742=VECTOR('',#10866,1000.);
#6743=VECTOR('',#10867,1000.);
#6744=VECTOR('',#10868,1000.);
#6745=VECTOR('',#10869,1000.);
#6746=VECTOR('',#10870,1000.);
#6747=VECTOR('',#10871,1000.);
#6748=VECTOR('',#10872,1000.);
#6749=VECTOR('',#10873,1000.);
#6750=VECTOR('',#10874,1000.);
#6751=VECTOR('',#10875,1000.);
#6752=VECTOR('',#10876,1000.);
#6753=VECTOR('',#10877,1000.);
#6754=VECTOR('',#10878,1000.);
#6755=VECTOR('',#10879,1000.);
#6756=VECTOR('',#10880,1000.);
#6757=VECTOR('',#10881,1000.);
#6758=VECTOR('',#10882,1000.);
#6759=VECTOR('',#10883,1000.);
#6760=VECTOR('',#10884,1000.);
#6761=VECTOR('',#10885,1000.);
#6762=VECTOR('',#10886,1000.);
#6763=VECTOR('',#10887,1000.);
#6764=VECTOR('',#10888,1000.);
#6765=VECTOR('',#10889,1000.);
#6766=VECTOR('',#10890,1000.);
#6767=VECTOR('',#10891,1000.);
#6768=VECTOR('',#10892,1000.);
#6769=VECTOR('',#10893,1000.);
#6770=VECTOR('',#10894,1000.);
#6771=VECTOR('',#10895,1000.);
#6772=VECTOR('',#10896,1000.);
#6773=VECTOR('',#10897,1000.);
#6774=VECTOR('',#10898,1000.);
#6775=VECTOR('',#10899,1000.);
#6776=VECTOR('',#10900,1000.);
#6777=VECTOR('',#10901,1000.);
#6778=VECTOR('',#10902,1000.);
#6779=VECTOR('',#10903,1000.);
#6780=VECTOR('',#10904,1000.);
#6781=VECTOR('',#10905,1000.);
#6782=VECTOR('',#10906,1000.);
#6783=VECTOR('',#10907,1000.);
#6784=VECTOR('',#10908,1000.);
#6785=VECTOR('',#10909,1000.);
#6786=VECTOR('',#10910,1000.);
#6787=VECTOR('',#10911,1000.);
#6788=VECTOR('',#10912,1000.);
#6789=VECTOR('',#10913,1000.);
#6790=VECTOR('',#10914,1000.);
#6791=VECTOR('',#10915,1000.);
#6792=VECTOR('',#10916,1000.);
#6793=VECTOR('',#10917,1000.);
#6794=VECTOR('',#10918,1000.);
#6795=VECTOR('',#10919,1000.);
#6796=VECTOR('',#10920,1000.);
#6797=VECTOR('',#10921,1000.);
#6798=VECTOR('',#10922,1000.);
#6799=VECTOR('',#10923,1000.);
#6800=VECTOR('',#10924,1000.);
#6801=VECTOR('',#10925,1000.);
#6802=VECTOR('',#10926,1000.);
#6803=VECTOR('',#10927,1000.);
#6804=VECTOR('',#10928,1000.);
#6805=VECTOR('',#10929,1000.);
#6806=VECTOR('',#10930,1000.);
#6807=VECTOR('',#10931,1000.);
#6808=VECTOR('',#10932,1000.);
#6809=VECTOR('',#10933,1000.);
#6810=VECTOR('',#10934,1000.);
#6811=VECTOR('',#10935,1000.);
#6812=VECTOR('',#10936,1000.);
#6813=VECTOR('',#10937,1000.);
#6814=VECTOR('',#10938,1000.);
#6815=VECTOR('',#10939,1000.);
#6816=VECTOR('',#10940,1000.);
#6817=VECTOR('',#10941,1000.);
#6818=VECTOR('',#10942,1000.);
#6819=VECTOR('',#10943,1000.);
#6820=VECTOR('',#10944,1000.);
#6821=VECTOR('',#10945,1000.);
#6822=VECTOR('',#10946,1000.);
#6823=VECTOR('',#10947,1000.);
#6824=VECTOR('',#10948,1000.);
#6825=VECTOR('',#10949,1000.);
#6826=VECTOR('',#10950,1000.);
#6827=VECTOR('',#10951,1000.);
#6828=VECTOR('',#10952,1000.);
#6829=VECTOR('',#10953,1000.);
#6830=VECTOR('',#10954,1000.);
#6831=VECTOR('',#10955,1000.);
#6832=VECTOR('',#10956,1000.);
#6833=VECTOR('',#10957,1000.);
#6834=VECTOR('',#10958,1000.);
#6835=VECTOR('',#10959,1000.);
#6836=VECTOR('',#10960,1000.);
#6837=VECTOR('',#10961,1000.);
#6838=VECTOR('',#10962,1000.);
#6839=VECTOR('',#10963,1000.);
#6840=VECTOR('',#10964,1000.);
#6841=VECTOR('',#10965,1000.);
#6842=VECTOR('',#10966,1000.);
#6843=VECTOR('',#10967,1000.);
#6844=VECTOR('',#10968,1000.);
#6845=VECTOR('',#10969,1000.);
#6846=VECTOR('',#10970,1000.);
#6847=VECTOR('',#10971,1000.);
#6848=VECTOR('',#10972,1000.);
#6849=VECTOR('',#10973,1000.);
#6850=VECTOR('',#10974,1000.);
#6851=VECTOR('',#10975,1000.);
#6852=VECTOR('',#10976,1000.);
#6853=VECTOR('',#10977,1000.);
#6854=VECTOR('',#10978,1000.);
#6855=VECTOR('',#10979,1000.);
#6856=VECTOR('',#10980,1000.);
#6857=VECTOR('',#10981,1000.);
#6858=VECTOR('',#10982,1000.);
#6859=VECTOR('',#10983,1000.);
#6860=VECTOR('',#10984,1000.);
#6861=VECTOR('',#10985,1000.);
#6862=VECTOR('',#10986,1000.);
#6863=VECTOR('',#10987,1000.);
#6864=VECTOR('',#10988,1000.);
#6865=VECTOR('',#10989,1000.);
#6866=VECTOR('',#10990,1000.);
#6867=VECTOR('',#10991,1000.);
#6868=VECTOR('',#10992,1000.);
#6869=VECTOR('',#10993,1000.);
#6870=VECTOR('',#10994,1000.);
#6871=VECTOR('',#10995,1000.);
#6872=VECTOR('',#10996,1000.);
#6873=VECTOR('',#10997,1000.);
#6874=VECTOR('',#10998,1000.);
#6875=VECTOR('',#10999,1000.);
#6876=VECTOR('',#11000,1000.);
#6877=VECTOR('',#11001,1000.);
#6878=VECTOR('',#11002,1000.);
#6879=VECTOR('',#11003,1000.);
#6880=VECTOR('',#11004,1000.);
#6881=VECTOR('',#11005,1000.);
#6882=VECTOR('',#11006,1000.);
#6883=VECTOR('',#11007,1000.);
#6884=VECTOR('',#11008,1000.);
#6885=VECTOR('',#11009,1000.);
#6886=VECTOR('',#11010,1000.);
#6887=VECTOR('',#11011,1000.);
#6888=VECTOR('',#11012,1000.);
#6889=VECTOR('',#11013,1000.);
#6890=VECTOR('',#11014,1000.);
#6891=VECTOR('',#11015,1000.);
#6892=VECTOR('',#11016,1000.);
#6893=VECTOR('',#11017,1000.);
#6894=VECTOR('',#11018,1000.);
#6895=VECTOR('',#11019,1000.);
#6896=VECTOR('',#11020,1000.);
#6897=VECTOR('',#11021,1000.);
#6898=VECTOR('',#11022,1000.);
#6899=VECTOR('',#11023,1000.);
#6900=VECTOR('',#11024,1000.);
#6901=VECTOR('',#11025,1000.);
#6902=VECTOR('',#11026,1000.);
#6903=VECTOR('',#11027,1000.);
#6904=VECTOR('',#11028,1000.);
#6905=VECTOR('',#11029,1000.);
#6906=VECTOR('',#11030,1000.);
#6907=VECTOR('',#11031,1000.);
#6908=VECTOR('',#11032,1000.);
#6909=VECTOR('',#11033,1000.);
#6910=VECTOR('',#11034,1000.);
#6911=VECTOR('',#11035,1000.);
#6912=VECTOR('',#11036,1000.);
#6913=VECTOR('',#11037,1000.);
#6914=VECTOR('',#11038,1000.);
#6915=VECTOR('',#11039,1000.);
#6916=VECTOR('',#11040,1000.);
#6917=VECTOR('',#11041,1000.);
#6918=VECTOR('',#11042,1000.);
#6919=VECTOR('',#11043,1000.);
#6920=VECTOR('',#11044,1000.);
#6921=VECTOR('',#11045,1000.);
#6922=VECTOR('',#11046,1000.);
#6923=VECTOR('',#11047,1000.);
#6924=VECTOR('',#11048,1000.);
#6925=VECTOR('',#11049,1000.);
#6926=VECTOR('',#11050,1000.);
#6927=VECTOR('',#11051,1000.);
#6928=VECTOR('',#11052,1000.);
#6929=VECTOR('',#11053,1000.);
#6930=VECTOR('',#11054,1000.);
#6931=VECTOR('',#11055,1000.);
#6932=VECTOR('',#11056,1000.);
#6933=VECTOR('',#11057,1000.);
#6934=VECTOR('',#11058,1000.);
#6935=VECTOR('',#11059,1000.);
#6936=VECTOR('',#11060,1000.);
#6937=VECTOR('',#11061,1000.);
#6938=VECTOR('',#11062,1000.);
#6939=VECTOR('',#11063,1000.);
#6940=VECTOR('',#11064,1000.);
#6941=VECTOR('',#11065,1000.);
#6942=VECTOR('',#11066,1000.);
#6943=VECTOR('',#11067,1000.);
#6944=VECTOR('',#11068,1000.);
#6945=VECTOR('',#11069,1000.);
#6946=VECTOR('',#11070,1000.);
#6947=VECTOR('',#11071,1000.);
#6948=VECTOR('',#11072,1000.);
#6949=VECTOR('',#11073,1000.);
#6950=VECTOR('',#11074,1000.);
#6951=VECTOR('',#11075,1000.);
#6952=VECTOR('',#11076,1000.);
#6953=VECTOR('',#11077,1000.);
#6954=VECTOR('',#11078,1000.);
#6955=VECTOR('',#11079,1000.);
#6956=VECTOR('',#11080,1000.);
#6957=VECTOR('',#11081,1000.);
#6958=VECTOR('',#11082,1000.);
#6959=VECTOR('',#11083,1000.);
#6960=VECTOR('',#11084,1000.);
#6961=VECTOR('',#11087,1000.);
#6962=VECTOR('',#11090,1000.);
#6963=VECTOR('',#11093,1000.);
#6964=VECTOR('',#11098,1000.);
#6965=VECTOR('',#11099,1000.);
#6966=VECTOR('',#11100,1000.);
#6967=VECTOR('',#11103,1000.);
#6968=VECTOR('',#11104,1000.);
#6969=VECTOR('',#11107,1000.);
#6970=VECTOR('',#11108,1000.);
#6971=VECTOR('',#11111,1000.);
#6972=VECTOR('',#11112,1000.);
#6973=VECTOR('',#11115,1000.);
#6974=VECTOR('',#11116,1000.);
#6975=VECTOR('',#11119,1000.);
#6976=VECTOR('',#11122,1000.);
#6977=VECTOR('',#11123,1000.);
#6978=VECTOR('',#11124,1000.);
#6979=VECTOR('',#11127,1000.);
#6980=VECTOR('',#11128,1000.);
#6981=VECTOR('',#11131,1000.);
#6982=VECTOR('',#11132,1000.);
#6983=VECTOR('',#11135,1000.);
#6984=VECTOR('',#11136,1000.);
#6985=VECTOR('',#11139,1000.);
#6986=VECTOR('',#11140,1000.);
#6987=VECTOR('',#11143,1000.);
#6988=VECTOR('',#11146,1000.);
#6989=VECTOR('',#11147,1000.);
#6990=VECTOR('',#11148,1000.);
#6991=VECTOR('',#11151,1000.);
#6992=VECTOR('',#11152,1000.);
#6993=VECTOR('',#11155,1000.);
#6994=VECTOR('',#11156,1000.);
#6995=VECTOR('',#11159,1000.);
#6996=VECTOR('',#11160,1000.);
#6997=VECTOR('',#11163,1000.);
#6998=VECTOR('',#11164,1000.);
#6999=VECTOR('',#11167,1000.);
#7000=VECTOR('',#11170,1000.);
#7001=VECTOR('',#11171,1000.);
#7002=VECTOR('',#11172,1000.);
#7003=VECTOR('',#11175,1000.);
#7004=VECTOR('',#11176,1000.);
#7005=VECTOR('',#11179,1000.);
#7006=VECTOR('',#11180,1000.);
#7007=VECTOR('',#11183,1000.);
#7008=VECTOR('',#11184,1000.);
#7009=VECTOR('',#11187,1000.);
#7010=VECTOR('',#11188,1000.);
#7011=VECTOR('',#11191,1000.);
#7012=VECTOR('',#11194,1000.);
#7013=VECTOR('',#11195,1000.);
#7014=VECTOR('',#11196,1000.);
#7015=VECTOR('',#11199,1000.);
#7016=VECTOR('',#11200,1000.);
#7017=VECTOR('',#11203,1000.);
#7018=VECTOR('',#11204,1000.);
#7019=VECTOR('',#11207,1000.);
#7020=VECTOR('',#11208,1000.);
#7021=VECTOR('',#11211,1000.);
#7022=VECTOR('',#11212,1000.);
#7023=VECTOR('',#11215,1000.);
#7024=VECTOR('',#11218,1000.);
#7025=VECTOR('',#11219,1000.);
#7026=VECTOR('',#11220,1000.);
#7027=VECTOR('',#11223,1000.);
#7028=VECTOR('',#11224,1000.);
#7029=VECTOR('',#11227,1000.);
#7030=VECTOR('',#11228,1000.);
#7031=VECTOR('',#11231,1000.);
#7032=VECTOR('',#11232,1000.);
#7033=VECTOR('',#11235,1000.);
#7034=VECTOR('',#11236,1000.);
#7035=VECTOR('',#11239,1000.);
#7036=VECTOR('',#11242,1000.);
#7037=VECTOR('',#11243,1000.);
#7038=VECTOR('',#11244,1000.);
#7039=VECTOR('',#11247,1000.);
#7040=VECTOR('',#11248,1000.);
#7041=VECTOR('',#11251,1000.);
#7042=VECTOR('',#11252,1000.);
#7043=VECTOR('',#11255,1000.);
#7044=VECTOR('',#11256,1000.);
#7045=VECTOR('',#11259,1000.);
#7046=VECTOR('',#11260,1000.);
#7047=VECTOR('',#11263,1000.);
#7048=VECTOR('',#11266,1000.);
#7049=VECTOR('',#11267,1000.);
#7050=VECTOR('',#11268,1000.);
#7051=VECTOR('',#11271,1000.);
#7052=VECTOR('',#11272,1000.);
#7053=VECTOR('',#11275,1000.);
#7054=VECTOR('',#11276,1000.);
#7055=VECTOR('',#11279,1000.);
#7056=VECTOR('',#11280,1000.);
#7057=VECTOR('',#11283,1000.);
#7058=VECTOR('',#11284,1000.);
#7059=VECTOR('',#11287,1000.);
#7060=VECTOR('',#11290,1000.);
#7061=VECTOR('',#11291,1000.);
#7062=VECTOR('',#11292,1000.);
#7063=VECTOR('',#11295,1000.);
#7064=VECTOR('',#11296,1000.);
#7065=VECTOR('',#11299,1000.);
#7066=VECTOR('',#11300,1000.);
#7067=VECTOR('',#11303,1000.);
#7068=VECTOR('',#11304,1000.);
#7069=VECTOR('',#11307,1000.);
#7070=VECTOR('',#11308,1000.);
#7071=VECTOR('',#11311,1000.);
#7072=VECTOR('',#11314,1000.);
#7073=VECTOR('',#11315,1000.);
#7074=VECTOR('',#11316,1000.);
#7075=VECTOR('',#11319,1000.);
#7076=VECTOR('',#11320,1000.);
#7077=VECTOR('',#11323,1000.);
#7078=VECTOR('',#11324,1000.);
#7079=VECTOR('',#11327,1000.);
#7080=VECTOR('',#11328,1000.);
#7081=VECTOR('',#11331,1000.);
#7082=VECTOR('',#11332,1000.);
#7083=VECTOR('',#11335,1000.);
#7084=VECTOR('',#11338,1000.);
#7085=VECTOR('',#11339,1000.);
#7086=VECTOR('',#11340,1000.);
#7087=VECTOR('',#11343,1000.);
#7088=VECTOR('',#11344,1000.);
#7089=VECTOR('',#11347,1000.);
#7090=VECTOR('',#11348,1000.);
#7091=VECTOR('',#11351,1000.);
#7092=VECTOR('',#11352,1000.);
#7093=VECTOR('',#11355,1000.);
#7094=VECTOR('',#11356,1000.);
#7095=VECTOR('',#11359,1000.);
#7096=VECTOR('',#11362,1000.);
#7097=VECTOR('',#11363,1000.);
#7098=VECTOR('',#11364,1000.);
#7099=VECTOR('',#11367,1000.);
#7100=VECTOR('',#11368,1000.);
#7101=VECTOR('',#11371,1000.);
#7102=VECTOR('',#11372,1000.);
#7103=VECTOR('',#11375,1000.);
#7104=VECTOR('',#11376,1000.);
#7105=VECTOR('',#11379,1000.);
#7106=VECTOR('',#11380,1000.);
#7107=VECTOR('',#11383,1000.);
#7108=VECTOR('',#11386,1000.);
#7109=VECTOR('',#11387,1000.);
#7110=VECTOR('',#11388,1000.);
#7111=VECTOR('',#11391,1000.);
#7112=VECTOR('',#11392,1000.);
#7113=VECTOR('',#11395,1000.);
#7114=VECTOR('',#11396,1000.);
#7115=VECTOR('',#11399,1000.);
#7116=VECTOR('',#11400,1000.);
#7117=VECTOR('',#11403,1000.);
#7118=VECTOR('',#11404,1000.);
#7119=VECTOR('',#11407,1000.);
#7120=VECTOR('',#11410,1000.);
#7121=VECTOR('',#11411,1000.);
#7122=VECTOR('',#11412,1000.);
#7123=VECTOR('',#11415,1000.);
#7124=VECTOR('',#11416,1000.);
#7125=VECTOR('',#11419,1000.);
#7126=VECTOR('',#11420,1000.);
#7127=VECTOR('',#11423,1000.);
#7128=VECTOR('',#11424,1000.);
#7129=VECTOR('',#11427,1000.);
#7130=VECTOR('',#11428,1000.);
#7131=VECTOR('',#11431,1000.);
#7132=VECTOR('',#11434,1000.);
#7133=VECTOR('',#11435,1000.);
#7134=VECTOR('',#11436,1000.);
#7135=VECTOR('',#11439,1000.);
#7136=VECTOR('',#11440,1000.);
#7137=VECTOR('',#11443,1000.);
#7138=VECTOR('',#11444,1000.);
#7139=VECTOR('',#11447,1000.);
#7140=VECTOR('',#11448,1000.);
#7141=VECTOR('',#11451,1000.);
#7142=VECTOR('',#11452,1000.);
#7143=VECTOR('',#11455,1000.);
#7144=VECTOR('',#11458,1000.);
#7145=VECTOR('',#11459,1000.);
#7146=VECTOR('',#11460,1000.);
#7147=VECTOR('',#11463,1000.);
#7148=VECTOR('',#11464,1000.);
#7149=VECTOR('',#11467,1000.);
#7150=VECTOR('',#11468,1000.);
#7151=VECTOR('',#11471,1000.);
#7152=VECTOR('',#11472,1000.);
#7153=VECTOR('',#11475,1000.);
#7154=VECTOR('',#11476,1000.);
#7155=VECTOR('',#11479,1000.);
#7156=VECTOR('',#11482,1000.);
#7157=VECTOR('',#11483,1000.);
#7158=VECTOR('',#11484,1000.);
#7159=VECTOR('',#11487,1000.);
#7160=VECTOR('',#11488,1000.);
#7161=VECTOR('',#11491,1000.);
#7162=VECTOR('',#11492,1000.);
#7163=VECTOR('',#11495,1000.);
#7164=VECTOR('',#11496,1000.);
#7165=VECTOR('',#11499,1000.);
#7166=VECTOR('',#11500,1000.);
#7167=VECTOR('',#11503,1000.);
#7168=VECTOR('',#11506,1000.);
#7169=VECTOR('',#11507,1000.);
#7170=VECTOR('',#11508,1000.);
#7171=VECTOR('',#11511,1000.);
#7172=VECTOR('',#11512,1000.);
#7173=VECTOR('',#11515,1000.);
#7174=VECTOR('',#11516,1000.);
#7175=VECTOR('',#11519,1000.);
#7176=VECTOR('',#11520,1000.);
#7177=VECTOR('',#11523,1000.);
#7178=VECTOR('',#11524,1000.);
#7179=VECTOR('',#11527,1000.);
#7180=VECTOR('',#11530,1000.);
#7181=VECTOR('',#11531,1000.);
#7182=VECTOR('',#11532,1000.);
#7183=VECTOR('',#11535,1000.);
#7184=VECTOR('',#11536,1000.);
#7185=VECTOR('',#11539,1000.);
#7186=VECTOR('',#11540,1000.);
#7187=VECTOR('',#11543,1000.);
#7188=VECTOR('',#11544,1000.);
#7189=VECTOR('',#11547,1000.);
#7190=VECTOR('',#11548,1000.);
#7191=VECTOR('',#11551,1000.);
#7192=VECTOR('',#11554,1000.);
#7193=VECTOR('',#11555,1000.);
#7194=VECTOR('',#11556,1000.);
#7195=VECTOR('',#11559,1000.);
#7196=VECTOR('',#11560,1000.);
#7197=VECTOR('',#11563,1000.);
#7198=VECTOR('',#11564,1000.);
#7199=VECTOR('',#11567,1000.);
#7200=VECTOR('',#11568,1000.);
#7201=VECTOR('',#11571,1000.);
#7202=VECTOR('',#11572,1000.);
#7203=VECTOR('',#11575,1000.);
#7204=VECTOR('',#11578,1000.);
#7205=VECTOR('',#11579,1000.);
#7206=VECTOR('',#11580,1000.);
#7207=VECTOR('',#11583,1000.);
#7208=VECTOR('',#11584,1000.);
#7209=VECTOR('',#11587,1000.);
#7210=VECTOR('',#11588,1000.);
#7211=VECTOR('',#11591,1000.);
#7212=VECTOR('',#11592,1000.);
#7213=VECTOR('',#11595,1000.);
#7214=VECTOR('',#11596,1000.);
#7215=VECTOR('',#11599,1000.);
#7216=VECTOR('',#11602,1000.);
#7217=VECTOR('',#11603,1000.);
#7218=VECTOR('',#11604,1000.);
#7219=VECTOR('',#11607,1000.);
#7220=VECTOR('',#11608,1000.);
#7221=VECTOR('',#11611,1000.);
#7222=VECTOR('',#11612,1000.);
#7223=VECTOR('',#11615,1000.);
#7224=VECTOR('',#11616,1000.);
#7225=VECTOR('',#11619,1000.);
#7226=VECTOR('',#11620,1000.);
#7227=VECTOR('',#11623,1000.);
#7228=VECTOR('',#11626,1000.);
#7229=VECTOR('',#11627,1000.);
#7230=VECTOR('',#11628,1000.);
#7231=VECTOR('',#11631,1000.);
#7232=VECTOR('',#11632,1000.);
#7233=VECTOR('',#11635,1000.);
#7234=VECTOR('',#11636,1000.);
#7235=VECTOR('',#11639,1000.);
#7236=VECTOR('',#11640,1000.);
#7237=VECTOR('',#11643,1000.);
#7238=VECTOR('',#11644,1000.);
#7239=VECTOR('',#11647,1000.);
#7240=VECTOR('',#11650,1000.);
#7241=VECTOR('',#11651,1000.);
#7242=VECTOR('',#11652,1000.);
#7243=VECTOR('',#11655,1000.);
#7244=VECTOR('',#11656,1000.);
#7245=VECTOR('',#11659,1000.);
#7246=VECTOR('',#11660,1000.);
#7247=VECTOR('',#11663,1000.);
#7248=VECTOR('',#11664,1000.);
#7249=VECTOR('',#11667,1000.);
#7250=VECTOR('',#11668,1000.);
#7251=VECTOR('',#11671,1000.);
#7252=VECTOR('',#11674,1000.);
#7253=VECTOR('',#11675,1000.);
#7254=VECTOR('',#11676,1000.);
#7255=VECTOR('',#11679,1000.);
#7256=VECTOR('',#11680,1000.);
#7257=VECTOR('',#11683,1000.);
#7258=VECTOR('',#11684,1000.);
#7259=VECTOR('',#11687,1000.);
#7260=VECTOR('',#11688,1000.);
#7261=VECTOR('',#11691,1000.);
#7262=VECTOR('',#11692,1000.);
#7263=VECTOR('',#11695,1000.);
#7264=VECTOR('',#11698,1000.);
#7265=VECTOR('',#11699,1000.);
#7266=VECTOR('',#11700,1000.);
#7267=VECTOR('',#11703,1000.);
#7268=VECTOR('',#11704,1000.);
#7269=VECTOR('',#11707,1000.);
#7270=VECTOR('',#11708,1000.);
#7271=VECTOR('',#11711,1000.);
#7272=VECTOR('',#11712,1000.);
#7273=VECTOR('',#11715,1000.);
#7274=VECTOR('',#11716,1000.);
#7275=VECTOR('',#11719,1000.);
#7276=VECTOR('',#11722,1000.);
#7277=VECTOR('',#11723,1000.);
#7278=VECTOR('',#11724,1000.);
#7279=VECTOR('',#11727,1000.);
#7280=VECTOR('',#11728,1000.);
#7281=VECTOR('',#11731,1000.);
#7282=VECTOR('',#11732,1000.);
#7283=VECTOR('',#11735,1000.);
#7284=VECTOR('',#11736,1000.);
#7285=VECTOR('',#11739,1000.);
#7286=VECTOR('',#11740,1000.);
#7287=VECTOR('',#11743,1000.);
#7288=VECTOR('',#11746,1000.);
#7289=VECTOR('',#11747,1000.);
#7290=VECTOR('',#11748,1000.);
#7291=VECTOR('',#11751,1000.);
#7292=VECTOR('',#11752,1000.);
#7293=VECTOR('',#11755,1000.);
#7294=VECTOR('',#11756,1000.);
#7295=VECTOR('',#11759,1000.);
#7296=VECTOR('',#11760,1000.);
#7297=VECTOR('',#11763,1000.);
#7298=VECTOR('',#11764,1000.);
#7299=VECTOR('',#11767,1000.);
#7300=VECTOR('',#11770,1000.);
#7301=VECTOR('',#11771,1000.);
#7302=VECTOR('',#11772,1000.);
#7303=VECTOR('',#11775,1000.);
#7304=VECTOR('',#11776,1000.);
#7305=VECTOR('',#11779,1000.);
#7306=VECTOR('',#11780,1000.);
#7307=VECTOR('',#11783,1000.);
#7308=VECTOR('',#11784,1000.);
#7309=VECTOR('',#11787,1000.);
#7310=VECTOR('',#11788,1000.);
#7311=VECTOR('',#11791,1000.);
#7312=VECTOR('',#11794,1000.);
#7313=VECTOR('',#11795,1000.);
#7314=VECTOR('',#11796,1000.);
#7315=VECTOR('',#11799,1000.);
#7316=VECTOR('',#11800,1000.);
#7317=VECTOR('',#11803,1000.);
#7318=VECTOR('',#11804,1000.);
#7319=VECTOR('',#11807,1000.);
#7320=VECTOR('',#11808,1000.);
#7321=VECTOR('',#11811,1000.);
#7322=VECTOR('',#11812,1000.);
#7323=VECTOR('',#11815,1000.);
#7324=VECTOR('',#11818,1000.);
#7325=VECTOR('',#11819,1000.);
#7326=VECTOR('',#11820,1000.);
#7327=VECTOR('',#11823,1000.);
#7328=VECTOR('',#11824,1000.);
#7329=VECTOR('',#11827,1000.);
#7330=VECTOR('',#11828,1000.);
#7331=VECTOR('',#11831,1000.);
#7332=VECTOR('',#11832,1000.);
#7333=VECTOR('',#11835,1000.);
#7334=VECTOR('',#11836,1000.);
#7335=VECTOR('',#11839,1000.);
#7336=VECTOR('',#11842,1000.);
#7337=VECTOR('',#11843,1000.);
#7338=VECTOR('',#11844,1000.);
#7339=VECTOR('',#11847,1000.);
#7340=VECTOR('',#11848,1000.);
#7341=VECTOR('',#11851,1000.);
#7342=VECTOR('',#11852,1000.);
#7343=VECTOR('',#11855,1000.);
#7344=VECTOR('',#11856,1000.);
#7345=VECTOR('',#11859,1000.);
#7346=VECTOR('',#11860,1000.);
#7347=VECTOR('',#11863,1000.);
#7348=VECTOR('',#11866,1000.);
#7349=VECTOR('',#11867,1000.);
#7350=VECTOR('',#11868,1000.);
#7351=VECTOR('',#11871,1000.);
#7352=VECTOR('',#11872,1000.);
#7353=VECTOR('',#11875,1000.);
#7354=VECTOR('',#11876,1000.);
#7355=VECTOR('',#11879,1000.);
#7356=VECTOR('',#11880,1000.);
#7357=VECTOR('',#11883,1000.);
#7358=VECTOR('',#11884,1000.);
#7359=VECTOR('',#11887,1000.);
#7360=VECTOR('',#11890,1000.);
#7361=VECTOR('',#11891,1000.);
#7362=VECTOR('',#11892,1000.);
#7363=VECTOR('',#11895,1000.);
#7364=VECTOR('',#11896,1000.);
#7365=VECTOR('',#11899,1000.);
#7366=VECTOR('',#11900,1000.);
#7367=VECTOR('',#11903,1000.);
#7368=VECTOR('',#11904,1000.);
#7369=VECTOR('',#11907,1000.);
#7370=VECTOR('',#11908,1000.);
#7371=VECTOR('',#11911,1000.);
#7372=VECTOR('',#11914,1000.);
#7373=VECTOR('',#11915,1000.);
#7374=VECTOR('',#11916,1000.);
#7375=VECTOR('',#11919,1000.);
#7376=VECTOR('',#11920,1000.);
#7377=VECTOR('',#11923,1000.);
#7378=VECTOR('',#11924,1000.);
#7379=VECTOR('',#11927,1000.);
#7380=VECTOR('',#11928,1000.);
#7381=VECTOR('',#11931,1000.);
#7382=VECTOR('',#11932,1000.);
#7383=VECTOR('',#11935,1000.);
#7384=VECTOR('',#11938,1000.);
#7385=VECTOR('',#11939,1000.);
#7386=VECTOR('',#11940,1000.);
#7387=VECTOR('',#11943,1000.);
#7388=VECTOR('',#11944,1000.);
#7389=VECTOR('',#11947,1000.);
#7390=VECTOR('',#11948,1000.);
#7391=VECTOR('',#11951,1000.);
#7392=VECTOR('',#11952,1000.);
#7393=VECTOR('',#11955,1000.);
#7394=VECTOR('',#11956,1000.);
#7395=VECTOR('',#11959,1000.);
#7396=VECTOR('',#11962,1000.);
#7397=VECTOR('',#11963,1000.);
#7398=VECTOR('',#11964,1000.);
#7399=VECTOR('',#11967,1000.);
#7400=VECTOR('',#11968,1000.);
#7401=VECTOR('',#11971,1000.);
#7402=VECTOR('',#11972,1000.);
#7403=VECTOR('',#11975,1000.);
#7404=VECTOR('',#11976,1000.);
#7405=VECTOR('',#11979,1000.);
#7406=VECTOR('',#11980,1000.);
#7407=VECTOR('',#11983,1000.);
#7408=VECTOR('',#11986,1000.);
#7409=VECTOR('',#11987,1000.);
#7410=VECTOR('',#11988,1000.);
#7411=VECTOR('',#11991,1000.);
#7412=VECTOR('',#11992,1000.);
#7413=VECTOR('',#11995,1000.);
#7414=VECTOR('',#11996,1000.);
#7415=VECTOR('',#11999,1000.);
#7416=VECTOR('',#12000,1000.);
#7417=VECTOR('',#12003,1000.);
#7418=VECTOR('',#12004,1000.);
#7419=VECTOR('',#12007,1000.);
#7420=VECTOR('',#12010,1000.);
#7421=VECTOR('',#12011,1000.);
#7422=VECTOR('',#12012,1000.);
#7423=VECTOR('',#12015,1000.);
#7424=VECTOR('',#12016,1000.);
#7425=VECTOR('',#12019,1000.);
#7426=VECTOR('',#12020,1000.);
#7427=VECTOR('',#12023,1000.);
#7428=VECTOR('',#12024,1000.);
#7429=VECTOR('',#12027,1000.);
#7430=VECTOR('',#12028,1000.);
#7431=VECTOR('',#12031,1000.);
#7432=VECTOR('',#12034,1000.);
#7433=VECTOR('',#12035,1000.);
#7434=VECTOR('',#12036,1000.);
#7435=VECTOR('',#12039,1000.);
#7436=VECTOR('',#12040,1000.);
#7437=VECTOR('',#12043,1000.);
#7438=VECTOR('',#12044,1000.);
#7439=VECTOR('',#12047,1000.);
#7440=VECTOR('',#12048,1000.);
#7441=VECTOR('',#12051,1000.);
#7442=VECTOR('',#12052,1000.);
#7443=VECTOR('',#12055,1000.);
#7444=VECTOR('',#12058,1000.);
#7445=VECTOR('',#12059,1000.);
#7446=VECTOR('',#12060,1000.);
#7447=VECTOR('',#12063,1000.);
#7448=VECTOR('',#12064,1000.);
#7449=VECTOR('',#12067,1000.);
#7450=VECTOR('',#12068,1000.);
#7451=VECTOR('',#12071,1000.);
#7452=VECTOR('',#12072,1000.);
#7453=VECTOR('',#12075,1000.);
#7454=VECTOR('',#12076,1000.);
#7455=VECTOR('',#12079,1000.);
#7456=VECTOR('',#12082,1000.);
#7457=VECTOR('',#12083,1000.);
#7458=VECTOR('',#12084,1000.);
#7459=VECTOR('',#12087,1000.);
#7460=VECTOR('',#12088,1000.);
#7461=VECTOR('',#12091,1000.);
#7462=VECTOR('',#12092,1000.);
#7463=VECTOR('',#12095,1000.);
#7464=VECTOR('',#12096,1000.);
#7465=VECTOR('',#12099,1000.);
#7466=VECTOR('',#12100,1000.);
#7467=VECTOR('',#12103,1000.);
#7468=VECTOR('',#12106,1000.);
#7469=VECTOR('',#12107,1000.);
#7470=VECTOR('',#12108,1000.);
#7471=VECTOR('',#12111,1000.);
#7472=VECTOR('',#12112,1000.);
#7473=VECTOR('',#12115,1000.);
#7474=VECTOR('',#12116,1000.);
#7475=VECTOR('',#12119,1000.);
#7476=VECTOR('',#12120,1000.);
#7477=VECTOR('',#12123,1000.);
#7478=VECTOR('',#12124,1000.);
#7479=VECTOR('',#12127,1000.);
#7480=VECTOR('',#12130,1000.);
#7481=VECTOR('',#12131,1000.);
#7482=VECTOR('',#12132,1000.);
#7483=VECTOR('',#12135,1000.);
#7484=VECTOR('',#12136,1000.);
#7485=VECTOR('',#12139,1000.);
#7486=VECTOR('',#12140,1000.);
#7487=VECTOR('',#12143,1000.);
#7488=VECTOR('',#12144,1000.);
#7489=VECTOR('',#12147,1000.);
#7490=VECTOR('',#12148,1000.);
#7491=VECTOR('',#12151,1000.);
#7492=VECTOR('',#12154,1000.);
#7493=VECTOR('',#12155,1000.);
#7494=VECTOR('',#12156,1000.);
#7495=VECTOR('',#12159,1000.);
#7496=VECTOR('',#12160,1000.);
#7497=VECTOR('',#12163,1000.);
#7498=VECTOR('',#12164,1000.);
#7499=VECTOR('',#12167,1000.);
#7500=VECTOR('',#12168,1000.);
#7501=VECTOR('',#12171,1000.);
#7502=VECTOR('',#12172,1000.);
#7503=VECTOR('',#12175,1000.);
#7504=VECTOR('',#12178,1000.);
#7505=VECTOR('',#12179,1000.);
#7506=VECTOR('',#12180,1000.);
#7507=VECTOR('',#12183,1000.);
#7508=VECTOR('',#12184,1000.);
#7509=VECTOR('',#12187,1000.);
#7510=VECTOR('',#12188,1000.);
#7511=VECTOR('',#12191,1000.);
#7512=VECTOR('',#12192,1000.);
#7513=VECTOR('',#12195,1000.);
#7514=VECTOR('',#12196,1000.);
#7515=VECTOR('',#12199,1000.);
#7516=VECTOR('',#12202,1000.);
#7517=VECTOR('',#12203,1000.);
#7518=VECTOR('',#12204,1000.);
#7519=VECTOR('',#12207,1000.);
#7520=VECTOR('',#12208,1000.);
#7521=VECTOR('',#12211,1000.);
#7522=VECTOR('',#12212,1000.);
#7523=VECTOR('',#12215,1000.);
#7524=VECTOR('',#12216,1000.);
#7525=VECTOR('',#12219,1000.);
#7526=VECTOR('',#12220,1000.);
#7527=VECTOR('',#12223,1000.);
#7528=VECTOR('',#12226,1000.);
#7529=VECTOR('',#12227,1000.);
#7530=VECTOR('',#12228,1000.);
#7531=VECTOR('',#12231,1000.);
#7532=VECTOR('',#12232,1000.);
#7533=VECTOR('',#12235,1000.);
#7534=VECTOR('',#12236,1000.);
#7535=VECTOR('',#12239,1000.);
#7536=VECTOR('',#12240,1000.);
#7537=VECTOR('',#12243,1000.);
#7538=VECTOR('',#12244,1000.);
#7539=VECTOR('',#12247,1000.);
#7540=VECTOR('',#12250,1000.);
#7541=VECTOR('',#12251,1000.);
#7542=VECTOR('',#12252,1000.);
#7543=VECTOR('',#12255,1000.);
#7544=VECTOR('',#12256,1000.);
#7545=VECTOR('',#12259,1000.);
#7546=VECTOR('',#12260,1000.);
#7547=VECTOR('',#12263,1000.);
#7548=VECTOR('',#12264,1000.);
#7549=VECTOR('',#12267,1000.);
#7550=VECTOR('',#12268,1000.);
#7551=VECTOR('',#12271,1000.);
#7552=VECTOR('',#12274,1000.);
#7553=VECTOR('',#12275,1000.);
#7554=VECTOR('',#12276,1000.);
#7555=VECTOR('',#12279,1000.);
#7556=VECTOR('',#12280,1000.);
#7557=VECTOR('',#12283,1000.);
#7558=VECTOR('',#12284,1000.);
#7559=VECTOR('',#12287,1000.);
#7560=VECTOR('',#12288,1000.);
#7561=VECTOR('',#12291,1000.);
#7562=VECTOR('',#12292,1000.);
#7563=VECTOR('',#12295,1000.);
#7564=VECTOR('',#12298,1000.);
#7565=VECTOR('',#12299,1000.);
#7566=VECTOR('',#12300,1000.);
#7567=VECTOR('',#12303,1000.);
#7568=VECTOR('',#12304,1000.);
#7569=VECTOR('',#12307,1000.);
#7570=VECTOR('',#12308,1000.);
#7571=VECTOR('',#12311,1000.);
#7572=VECTOR('',#12312,1000.);
#7573=VECTOR('',#12315,1000.);
#7574=VECTOR('',#12316,1000.);
#7575=VECTOR('',#12319,1000.);
#7576=VECTOR('',#12322,1000.);
#7577=VECTOR('',#12323,1000.);
#7578=VECTOR('',#12324,1000.);
#7579=VECTOR('',#12327,1000.);
#7580=VECTOR('',#12328,1000.);
#7581=VECTOR('',#12331,1000.);
#7582=VECTOR('',#12332,1000.);
#7583=VECTOR('',#12335,1000.);
#7584=VECTOR('',#12336,1000.);
#7585=VECTOR('',#12339,1000.);
#7586=VECTOR('',#12340,1000.);
#7587=VECTOR('',#12343,1000.);
#7588=VECTOR('',#12346,1000.);
#7589=VECTOR('',#12347,1000.);
#7590=VECTOR('',#12348,1000.);
#7591=VECTOR('',#12351,1000.);
#7592=VECTOR('',#12352,1000.);
#7593=VECTOR('',#12355,1000.);
#7594=VECTOR('',#12356,1000.);
#7595=VECTOR('',#12359,1000.);
#7596=VECTOR('',#12360,1000.);
#7597=VECTOR('',#12363,1000.);
#7598=VECTOR('',#12364,1000.);
#7599=VECTOR('',#12367,1000.);
#7600=VECTOR('',#12370,1000.);
#7601=VECTOR('',#12371,1000.);
#7602=VECTOR('',#12372,1000.);
#7603=VECTOR('',#12375,1000.);
#7604=VECTOR('',#12376,1000.);
#7605=VECTOR('',#12377,1000.);
#7606=VECTOR('',#12380,1000.);
#7607=VECTOR('',#12381,1000.);
#7608=VECTOR('',#12382,1000.);
#7609=VECTOR('',#12385,1000.);
#7610=VECTOR('',#12386,1000.);
#7611=VECTOR('',#12387,1000.);
#7612=VECTOR('',#12388,1000.);
#7613=VECTOR('',#12389,1000.);
#7614=VECTOR('',#12390,1000.);
#7615=VECTOR('',#12391,1000.);
#7616=VECTOR('',#12392,1000.);
#7617=VECTOR('',#12393,1000.);
#7618=VECTOR('',#12396,1000.);
#7619=VECTOR('',#12397,1000.);
#7620=VECTOR('',#12398,1000.);
#7621=VECTOR('',#12399,1000.);
#7622=VECTOR('',#12400,1000.);
#7623=VECTOR('',#12401,1000.);
#7624=VECTOR('',#12420,1000.);
#7625=VECTOR('',#12421,1000.);
#7626=VECTOR('',#12424,1000.);
#7627=VECTOR('',#12427,1000.);
#7628=VECTOR('',#12430,1000.);
#7629=VECTOR('',#12433,1000.);
#7630=VECTOR('',#12438,1000.);
#7631=VECTOR('',#12439,1000.);
#7632=VECTOR('',#12440,1000.);
#7633=VECTOR('',#12441,1000.);
#7634=VECTOR('',#12442,1000.);
#7635=VECTOR('',#12445,1000.);
#7636=VECTOR('',#12446,1000.);
#7637=VECTOR('',#12447,1000.);
#7638=VECTOR('',#12450,1000.);
#7639=VECTOR('',#12451,1000.);
#7640=VECTOR('',#12452,1000.);
#7641=VECTOR('',#12453,1000.);
#7642=VECTOR('',#12456,1000.);
#7643=VECTOR('',#12461,1000.);
#7644=VECTOR('',#12466,1000.);
#7645=VECTOR('',#12467,1000.);
#7646=VECTOR('',#12468,1000.);
#7647=VECTOR('',#12471,1000.);
#7648=VECTOR('',#12472,1000.);
#7649=VECTOR('',#12473,1000.);
#7650=VECTOR('',#12474,1000.);
#7651=VECTOR('',#12475,1000.);
#7652=VECTOR('',#12478,1000.);
#7653=VECTOR('',#12479,1000.);
#7654=VECTOR('',#12480,1000.);
#7655=VECTOR('',#12483,1000.);
#7656=VECTOR('',#12484,1000.);
#7657=VECTOR('',#12485,1000.);
#7658=VECTOR('',#12486,1000.);
#7659=VECTOR('',#12489,1000.);
#7660=VECTOR('',#12494,1000.);
#7661=VECTOR('',#12499,1000.);
#7662=VECTOR('',#12500,1000.);
#7663=VECTOR('',#12501,1000.);
#7664=VECTOR('',#12504,1000.);
#7665=VECTOR('',#12505,1000.);
#7666=VECTOR('',#12506,1000.);
#7667=VECTOR('',#12507,1000.);
#7668=VECTOR('',#12508,1000.);
#7669=VECTOR('',#12511,1000.);
#7670=VECTOR('',#12512,1000.);
#7671=VECTOR('',#12513,1000.);
#7672=VECTOR('',#12516,1000.);
#7673=VECTOR('',#12517,1000.);
#7674=VECTOR('',#12518,1000.);
#7675=VECTOR('',#12519,1000.);
#7676=VECTOR('',#12522,1000.);
#7677=VECTOR('',#12527,1000.);
#7678=VECTOR('',#12532,1000.);
#7679=VECTOR('',#12533,1000.);
#7680=VECTOR('',#12534,1000.);
#7681=VECTOR('',#12535,1000.);
#7682=VECTOR('',#12536,1000.);
#7683=VECTOR('',#12539,1000.);
#7684=VECTOR('',#12540,1000.);
#7685=VECTOR('',#12541,1000.);
#7686=VECTOR('',#12544,1000.);
#7687=VECTOR('',#12545,1000.);
#7688=VECTOR('',#12546,1000.);
#7689=VECTOR('',#12547,1000.);
#7690=VECTOR('',#12550,1000.);
#7691=VECTOR('',#12555,1000.);
#7692=VECTOR('',#12562,1000.);
#7693=VECTOR('',#12563,1000.);
#7694=VECTOR('',#12564,1000.);
#7695=VECTOR('',#12565,1000.);
#7696=VECTOR('',#12566,1000.);
#7697=VECTOR('',#12567,1000.);
#7698=VECTOR('',#12568,1000.);
#7699=VECTOR('',#12569,1000.);
#7700=VECTOR('',#12570,1000.);
#7701=VECTOR('',#12571,1000.);
#7702=VECTOR('',#12574,1000.);
#7703=VECTOR('',#12575,1000.);
#7704=VECTOR('',#12576,1000.);
#7705=VECTOR('',#12577,1000.);
#7706=VECTOR('',#12580,1000.);
#7707=VECTOR('',#12581,1000.);
#7708=VECTOR('',#12582,1000.);
#7709=VECTOR('',#12583,1000.);
#7710=VECTOR('',#12584,1000.);
#7711=VECTOR('',#12585,1000.);
#7712=VECTOR('',#12586,1000.);
#7713=VECTOR('',#12587,1000.);
#7714=VECTOR('',#12588,1000.);
#7715=VECTOR('',#12589,1000.);
#7716=VECTOR('',#12590,1000.);
#7717=VECTOR('',#12591,1000.);
#7718=VECTOR('',#12592,1000.);
#7719=VECTOR('',#12593,1000.);
#7720=VECTOR('',#12596,1000.);
#7721=VECTOR('',#12599,1000.);
#7722=VECTOR('',#12602,1000.);
#7723=VECTOR('',#12603,1000.);
#7724=VECTOR('',#12604,1000.);
#7725=VECTOR('',#12605,1000.);
#7726=VECTOR('',#12606,1000.);
#7727=VECTOR('',#12607,1000.);
#7728=VECTOR('',#12608,1000.);
#7729=VECTOR('',#12609,1000.);
#7730=VECTOR('',#12612,1000.);
#7731=VECTOR('',#12613,1000.);
#7732=VECTOR('',#12614,1000.);
#7733=VECTOR('',#12615,1000.);
#7734=VECTOR('',#12616,1000.);
#7735=VECTOR('',#12617,1000.);
#7736=VECTOR('',#12618,1000.);
#7737=VECTOR('',#12619,1000.);
#7738=VECTOR('',#12620,1000.);
#7739=VECTOR('',#12621,1000.);
#7740=VECTOR('',#12622,1000.);
#7741=VECTOR('',#12623,1000.);
#7742=VECTOR('',#12624,1000.);
#7743=VECTOR('',#12625,1000.);
#7744=VECTOR('',#12626,1000.);
#7745=VECTOR('',#12627,1000.);
#7746=VECTOR('',#12628,1000.);
#7747=VECTOR('',#12629,1000.);
#7748=VECTOR('',#12634,1000.);
#7749=VECTOR('',#12635,1000.);
#7750=VECTOR('',#12638,1000.);
#7751=VECTOR('',#12645,1000.);
#7752=VECTOR('',#12646,1000.);
#7753=VECTOR('',#12649,1000.);
#7754=VECTOR('',#12652,1000.);
#7755=VECTOR('',#12655,1000.);
#7756=VECTOR('',#12658,1000.);
#7757=VECTOR('',#12659,1000.);
#7758=VECTOR('',#12660,1000.);
#7759=VECTOR('',#12661,1000.);
#7760=VECTOR('',#12662,1000.);
#7761=VECTOR('',#12663,1000.);
#7762=VECTOR('',#12664,1000.);
#7763=VECTOR('',#12665,1000.);
#7764=VECTOR('',#12666,1000.);
#7765=VECTOR('',#12667,1000.);
#7766=VECTOR('',#12668,1000.);
#7767=VECTOR('',#12669,1000.);
#7768=VECTOR('',#12670,1000.);
#7769=VECTOR('',#12671,1000.);
#7770=VECTOR('',#12672,1000.);
#7771=VECTOR('',#12673,1000.);
#7772=VECTOR('',#12676,1000.);
#7773=VECTOR('',#12679,1000.);
#7774=VECTOR('',#12682,1000.);
#7775=VECTOR('',#12695,1000.);
#7776=VECTOR('',#12696,1000.);
#7777=VECTOR('',#12697,1000.);
#7778=VECTOR('',#12698,1000.);
#7779=VECTOR('',#12699,1000.);
#7780=VECTOR('',#12700,1000.);
#7781=VECTOR('',#12701,1000.);
#7782=VECTOR('',#12702,1000.);
#7783=VECTOR('',#12703,1000.);
#7784=VECTOR('',#12704,1000.);
#7785=VECTOR('',#12705,1000.);
#7786=VECTOR('',#12706,1000.);
#7787=VECTOR('',#12707,1000.);
#7788=VECTOR('',#12708,1000.);
#7789=VECTOR('',#12709,1000.);
#7790=VECTOR('',#12710,1000.);
#7791=VECTOR('',#12711,1000.);
#7792=VECTOR('',#12712,1000.);
#7793=VECTOR('',#12713,1000.);
#7794=VECTOR('',#12714,1000.);
#7795=VECTOR('',#12715,1000.);
#7796=VECTOR('',#12716,1000.);
#7797=VECTOR('',#12721,1000.);
#7798=VECTOR('',#12722,1000.);
#7799=VECTOR('',#12723,1000.);
#7800=VECTOR('',#12724,1000.);
#7801=VECTOR('',#12727,1000.);
#7802=VECTOR('',#12730,1000.);
#7803=VECTOR('',#12733,1000.);
#7804=VECTOR('',#12736,1000.);
#7805=VECTOR('',#12741,1000.);
#7806=VECTOR('',#12742,1000.);
#7807=VECTOR('',#12743,1000.);
#7808=VECTOR('',#12744,1000.);
#7809=VECTOR('',#12747,1000.);
#7810=VECTOR('',#12748,1000.);
#7811=VECTOR('',#12749,1000.);
#7812=VECTOR('',#12750,1000.);
#7813=VECTOR('',#12751,1000.);
#7814=VECTOR('',#12752,1000.);
#7815=VECTOR('',#12753,1000.);
#7816=VECTOR('',#12756,1000.);
#7817=VECTOR('',#12765,1000.);
#7818=VECTOR('',#12766,1000.);
#7819=VECTOR('',#12767,1000.);
#7820=VECTOR('',#12768,1000.);
#7821=VECTOR('',#12773,1000.);
#7822=VECTOR('',#12776,1000.);
#7823=VECTOR('',#12779,1000.);
#7824=VECTOR('',#12782,1000.);
#7825=VECTOR('',#12801,1000.);
#7826=VECTOR('',#12802,1000.);
#7827=VECTOR('',#12803,1000.);
#7828=VECTOR('',#12806,1000.);
#7829=VECTOR('',#12807,1000.);
#7830=VECTOR('',#12810,1000.);
#7831=VECTOR('',#12811,1000.);
#7832=VECTOR('',#12814,1000.);
#7833=VECTOR('',#12819,1000.);
#7834=VECTOR('',#12820,1000.);
#7835=VECTOR('',#12821,1000.);
#7836=VECTOR('',#12824,1000.);
#7837=VECTOR('',#12825,1000.);
#7838=VECTOR('',#12828,1000.);
#7839=VECTOR('',#12829,1000.);
#7840=VECTOR('',#12832,1000.);
#7841=VECTOR('',#12837,1000.);
#7842=VECTOR('',#12838,1000.);
#7843=VECTOR('',#12839,1000.);
#7844=VECTOR('',#12842,1000.);
#7845=VECTOR('',#12843,1000.);
#7846=VECTOR('',#12846,1000.);
#7847=VECTOR('',#12847,1000.);
#7848=VECTOR('',#12850,1000.);
#7849=VECTOR('',#12855,1000.);
#7850=VECTOR('',#12856,1000.);
#7851=VECTOR('',#12857,1000.);
#7852=VECTOR('',#12858,1000.);
#7853=VECTOR('',#12861,1000.);
#7854=VECTOR('',#12862,1000.);
#7855=VECTOR('',#12863,1000.);
#7856=VECTOR('',#12866,1000.);
#7857=VECTOR('',#12867,1000.);
#7858=VECTOR('',#12868,1000.);
#7859=VECTOR('',#12871,1000.);
#7860=VECTOR('',#12876,1000.);
#7861=VECTOR('',#12877,1000.);
#7862=VECTOR('',#12880,1000.);
#7863=VECTOR('',#12881,1000.);
#7864=VECTOR('',#12882,1000.);
#7865=VECTOR('',#12885,1000.);
#7866=VECTOR('',#12886,1000.);
#7867=VECTOR('',#12887,1000.);
#7868=VECTOR('',#12890,1000.);
#7869=VECTOR('',#12893,1000.);
#7870=VECTOR('',#12896,1000.);
#7871=VECTOR('',#12897,1000.);
#7872=VECTOR('',#12898,1000.);
#7873=VECTOR('',#12901,1000.);
#7874=VECTOR('',#12904,1000.);
#7875=VECTOR('',#12909,1000.);
#7876=VECTOR('',#12910,1000.);
#7877=VECTOR('',#12911,1000.);
#7878=VECTOR('',#12914,1000.);
#7879=VECTOR('',#12921,1000.);
#7880=VECTOR('',#12922,1000.);
#7881=VECTOR('',#12925,1000.);
#7882=VECTOR('',#12926,1000.);
#7883=VECTOR('',#12929,1000.);
#7884=VECTOR('',#12930,1000.);
#7885=VECTOR('',#12933,1000.);
#7886=VECTOR('',#12934,1000.);
#7887=VECTOR('',#12975,1000.);
#7888=VECTOR('',#12978,1000.);
#7889=VECTOR('',#12979,1000.);
#7890=VECTOR('',#12984,1000.);
#7891=VECTOR('',#13107,1000.);
#7892=VECTOR('',#13108,1000.);
#7893=VECTOR('',#13109,1000.);
#7894=VECTOR('',#13112,1000.);
#7895=VECTOR('',#13113,1000.);
#7896=VECTOR('',#13116,1000.);
#7897=VECTOR('',#13117,1000.);
#7898=VECTOR('',#13120,1000.);
#7899=VECTOR('',#13125,1000.);
#7900=VECTOR('',#13126,1000.);
#7901=VECTOR('',#13127,1000.);
#7902=VECTOR('',#13130,1000.);
#7903=VECTOR('',#13131,1000.);
#7904=VECTOR('',#13134,1000.);
#7905=VECTOR('',#13135,1000.);
#7906=VECTOR('',#13138,1000.);
#7907=VECTOR('',#13143,1000.);
#7908=VECTOR('',#13144,1000.);
#7909=VECTOR('',#13145,1000.);
#7910=VECTOR('',#13148,1000.);
#7911=VECTOR('',#13149,1000.);
#7912=VECTOR('',#13152,1000.);
#7913=VECTOR('',#13153,1000.);
#7914=VECTOR('',#13156,1000.);
#7915=VECTOR('',#13161,1000.);
#7916=VECTOR('',#13162,1000.);
#7917=VECTOR('',#13163,1000.);
#7918=VECTOR('',#13166,1000.);
#7919=VECTOR('',#13167,1000.);
#7920=VECTOR('',#13170,1000.);
#7921=VECTOR('',#13171,1000.);
#7922=VECTOR('',#13174,1000.);
#7923=VECTOR('',#13179,1000.);
#7924=VECTOR('',#13180,1000.);
#7925=VECTOR('',#13181,1000.);
#7926=VECTOR('',#13184,1000.);
#7927=VECTOR('',#13185,1000.);
#7928=VECTOR('',#13186,1000.);
#7929=VECTOR('',#13189,1000.);
#7930=VECTOR('',#13192,1000.);
#7931=VECTOR('',#13197,1000.);
#7932=VECTOR('',#13198,1000.);
#7933=VECTOR('',#13199,1000.);
#7934=VECTOR('',#13202,1000.);
#7935=VECTOR('',#13203,1000.);
#7936=VECTOR('',#13204,1000.);
#7937=VECTOR('',#13207,1000.);
#7938=VECTOR('',#13210,1000.);
#7939=EDGE_LOOP('',(#156,#157,#158,#159));
#7940=EDGE_LOOP('',(#160,#161,#162,#163));
#7941=EDGE_LOOP('',(#164,#165,#166,#167,#168,#169));
#7942=EDGE_LOOP('',(#170,#171,#172,#173,#174,#175));
#7943=EDGE_LOOP('',(#176,#177,#178,#179,#180,#181));
#7944=EDGE_LOOP('',(#182,#183,#184,#185,#186,#187));
#7945=EDGE_LOOP('',(#188,#189,#190,#191,#192,#193));
#7946=EDGE_LOOP('',(#194,#195,#196,#197,#198,#199));
#7947=EDGE_LOOP('',(#200,#201,#202,#203,#204,#205));
#7948=EDGE_LOOP('',(#206,#207,#208,#209,#210,#211));
#7949=EDGE_LOOP('',(#212,#213,#214,#215,#216,#217));
#7950=EDGE_LOOP('',(#218,#219,#220,#221,#222,#223));
#7951=EDGE_LOOP('',(#224,#225,#226,#227,#228,#229));
#7952=EDGE_LOOP('',(#230,#231,#232,#233,#234,#235));
#7953=EDGE_LOOP('',(#236,#237,#238,#239,#240,#241));
#7954=EDGE_LOOP('',(#242,#243,#244,#245,#246,#247));
#7955=EDGE_LOOP('',(#248,#249,#250,#251,#252,#253));
#7956=EDGE_LOOP('',(#254,#255,#256,#257,#258,#259));
#7957=EDGE_LOOP('',(#260,#261,#262,#263,#264,#265));
#7958=EDGE_LOOP('',(#266,#267,#268,#269,#270,#271));
#7959=EDGE_LOOP('',(#272,#273,#274,#275,#276,#277));
#7960=EDGE_LOOP('',(#278,#279,#280,#281,#282,#283));
#7961=EDGE_LOOP('',(#284,#285,#286,#287,#288,#289));
#7962=EDGE_LOOP('',(#290,#291,#292,#293,#294,#295));
#7963=EDGE_LOOP('',(#296,#297,#298,#299,#300,#301));
#7964=EDGE_LOOP('',(#302,#303,#304,#305,#306,#307));
#7965=EDGE_LOOP('',(#308,#309,#310,#311,#312,#313));
#7966=EDGE_LOOP('',(#314,#315,#316,#317,#318,#319));
#7967=EDGE_LOOP('',(#320,#321,#322,#323,#324,#325));
#7968=EDGE_LOOP('',(#326,#327,#328,#329,#330,#331));
#7969=EDGE_LOOP('',(#332,#333,#334,#335,#336,#337));
#7970=EDGE_LOOP('',(#338,#339,#340,#341,#342,#343));
#7971=EDGE_LOOP('',(#344,#345,#346,#347,#348,#349));
#7972=EDGE_LOOP('',(#350,#351,#352,#353,#354,#355));
#7973=EDGE_LOOP('',(#356,#357,#358,#359,#360,#361));
#7974=EDGE_LOOP('',(#362,#363,#364,#365,#366,#367));
#7975=EDGE_LOOP('',(#368,#369,#370,#371,#372,#373));
#7976=EDGE_LOOP('',(#374,#375,#376,#377,#378,#379));
#7977=EDGE_LOOP('',(#380,#381,#382,#383,#384,#385));
#7978=EDGE_LOOP('',(#386,#387,#388,#389,#390,#391));
#7979=EDGE_LOOP('',(#392,#393,#394,#395,#396,#397));
#7980=EDGE_LOOP('',(#398,#399,#400,#401,#402,#403));
#7981=EDGE_LOOP('',(#404,#405,#406,#407,#408,#409));
#7982=EDGE_LOOP('',(#410,#411,#412,#413,#414,#415));
#7983=EDGE_LOOP('',(#416,#417,#418,#419,#420,#421));
#7984=EDGE_LOOP('',(#422,#423,#424,#425,#426,#427));
#7985=EDGE_LOOP('',(#428,#429,#430,#431,#432,#433));
#7986=EDGE_LOOP('',(#434,#435,#436,#437,#438,#439));
#7987=EDGE_LOOP('',(#440,#441,#442,#443,#444,#445));
#7988=EDGE_LOOP('',(#446,#447,#448,#449,#450,#451));
#7989=EDGE_LOOP('',(#452,#453,#454,#455,#456,#457));
#7990=EDGE_LOOP('',(#458,#459,#460,#461,#462,#463));
#7991=EDGE_LOOP('',(#464,#465,#466,#467,#468,#469));
#7992=EDGE_LOOP('',(#470,#471,#472,#473,#474,#475));
#7993=EDGE_LOOP('',(#476,#477,#478,#479,#480,#481));
#7994=EDGE_LOOP('',(#482,#483,#484,#485,#486,#487));
#7995=EDGE_LOOP('',(#488,#489,#490,#491,#492,#493,#494,#495,#496,#497,#498,
#499,#500,#501,#502,#503));
#7996=EDGE_LOOP('',(#504,#505,#506,#507));
#7997=EDGE_LOOP('',(#508,#509,#510,#511));
#7998=EDGE_LOOP('',(#512,#513,#514,#515));
#7999=EDGE_LOOP('',(#516,#517,#518,#519));
#8000=EDGE_LOOP('',(#520,#521,#522,#523));
#8001=EDGE_LOOP('',(#524,#525,#526,#527));
#8002=EDGE_LOOP('',(#528,#529,#530,#531));
#8003=EDGE_LOOP('',(#532,#533,#534,#535));
#8004=EDGE_LOOP('',(#536,#537,#538,#539));
#8005=EDGE_LOOP('',(#540,#541,#542,#543));
#8006=EDGE_LOOP('',(#544,#545,#546,#547));
#8007=EDGE_LOOP('',(#548,#549,#550,#551));
#8008=EDGE_LOOP('',(#552,#553,#554,#555));
#8009=EDGE_LOOP('',(#556,#557,#558,#559));
#8010=EDGE_LOOP('',(#560,#561,#562,#563));
#8011=EDGE_LOOP('',(#564,#565,#566,#567));
#8012=EDGE_LOOP('',(#568,#569,#570,#571));
#8013=EDGE_LOOP('',(#572,#573,#574,#575));
#8014=EDGE_LOOP('',(#576,#577,#578,#579));
#8015=EDGE_LOOP('',(#580,#581,#582,#583));
#8016=EDGE_LOOP('',(#584,#585,#586,#587));
#8017=EDGE_LOOP('',(#588,#589,#590,#591));
#8018=EDGE_LOOP('',(#592,#593,#594,#595));
#8019=EDGE_LOOP('',(#596,#597,#598,#599));
#8020=EDGE_LOOP('',(#600,#601,#602,#603));
#8021=EDGE_LOOP('',(#604,#605,#606,#607));
#8022=EDGE_LOOP('',(#608,#609,#610,#611));
#8023=EDGE_LOOP('',(#612,#613,#614,#615));
#8024=EDGE_LOOP('',(#616,#617,#618,#619));
#8025=EDGE_LOOP('',(#620,#621,#622,#623));
#8026=EDGE_LOOP('',(#624,#625,#626,#627));
#8027=EDGE_LOOP('',(#628,#629,#630,#631));
#8028=EDGE_LOOP('',(#632,#633,#634,#635));
#8029=EDGE_LOOP('',(#636,#637,#638,#639));
#8030=EDGE_LOOP('',(#640,#641,#642,#643));
#8031=EDGE_LOOP('',(#644,#645,#646,#647));
#8032=EDGE_LOOP('',(#648,#649,#650,#651));
#8033=EDGE_LOOP('',(#652,#653,#654,#655));
#8034=EDGE_LOOP('',(#656,#657,#658,#659));
#8035=EDGE_LOOP('',(#660,#661,#662,#663));
#8036=EDGE_LOOP('',(#664,#665,#666,#667));
#8037=EDGE_LOOP('',(#668,#669,#670,#671));
#8038=EDGE_LOOP('',(#672,#673,#674,#675));
#8039=EDGE_LOOP('',(#676,#677,#678,#679));
#8040=EDGE_LOOP('',(#680,#681,#682,#683));
#8041=EDGE_LOOP('',(#684,#685,#686,#687));
#8042=EDGE_LOOP('',(#688,#689,#690,#691));
#8043=EDGE_LOOP('',(#692,#693,#694,#695));
#8044=EDGE_LOOP('',(#696,#697,#698,#699));
#8045=EDGE_LOOP('',(#700,#701,#702,#703));
#8046=EDGE_LOOP('',(#704,#705,#706,#707));
#8047=EDGE_LOOP('',(#708,#709,#710,#711));
#8048=EDGE_LOOP('',(#712,#713,#714,#715));
#8049=EDGE_LOOP('',(#716,#717,#718,#719));
#8050=EDGE_LOOP('',(#720,#721,#722,#723));
#8051=EDGE_LOOP('',(#724,#725,#726,#727));
#8052=EDGE_LOOP('',(#728,#729,#730,#731));
#8053=EDGE_LOOP('',(#732,#733,#734,#735));
#8054=EDGE_LOOP('',(#736,#737,#738,#739));
#8055=EDGE_LOOP('',(#740,#741,#742,#743));
#8056=EDGE_LOOP('',(#744,#745,#746,#747));
#8057=EDGE_LOOP('',(#748,#749,#750,#751));
#8058=EDGE_LOOP('',(#752,#753,#754,#755));
#8059=EDGE_LOOP('',(#756,#757,#758,#759));
#8060=EDGE_LOOP('',(#760,#761,#762,#763));
#8061=EDGE_LOOP('',(#764,#765,#766,#767));
#8062=EDGE_LOOP('',(#768,#769,#770,#771));
#8063=EDGE_LOOP('',(#772,#773,#774,#775));
#8064=EDGE_LOOP('',(#776,#777,#778,#779));
#8065=EDGE_LOOP('',(#780,#781,#782,#783));
#8066=EDGE_LOOP('',(#784,#785,#786,#787));
#8067=EDGE_LOOP('',(#788,#789,#790,#791));
#8068=EDGE_LOOP('',(#792,#793,#794,#795));
#8069=EDGE_LOOP('',(#796,#797,#798,#799));
#8070=EDGE_LOOP('',(#800,#801,#802,#803));
#8071=EDGE_LOOP('',(#804,#805,#806,#807));
#8072=EDGE_LOOP('',(#808,#809,#810,#811));
#8073=EDGE_LOOP('',(#812,#813,#814,#815));
#8074=EDGE_LOOP('',(#816,#817,#818,#819));
#8075=EDGE_LOOP('',(#820,#821,#822,#823));
#8076=EDGE_LOOP('',(#824,#825,#826,#827));
#8077=EDGE_LOOP('',(#828,#829,#830,#831));
#8078=EDGE_LOOP('',(#832,#833,#834,#835));
#8079=EDGE_LOOP('',(#836,#837,#838,#839));
#8080=EDGE_LOOP('',(#840,#841,#842,#843));
#8081=EDGE_LOOP('',(#844,#845,#846,#847));
#8082=EDGE_LOOP('',(#848,#849,#850,#851));
#8083=EDGE_LOOP('',(#852,#853,#854,#855));
#8084=EDGE_LOOP('',(#856,#857,#858,#859));
#8085=EDGE_LOOP('',(#860,#861,#862,#863));
#8086=EDGE_LOOP('',(#864,#865,#866,#867));
#8087=EDGE_LOOP('',(#868,#869,#870,#871));
#8088=EDGE_LOOP('',(#872,#873,#874,#875));
#8089=EDGE_LOOP('',(#876,#877,#878,#879));
#8090=EDGE_LOOP('',(#880,#881,#882,#883));
#8091=EDGE_LOOP('',(#884,#885,#886,#887));
#8092=EDGE_LOOP('',(#888,#889,#890,#891));
#8093=EDGE_LOOP('',(#892,#893,#894,#895));
#8094=EDGE_LOOP('',(#896,#897,#898,#899));
#8095=EDGE_LOOP('',(#900,#901,#902,#903));
#8096=EDGE_LOOP('',(#904,#905,#906,#907));
#8097=EDGE_LOOP('',(#908,#909,#910,#911));
#8098=EDGE_LOOP('',(#912,#913,#914,#915));
#8099=EDGE_LOOP('',(#916,#917,#918,#919));
#8100=EDGE_LOOP('',(#920,#921,#922,#923));
#8101=EDGE_LOOP('',(#924,#925,#926,#927));
#8102=EDGE_LOOP('',(#928,#929,#930,#931));
#8103=EDGE_LOOP('',(#932,#933,#934,#935));
#8104=EDGE_LOOP('',(#936,#937,#938,#939));
#8105=EDGE_LOOP('',(#940,#941,#942,#943));
#8106=EDGE_LOOP('',(#944,#945,#946,#947));
#8107=EDGE_LOOP('',(#948,#949,#950,#951));
#8108=EDGE_LOOP('',(#952,#953,#954,#955));
#8109=EDGE_LOOP('',(#956,#957,#958,#959));
#8110=EDGE_LOOP('',(#960,#961,#962,#963));
#8111=EDGE_LOOP('',(#964,#965,#966,#967));
#8112=EDGE_LOOP('',(#968,#969,#970,#971));
#8113=EDGE_LOOP('',(#972,#973,#974,#975));
#8114=EDGE_LOOP('',(#976,#977,#978,#979));
#8115=EDGE_LOOP('',(#980,#981,#982,#983));
#8116=EDGE_LOOP('',(#984,#985,#986,#987));
#8117=EDGE_LOOP('',(#988,#989,#990,#991));
#8118=EDGE_LOOP('',(#992,#993,#994,#995));
#8119=EDGE_LOOP('',(#996,#997,#998,#999));
#8120=EDGE_LOOP('',(#1000,#1001,#1002,#1003));
#8121=EDGE_LOOP('',(#1004,#1005,#1006,#1007));
#8122=EDGE_LOOP('',(#1008,#1009,#1010,#1011));
#8123=EDGE_LOOP('',(#1012,#1013,#1014,#1015));
#8124=EDGE_LOOP('',(#1016,#1017,#1018,#1019));
#8125=EDGE_LOOP('',(#1020,#1021,#1022,#1023));
#8126=EDGE_LOOP('',(#1024,#1025,#1026,#1027));
#8127=EDGE_LOOP('',(#1028,#1029,#1030,#1031));
#8128=EDGE_LOOP('',(#1032,#1033,#1034,#1035));
#8129=EDGE_LOOP('',(#1036,#1037,#1038,#1039));
#8130=EDGE_LOOP('',(#1040,#1041,#1042,#1043));
#8131=EDGE_LOOP('',(#1044,#1045,#1046,#1047));
#8132=EDGE_LOOP('',(#1048,#1049,#1050,#1051));
#8133=EDGE_LOOP('',(#1052,#1053,#1054,#1055));
#8134=EDGE_LOOP('',(#1056,#1057,#1058,#1059));
#8135=EDGE_LOOP('',(#1060,#1061,#1062,#1063));
#8136=EDGE_LOOP('',(#1064,#1065,#1066,#1067));
#8137=EDGE_LOOP('',(#1068,#1069,#1070,#1071));
#8138=EDGE_LOOP('',(#1072,#1073,#1074,#1075));
#8139=EDGE_LOOP('',(#1076,#1077,#1078,#1079));
#8140=EDGE_LOOP('',(#1080,#1081,#1082,#1083));
#8141=EDGE_LOOP('',(#1084,#1085,#1086,#1087));
#8142=EDGE_LOOP('',(#1088,#1089,#1090,#1091));
#8143=EDGE_LOOP('',(#1092,#1093,#1094,#1095));
#8144=EDGE_LOOP('',(#1096,#1097,#1098,#1099));
#8145=EDGE_LOOP('',(#1100,#1101,#1102,#1103));
#8146=EDGE_LOOP('',(#1104,#1105,#1106,#1107));
#8147=EDGE_LOOP('',(#1108,#1109,#1110,#1111));
#8148=EDGE_LOOP('',(#1112,#1113,#1114,#1115));
#8149=EDGE_LOOP('',(#1116,#1117,#1118,#1119));
#8150=EDGE_LOOP('',(#1120,#1121,#1122,#1123));
#8151=EDGE_LOOP('',(#1124,#1125,#1126,#1127));
#8152=EDGE_LOOP('',(#1128,#1129,#1130,#1131));
#8153=EDGE_LOOP('',(#1132,#1133,#1134,#1135));
#8154=EDGE_LOOP('',(#1136,#1137,#1138,#1139));
#8155=EDGE_LOOP('',(#1140,#1141,#1142,#1143));
#8156=EDGE_LOOP('',(#1144,#1145,#1146,#1147));
#8157=EDGE_LOOP('',(#1148,#1149,#1150,#1151));
#8158=EDGE_LOOP('',(#1152,#1153,#1154,#1155));
#8159=EDGE_LOOP('',(#1156,#1157,#1158,#1159));
#8160=EDGE_LOOP('',(#1160,#1161,#1162,#1163));
#8161=EDGE_LOOP('',(#1164,#1165,#1166,#1167));
#8162=EDGE_LOOP('',(#1168,#1169,#1170,#1171));
#8163=EDGE_LOOP('',(#1172,#1173,#1174,#1175));
#8164=EDGE_LOOP('',(#1176,#1177,#1178,#1179));
#8165=EDGE_LOOP('',(#1180,#1181,#1182,#1183));
#8166=EDGE_LOOP('',(#1184,#1185,#1186,#1187));
#8167=EDGE_LOOP('',(#1188,#1189,#1190,#1191));
#8168=EDGE_LOOP('',(#1192,#1193,#1194,#1195));
#8169=EDGE_LOOP('',(#1196,#1197,#1198,#1199));
#8170=EDGE_LOOP('',(#1200,#1201,#1202,#1203));
#8171=EDGE_LOOP('',(#1204,#1205,#1206,#1207));
#8172=EDGE_LOOP('',(#1208,#1209,#1210,#1211));
#8173=EDGE_LOOP('',(#1212,#1213,#1214,#1215));
#8174=EDGE_LOOP('',(#1216,#1217,#1218,#1219));
#8175=EDGE_LOOP('',(#1220,#1221,#1222,#1223));
#8176=EDGE_LOOP('',(#1224,#1225,#1226,#1227));
#8177=EDGE_LOOP('',(#1228,#1229,#1230,#1231));
#8178=EDGE_LOOP('',(#1232,#1233,#1234,#1235));
#8179=EDGE_LOOP('',(#1236,#1237,#1238,#1239));
#8180=EDGE_LOOP('',(#1240,#1241,#1242,#1243));
#8181=EDGE_LOOP('',(#1244,#1245,#1246,#1247));
#8182=EDGE_LOOP('',(#1248,#1249,#1250,#1251));
#8183=EDGE_LOOP('',(#1252,#1253,#1254,#1255));
#8184=EDGE_LOOP('',(#1256,#1257,#1258,#1259));
#8185=EDGE_LOOP('',(#1260,#1261,#1262,#1263));
#8186=EDGE_LOOP('',(#1264,#1265,#1266,#1267));
#8187=EDGE_LOOP('',(#1268,#1269,#1270,#1271));
#8188=EDGE_LOOP('',(#1272,#1273,#1274,#1275));
#8189=EDGE_LOOP('',(#1276,#1277,#1278,#1279));
#8190=EDGE_LOOP('',(#1280,#1281,#1282,#1283));
#8191=EDGE_LOOP('',(#1284,#1285,#1286,#1287));
#8192=EDGE_LOOP('',(#1288,#1289,#1290,#1291));
#8193=EDGE_LOOP('',(#1292,#1293,#1294,#1295));
#8194=EDGE_LOOP('',(#1296,#1297,#1298,#1299));
#8195=EDGE_LOOP('',(#1300,#1301,#1302,#1303));
#8196=EDGE_LOOP('',(#1304,#1305,#1306,#1307));
#8197=EDGE_LOOP('',(#1308,#1309,#1310,#1311));
#8198=EDGE_LOOP('',(#1312,#1313,#1314,#1315));
#8199=EDGE_LOOP('',(#1316,#1317,#1318,#1319));
#8200=EDGE_LOOP('',(#1320,#1321,#1322,#1323));
#8201=EDGE_LOOP('',(#1324,#1325,#1326,#1327));
#8202=EDGE_LOOP('',(#1328,#1329,#1330,#1331));
#8203=EDGE_LOOP('',(#1332,#1333,#1334,#1335));
#8204=EDGE_LOOP('',(#1336,#1337,#1338,#1339));
#8205=EDGE_LOOP('',(#1340,#1341,#1342,#1343));
#8206=EDGE_LOOP('',(#1344,#1345,#1346,#1347));
#8207=EDGE_LOOP('',(#1348,#1349,#1350,#1351));
#8208=EDGE_LOOP('',(#1352,#1353,#1354,#1355));
#8209=EDGE_LOOP('',(#1356,#1357,#1358,#1359));
#8210=EDGE_LOOP('',(#1360,#1361,#1362,#1363));
#8211=EDGE_LOOP('',(#1364,#1365,#1366,#1367));
#8212=EDGE_LOOP('',(#1368,#1369,#1370,#1371));
#8213=EDGE_LOOP('',(#1372,#1373,#1374,#1375));
#8214=EDGE_LOOP('',(#1376,#1377,#1378,#1379));
#8215=EDGE_LOOP('',(#1380,#1381,#1382,#1383));
#8216=EDGE_LOOP('',(#1384,#1385,#1386,#1387));
#8217=EDGE_LOOP('',(#1388,#1389,#1390,#1391));
#8218=EDGE_LOOP('',(#1392,#1393,#1394,#1395));
#8219=EDGE_LOOP('',(#1396,#1397,#1398,#1399));
#8220=EDGE_LOOP('',(#1400,#1401,#1402,#1403));
#8221=EDGE_LOOP('',(#1404,#1405,#1406,#1407));
#8222=EDGE_LOOP('',(#1408,#1409,#1410,#1411));
#8223=EDGE_LOOP('',(#1412,#1413,#1414,#1415));
#8224=EDGE_LOOP('',(#1416,#1417,#1418,#1419));
#8225=EDGE_LOOP('',(#1420,#1421,#1422,#1423));
#8226=EDGE_LOOP('',(#1424,#1425,#1426,#1427));
#8227=EDGE_LOOP('',(#1428,#1429,#1430,#1431));
#8228=EDGE_LOOP('',(#1432,#1433,#1434,#1435));
#8229=EDGE_LOOP('',(#1436,#1437,#1438,#1439));
#8230=EDGE_LOOP('',(#1440,#1441,#1442,#1443));
#8231=EDGE_LOOP('',(#1444,#1445,#1446,#1447));
#8232=EDGE_LOOP('',(#1448,#1449,#1450,#1451));
#8233=EDGE_LOOP('',(#1452,#1453,#1454,#1455));
#8234=EDGE_LOOP('',(#1456,#1457,#1458,#1459));
#8235=EDGE_LOOP('',(#1460,#1461,#1462,#1463));
#8236=EDGE_LOOP('',(#1464,#1465,#1466,#1467));
#8237=EDGE_LOOP('',(#1468,#1469,#1470,#1471));
#8238=EDGE_LOOP('',(#1472,#1473,#1474,#1475));
#8239=EDGE_LOOP('',(#1476,#1477,#1478,#1479));
#8240=EDGE_LOOP('',(#1480,#1481,#1482,#1483));
#8241=EDGE_LOOP('',(#1484,#1485,#1486,#1487));
#8242=EDGE_LOOP('',(#1488,#1489,#1490,#1491));
#8243=EDGE_LOOP('',(#1492,#1493,#1494,#1495));
#8244=EDGE_LOOP('',(#1496,#1497,#1498,#1499));
#8245=EDGE_LOOP('',(#1500,#1501,#1502,#1503));
#8246=EDGE_LOOP('',(#1504,#1505,#1506,#1507));
#8247=EDGE_LOOP('',(#1508,#1509,#1510,#1511));
#8248=EDGE_LOOP('',(#1512,#1513,#1514,#1515));
#8249=EDGE_LOOP('',(#1516,#1517,#1518,#1519));
#8250=EDGE_LOOP('',(#1520,#1521,#1522,#1523));
#8251=EDGE_LOOP('',(#1524,#1525,#1526,#1527));
#8252=EDGE_LOOP('',(#1528,#1529,#1530,#1531));
#8253=EDGE_LOOP('',(#1532,#1533,#1534,#1535));
#8254=EDGE_LOOP('',(#1536,#1537,#1538,#1539));
#8255=EDGE_LOOP('',(#1540,#1541,#1542,#1543));
#8256=EDGE_LOOP('',(#1544,#1545,#1546,#1547));
#8257=EDGE_LOOP('',(#1548,#1549,#1550,#1551));
#8258=EDGE_LOOP('',(#1552,#1553,#1554,#1555));
#8259=EDGE_LOOP('',(#1556,#1557,#1558,#1559));
#8260=EDGE_LOOP('',(#1560,#1561,#1562,#1563));
#8261=EDGE_LOOP('',(#1564,#1565,#1566,#1567));
#8262=EDGE_LOOP('',(#1568,#1569,#1570,#1571));
#8263=EDGE_LOOP('',(#1572,#1573,#1574,#1575));
#8264=EDGE_LOOP('',(#1576,#1577,#1578,#1579));
#8265=EDGE_LOOP('',(#1580,#1581,#1582,#1583));
#8266=EDGE_LOOP('',(#1584,#1585,#1586,#1587));
#8267=EDGE_LOOP('',(#1588,#1589,#1590,#1591));
#8268=EDGE_LOOP('',(#1592,#1593,#1594,#1595));
#8269=EDGE_LOOP('',(#1596,#1597,#1598,#1599));
#8270=EDGE_LOOP('',(#1600,#1601,#1602,#1603));
#8271=EDGE_LOOP('',(#1604,#1605,#1606,#1607));
#8272=EDGE_LOOP('',(#1608,#1609,#1610,#1611));
#8273=EDGE_LOOP('',(#1612,#1613,#1614,#1615));
#8274=EDGE_LOOP('',(#1616,#1617,#1618,#1619));
#8275=EDGE_LOOP('',(#1620,#1621,#1622,#1623));
#8276=EDGE_LOOP('',(#1624,#1625,#1626,#1627));
#8277=EDGE_LOOP('',(#1628,#1629,#1630,#1631));
#8278=EDGE_LOOP('',(#1632,#1633,#1634,#1635));
#8279=EDGE_LOOP('',(#1636,#1637,#1638,#1639));
#8280=EDGE_LOOP('',(#1640,#1641,#1642,#1643));
#8281=EDGE_LOOP('',(#1644,#1645,#1646,#1647));
#8282=EDGE_LOOP('',(#1648,#1649,#1650,#1651));
#8283=EDGE_LOOP('',(#1652,#1653,#1654,#1655));
#8284=EDGE_LOOP('',(#1656,#1657,#1658,#1659));
#8285=EDGE_LOOP('',(#1660,#1661,#1662,#1663));
#8286=EDGE_LOOP('',(#1664,#1665,#1666,#1667));
#8287=EDGE_LOOP('',(#1668,#1669,#1670,#1671));
#8288=EDGE_LOOP('',(#1672,#1673,#1674,#1675));
#8289=EDGE_LOOP('',(#1676,#1677,#1678,#1679));
#8290=EDGE_LOOP('',(#1680,#1681,#1682,#1683));
#8291=EDGE_LOOP('',(#1684,#1685,#1686,#1687));
#8292=EDGE_LOOP('',(#1688,#1689,#1690,#1691));
#8293=EDGE_LOOP('',(#1692,#1693,#1694,#1695));
#8294=EDGE_LOOP('',(#1696,#1697,#1698,#1699));
#8295=EDGE_LOOP('',(#1700,#1701,#1702,#1703));
#8296=EDGE_LOOP('',(#1704,#1705,#1706,#1707));
#8297=EDGE_LOOP('',(#1708,#1709,#1710,#1711));
#8298=EDGE_LOOP('',(#1712,#1713,#1714,#1715));
#8299=EDGE_LOOP('',(#1716,#1717,#1718,#1719));
#8300=EDGE_LOOP('',(#1720,#1721,#1722,#1723));
#8301=EDGE_LOOP('',(#1724,#1725,#1726,#1727));
#8302=EDGE_LOOP('',(#1728,#1729,#1730,#1731));
#8303=EDGE_LOOP('',(#1732,#1733,#1734,#1735));
#8304=EDGE_LOOP('',(#1736,#1737,#1738,#1739));
#8305=EDGE_LOOP('',(#1740,#1741,#1742,#1743));
#8306=EDGE_LOOP('',(#1744,#1745,#1746,#1747));
#8307=EDGE_LOOP('',(#1748,#1749,#1750,#1751));
#8308=EDGE_LOOP('',(#1752,#1753,#1754,#1755));
#8309=EDGE_LOOP('',(#1756,#1757,#1758,#1759));
#8310=EDGE_LOOP('',(#1760,#1761,#1762,#1763));
#8311=EDGE_LOOP('',(#1764,#1765,#1766,#1767));
#8312=EDGE_LOOP('',(#1768,#1769,#1770,#1771));
#8313=EDGE_LOOP('',(#1772,#1773,#1774,#1775));
#8314=EDGE_LOOP('',(#1776,#1777,#1778,#1779));
#8315=EDGE_LOOP('',(#1780,#1781,#1782,#1783));
#8316=EDGE_LOOP('',(#1784,#1785,#1786,#1787));
#8317=EDGE_LOOP('',(#1788,#1789,#1790,#1791,#1792,#1793,#1794,#1795,#1796,
#1797,#1798,#1799));
#8318=EDGE_LOOP('',(#1800,#1801,#1802,#1803,#1804,#1805));
#8319=EDGE_LOOP('',(#1806,#1807,#1808,#1809,#1810,#1811));
#8320=EDGE_LOOP('',(#1812,#1813,#1814,#1815,#1816,#1817));
#8321=EDGE_LOOP('',(#1818,#1819,#1820,#1821,#1822,#1823));
#8322=EDGE_LOOP('',(#1824,#1825,#1826,#1827,#1828,#1829));
#8323=EDGE_LOOP('',(#1830,#1831,#1832,#1833,#1834,#1835));
#8324=EDGE_LOOP('',(#1836,#1837,#1838,#1839,#1840,#1841));
#8325=EDGE_LOOP('',(#1842,#1843,#1844,#1845,#1846,#1847));
#8326=EDGE_LOOP('',(#1848,#1849,#1850,#1851,#1852,#1853));
#8327=EDGE_LOOP('',(#1854,#1855,#1856,#1857,#1858,#1859));
#8328=EDGE_LOOP('',(#1860,#1861,#1862,#1863,#1864,#1865));
#8329=EDGE_LOOP('',(#1866,#1867,#1868,#1869,#1870,#1871));
#8330=EDGE_LOOP('',(#1872,#1873,#1874,#1875,#1876,#1877));
#8331=EDGE_LOOP('',(#1878,#1879,#1880,#1881,#1882,#1883));
#8332=EDGE_LOOP('',(#1884,#1885,#1886,#1887,#1888,#1889));
#8333=EDGE_LOOP('',(#1890,#1891,#1892,#1893,#1894,#1895));
#8334=EDGE_LOOP('',(#1896,#1897,#1898,#1899,#1900,#1901));
#8335=EDGE_LOOP('',(#1902,#1903,#1904,#1905,#1906,#1907));
#8336=EDGE_LOOP('',(#1908,#1909,#1910,#1911,#1912,#1913));
#8337=EDGE_LOOP('',(#1914,#1915,#1916,#1917,#1918,#1919));
#8338=EDGE_LOOP('',(#1920,#1921,#1922,#1923,#1924,#1925));
#8339=EDGE_LOOP('',(#1926,#1927,#1928,#1929,#1930,#1931));
#8340=EDGE_LOOP('',(#1932,#1933,#1934,#1935,#1936,#1937));
#8341=EDGE_LOOP('',(#1938,#1939,#1940,#1941,#1942,#1943));
#8342=EDGE_LOOP('',(#1944,#1945,#1946,#1947,#1948,#1949));
#8343=EDGE_LOOP('',(#1950,#1951,#1952,#1953,#1954,#1955));
#8344=EDGE_LOOP('',(#1956,#1957,#1958,#1959,#1960,#1961));
#8345=EDGE_LOOP('',(#1962,#1963,#1964,#1965,#1966,#1967));
#8346=EDGE_LOOP('',(#1968,#1969,#1970,#1971,#1972,#1973));
#8347=EDGE_LOOP('',(#1974,#1975,#1976,#1977,#1978,#1979));
#8348=EDGE_LOOP('',(#1980,#1981,#1982,#1983,#1984,#1985));
#8349=EDGE_LOOP('',(#1986,#1987,#1988,#1989,#1990,#1991));
#8350=EDGE_LOOP('',(#1992,#1993,#1994,#1995,#1996,#1997));
#8351=EDGE_LOOP('',(#1998,#1999,#2000,#2001,#2002,#2003));
#8352=EDGE_LOOP('',(#2004,#2005,#2006,#2007,#2008,#2009));
#8353=EDGE_LOOP('',(#2010,#2011,#2012,#2013,#2014,#2015));
#8354=EDGE_LOOP('',(#2016,#2017,#2018,#2019,#2020,#2021));
#8355=EDGE_LOOP('',(#2022,#2023,#2024,#2025,#2026,#2027));
#8356=EDGE_LOOP('',(#2028,#2029,#2030,#2031,#2032,#2033));
#8357=EDGE_LOOP('',(#2034,#2035,#2036,#2037,#2038,#2039));
#8358=EDGE_LOOP('',(#2040,#2041,#2042,#2043,#2044,#2045));
#8359=EDGE_LOOP('',(#2046,#2047,#2048,#2049,#2050,#2051));
#8360=EDGE_LOOP('',(#2052,#2053,#2054,#2055,#2056,#2057));
#8361=EDGE_LOOP('',(#2058,#2059,#2060,#2061,#2062,#2063));
#8362=EDGE_LOOP('',(#2064,#2065,#2066,#2067,#2068,#2069));
#8363=EDGE_LOOP('',(#2070,#2071,#2072,#2073,#2074,#2075));
#8364=EDGE_LOOP('',(#2076,#2077,#2078,#2079,#2080,#2081));
#8365=EDGE_LOOP('',(#2082,#2083,#2084,#2085,#2086,#2087));
#8366=EDGE_LOOP('',(#2088,#2089,#2090,#2091,#2092,#2093));
#8367=EDGE_LOOP('',(#2094,#2095,#2096,#2097,#2098,#2099));
#8368=EDGE_LOOP('',(#2100,#2101,#2102,#2103,#2104,#2105));
#8369=EDGE_LOOP('',(#2106,#2107,#2108,#2109,#2110,#2111));
#8370=EDGE_LOOP('',(#2112,#2113,#2114,#2115,#2116,#2117));
#8371=EDGE_LOOP('',(#2118,#2119,#2120,#2121,#2122,#2123));
#8372=EDGE_LOOP('',(#2124,#2125,#2126,#2127,#2128,#2129,#2130,#2131));
#8373=EDGE_LOOP('',(#2132,#2133,#2134,#2135));
#8374=EDGE_LOOP('',(#2136,#2137,#2138,#2139));
#8375=EDGE_LOOP('',(#2140,#2141,#2142,#2143));
#8376=EDGE_LOOP('',(#2144,#2145,#2146,#2147));
#8377=EDGE_LOOP('',(#2148,#2149,#2150,#2151));
#8378=EDGE_LOOP('',(#2152,#2153,#2154,#2155));
#8379=EDGE_LOOP('',(#2156,#2157,#2158,#2159));
#8380=EDGE_LOOP('',(#2160,#2161,#2162,#2163));
#8381=EDGE_LOOP('',(#2164,#2165,#2166,#2167));
#8382=EDGE_LOOP('',(#2168,#2169,#2170,#2171));
#8383=EDGE_LOOP('',(#2172,#2173,#2174,#2175,#2176,#2177,#2178));
#8384=EDGE_LOOP('',(#2179,#2180,#2181,#2182));
#8385=EDGE_LOOP('',(#2183,#2184,#2185,#2186,#2187,#2188,#2189));
#8386=EDGE_LOOP('',(#2190,#2191,#2192,#2193));
#8387=EDGE_LOOP('',(#2194,#2195,#2196,#2197));
#8388=EDGE_LOOP('',(#2198,#2199,#2200,#2201));
#8389=EDGE_LOOP('',(#2202,#2203,#2204,#2205));
#8390=EDGE_LOOP('',(#2206,#2207,#2208,#2209));
#8391=EDGE_LOOP('',(#2210,#2211,#2212,#2213,#2214,#2215,#2216));
#8392=EDGE_LOOP('',(#2217,#2218,#2219,#2220));
#8393=EDGE_LOOP('',(#2221,#2222,#2223,#2224,#2225,#2226,#2227));
#8394=EDGE_LOOP('',(#2228,#2229,#2230,#2231));
#8395=EDGE_LOOP('',(#2232,#2233,#2234,#2235));
#8396=EDGE_LOOP('',(#2236,#2237,#2238,#2239));
#8397=EDGE_LOOP('',(#2240,#2241,#2242,#2243));
#8398=EDGE_LOOP('',(#2244,#2245,#2246,#2247));
#8399=EDGE_LOOP('',(#2248,#2249,#2250,#2251,#2252,#2253,#2254));
#8400=EDGE_LOOP('',(#2255,#2256,#2257,#2258));
#8401=EDGE_LOOP('',(#2259,#2260,#2261,#2262,#2263,#2264,#2265));
#8402=EDGE_LOOP('',(#2266,#2267,#2268,#2269));
#8403=EDGE_LOOP('',(#2270,#2271,#2272,#2273));
#8404=EDGE_LOOP('',(#2274,#2275,#2276,#2277));
#8405=EDGE_LOOP('',(#2278,#2279,#2280,#2281));
#8406=EDGE_LOOP('',(#2282,#2283,#2284,#2285,#2286,#2287,#2288));
#8407=EDGE_LOOP('',(#2289,#2290,#2291,#2292));
#8408=EDGE_LOOP('',(#2293,#2294,#2295,#2296,#2297,#2298,#2299));
#8409=EDGE_LOOP('',(#2300,#2301,#2302,#2303));
#8410=EDGE_LOOP('',(#2304,#2305,#2306,#2307));
#8411=EDGE_LOOP('',(#2308,#2309,#2310,#2311));
#8412=EDGE_LOOP('',(#2312,#2313,#2314,#2315));
#8413=EDGE_LOOP('',(#2316,#2317,#2318,#2319,#2320,#2321,#2322,#2323,#2324,
#2325));
#8414=EDGE_LOOP('',(#2326));
#8415=EDGE_LOOP('',(#2327,#2328,#2329,#2330));
#8416=EDGE_LOOP('',(#2331,#2332,#2333,#2334,#2335,#2336,#2337,#2338,#2339,
#2340,#2341,#2342,#2343,#2344,#2345,#2346,#2347,#2348));
#8417=EDGE_LOOP('',(#2349));
#8418=EDGE_LOOP('',(#2350,#2351,#2352,#2353));
#8419=EDGE_LOOP('',(#2354,#2355,#2356,#2357));
#8420=EDGE_LOOP('',(#2358,#2359,#2360,#2361));
#8421=EDGE_LOOP('',(#2362,#2363,#2364,#2365,#2366,#2367,#2368,#2369,#2370,
#2371));
#8422=EDGE_LOOP('',(#2372,#2373,#2374,#2375));
#8423=EDGE_LOOP('',(#2376,#2377,#2378,#2379,#2380,#2381,#2382,#2383,#2384,
#2385,#2386,#2387,#2388,#2389,#2390,#2391,#2392,#2393,#2394,#2395));
#8424=EDGE_LOOP('',(#2396,#2397,#2398,#2399));
#8425=EDGE_LOOP('',(#2400,#2401,#2402,#2403,#2404,#2405,#2406,#2407,#2408,
#2409,#2410,#2411));
#8426=EDGE_LOOP('',(#2412,#2413,#2414,#2415,#2416,#2417,#2418,#2419));
#8427=EDGE_LOOP('',(#2420));
#8428=EDGE_LOOP('',(#2421,#2422,#2423,#2424,#2425,#2426,#2427,#2428,#2429,
#2430,#2431,#2432,#2433,#2434,#2435,#2436,#2437));
#8429=EDGE_LOOP('',(#2438,#2439,#2440,#2441));
#8430=EDGE_LOOP('',(#2442,#2443,#2444,#2445));
#8431=EDGE_LOOP('',(#2446,#2447,#2448,#2449));
#8432=EDGE_LOOP('',(#2450));
#8433=EDGE_LOOP('',(#2451,#2452,#2453,#2454));
#8434=EDGE_LOOP('',(#2455,#2456,#2457,#2458,#2459,#2460,#2461,#2462));
#8435=EDGE_LOOP('',(#2463));
#8436=EDGE_LOOP('',(#2464,#2465,#2466,#2467));
#8437=EDGE_LOOP('',(#2468,#2469,#2470,#2471,#2472,#2473,#2474,#2475,#2476,
#2477));
#8438=EDGE_LOOP('',(#2478));
#8439=EDGE_LOOP('',(#2479));
#8440=EDGE_LOOP('',(#2480,#2481,#2482,#2483));
#8441=EDGE_LOOP('',(#2484,#2485,#2486,#2487,#2488,#2489,#2490,#2491));
#8442=EDGE_LOOP('',(#2492));
#8443=EDGE_LOOP('',(#2493));
#8444=EDGE_LOOP('',(#2494));
#8445=EDGE_LOOP('',(#2495));
#8446=EDGE_LOOP('',(#2496));
#8447=EDGE_LOOP('',(#2497));
#8448=EDGE_LOOP('',(#2498));
#8449=EDGE_LOOP('',(#2499,#2500,#2501,#2502));
#8450=EDGE_LOOP('',(#2503,#2504,#2505,#2506));
#8451=EDGE_LOOP('',(#2507,#2508,#2509,#2510));
#8452=EDGE_LOOP('',(#2511,#2512,#2513,#2514));
#8453=EDGE_LOOP('',(#2515,#2516,#2517,#2518));
#8454=EDGE_LOOP('',(#2519,#2520,#2521,#2522));
#8455=EDGE_LOOP('',(#2523,#2524,#2525,#2526));
#8456=EDGE_LOOP('',(#2527,#2528,#2529,#2530));
#8457=EDGE_LOOP('',(#2531,#2532,#2533,#2534));
#8458=EDGE_LOOP('',(#2535,#2536,#2537,#2538));
#8459=EDGE_LOOP('',(#2539,#2540,#2541,#2542));
#8460=EDGE_LOOP('',(#2543,#2544,#2545,#2546));
#8461=EDGE_LOOP('',(#2547,#2548,#2549,#2550));
#8462=EDGE_LOOP('',(#2551,#2552,#2553,#2554));
#8463=EDGE_LOOP('',(#2555,#2556,#2557,#2558));
#8464=EDGE_LOOP('',(#2559,#2560,#2561,#2562,#2563));
#8465=EDGE_LOOP('',(#2564,#2565,#2566,#2567));
#8466=EDGE_LOOP('',(#2568,#2569,#2570,#2571,#2572));
#8467=EDGE_LOOP('',(#2573,#2574,#2575,#2576));
#8468=EDGE_LOOP('',(#2577,#2578,#2579,#2580));
#8469=EDGE_LOOP('',(#2581,#2582,#2583,#2584));
#8470=EDGE_LOOP('',(#2585,#2586,#2587,#2588,#2589,#2590));
#8471=EDGE_LOOP('',(#2591,#2592,#2593,#2594));
#8472=EDGE_LOOP('',(#2595,#2596,#2597,#2598));
#8473=EDGE_LOOP('',(#2599,#2600,#2601,#2602,#2603,#2604));
#8474=EDGE_LOOP('',(#2605,#2606,#2607,#2608));
#8475=EDGE_LOOP('',(#2609,#2610,#2611,#2612));
#8476=EDGE_LOOP('',(#2613,#2614,#2615,#2616,#2617));
#8477=EDGE_LOOP('',(#2618,#2619,#2620,#2621));
#8478=EDGE_LOOP('',(#2622,#2623,#2624,#2625,#2626,#2627,#2628));
#8479=EDGE_LOOP('',(#2629,#2630,#2631,#2632));
#8480=EDGE_LOOP('',(#2633));
#8481=EDGE_LOOP('',(#2634));
#8482=EDGE_LOOP('',(#2635,#2636,#2637,#2638));
#8483=EDGE_LOOP('',(#2639,#2640,#2641,#2642));
#8484=EDGE_LOOP('',(#2643,#2644,#2645,#2646));
#8485=EDGE_LOOP('',(#2647,#2648,#2649,#2650));
#8486=EDGE_LOOP('',(#2651));
#8487=EDGE_LOOP('',(#2652));
#8488=EDGE_LOOP('',(#2653));
#8489=EDGE_LOOP('',(#2654));
#8490=EDGE_LOOP('',(#2655,#2656,#2657,#2658));
#8491=EDGE_LOOP('',(#2659,#2660,#2661,#2662));
#8492=EDGE_LOOP('',(#2663,#2664,#2665,#2666));
#8493=EDGE_LOOP('',(#2667,#2668,#2669,#2670));
#8494=EDGE_LOOP('',(#2671,#2672,#2673,#2674));
#8495=EDGE_LOOP('',(#2675,#2676,#2677,#2678));
#8496=EDGE_LOOP('',(#2679,#2680,#2681,#2682));
#8497=EDGE_LOOP('',(#2683,#2684,#2685,#2686));
#8498=EDGE_LOOP('',(#2687,#2688,#2689,#2690,#2691));
#8499=EDGE_LOOP('',(#2692,#2693,#2694,#2695));
#8500=EDGE_LOOP('',(#2696,#2697,#2698,#2699,#2700));
#8501=EDGE_LOOP('',(#2701,#2702,#2703,#2704));
#8502=EDGE_LOOP('',(#2705,#2706,#2707,#2708));
#8503=EDGE_LOOP('',(#2709,#2710,#2711,#2712));
#8504=EDGE_LOOP('',(#2713,#2714,#2715,#2716,#2717));
#8505=EDGE_LOOP('',(#2718,#2719,#2720,#2721));
#8506=EDGE_LOOP('',(#2722,#2723,#2724,#2725));
#8507=EDGE_LOOP('',(#2726,#2727,#2728,#2729));
#8508=EDGE_LOOP('',(#2730,#2731,#2732,#2733));
#8509=EDGE_LOOP('',(#2734,#2735,#2736,#2737));
#8510=EDGE_LOOP('',(#2738,#2739,#2740,#2741));
#8511=EDGE_LOOP('',(#2742,#2743,#2744,#2745));
#8512=EDGE_LOOP('',(#2746,#2747,#2748,#2749));
#8513=EDGE_LOOP('',(#2750,#2751,#2752,#2753));
#8514=EDGE_LOOP('',(#2754,#2755,#2756,#2757));
#8515=EDGE_LOOP('',(#2758,#2759,#2760,#2761));
#8516=EDGE_LOOP('',(#2762,#2763,#2764,#2765));
#8517=EDGE_LOOP('',(#2766,#2767,#2768,#2769));
#8518=EDGE_LOOP('',(#2770,#2771,#2772,#2773));
#8519=EDGE_LOOP('',(#2774,#2775,#2776,#2777));
#8520=EDGE_LOOP('',(#2778,#2779,#2780,#2781));
#8521=EDGE_LOOP('',(#2782,#2783,#2784,#2785));
#8522=EDGE_LOOP('',(#2786,#2787,#2788,#2789));
#8523=EDGE_LOOP('',(#2790,#2791,#2792,#2793));
#8524=EDGE_LOOP('',(#2794,#2795,#2796,#2797));
#8525=EDGE_LOOP('',(#2798,#2799,#2800,#2801));
#8526=EDGE_LOOP('',(#2802,#2803,#2804,#2805));
#8527=EDGE_LOOP('',(#2806,#2807,#2808,#2809));
#8528=EDGE_LOOP('',(#2810,#2811,#2812,#2813));
#8529=EDGE_LOOP('',(#2814,#2815,#2816,#2817));
#8530=EDGE_LOOP('',(#2818,#2819,#2820,#2821));
#8531=EDGE_LOOP('',(#2822,#2823,#2824,#2825));
#8532=EDGE_LOOP('',(#2826,#2827,#2828,#2829));
#8533=EDGE_LOOP('',(#2830,#2831,#2832,#2833));
#8534=EDGE_LOOP('',(#2834,#2835,#2836,#2837));
#8535=EDGE_LOOP('',(#2838,#2839,#2840,#2841));
#8536=EDGE_LOOP('',(#2842));
#8537=EDGE_LOOP('',(#2843));
#8538=EDGE_LOOP('',(#2844,#2845,#2846,#2847));
#8539=EDGE_LOOP('',(#2848,#2849,#2850,#2851));
#8540=EDGE_LOOP('',(#2852,#2853,#2854,#2855));
#8541=EDGE_LOOP('',(#2856,#2857,#2858,#2859));
#8542=EDGE_LOOP('',(#2860,#2861,#2862,#2863));
#8543=EDGE_LOOP('',(#2864,#2865,#2866,#2867));
#8544=EDGE_LOOP('',(#2868,#2869,#2870,#2871));
#8545=EDGE_LOOP('',(#2872,#2873,#2874,#2875));
#8546=EDGE_LOOP('',(#2876,#2877,#2878,#2879));
#8547=EDGE_LOOP('',(#2880,#2881,#2882,#2883));
#8548=EDGE_LOOP('',(#2884,#2885,#2886,#2887));
#8549=EDGE_LOOP('',(#2888,#2889,#2890,#2891));
#8550=EDGE_LOOP('',(#2892,#2893,#2894,#2895));
#8551=EDGE_LOOP('',(#2896,#2897,#2898,#2899));
#8552=EDGE_LOOP('',(#2900,#2901,#2902,#2903));
#8553=EDGE_LOOP('',(#2904,#2905,#2906,#2907));
#8554=EDGE_LOOP('',(#2908,#2909,#2910,#2911));
#8555=EDGE_LOOP('',(#2912,#2913,#2914,#2915));
#8556=EDGE_LOOP('',(#2916,#2917,#2918,#2919));
#8557=EDGE_LOOP('',(#2920,#2921,#2922,#2923));
#8558=EDGE_LOOP('',(#2924,#2925,#2926,#2927));
#8559=EDGE_LOOP('',(#2928,#2929,#2930,#2931));
#8560=EDGE_LOOP('',(#2932,#2933,#2934,#2935));
#8561=EDGE_LOOP('',(#2936,#2937,#2938,#2939));
#8562=EDGE_LOOP('',(#2940,#2941,#2942,#2943));
#8563=EDGE_LOOP('',(#2944,#2945,#2946,#2947));
#8564=EDGE_LOOP('',(#2948,#2949,#2950,#2951));
#8565=EDGE_LOOP('',(#2952,#2953,#2954,#2955));
#8566=EDGE_LOOP('',(#2956,#2957,#2958,#2959));
#8567=EDGE_LOOP('',(#2960,#2961,#2962,#2963));
#8568=FACE_BOUND('',#7939,.T.);
#8569=FACE_BOUND('',#7940,.T.);
#8570=FACE_BOUND('',#7941,.T.);
#8571=FACE_BOUND('',#7942,.T.);
#8572=FACE_BOUND('',#7943,.T.);
#8573=FACE_BOUND('',#7944,.T.);
#8574=FACE_BOUND('',#7945,.T.);
#8575=FACE_BOUND('',#7946,.T.);
#8576=FACE_BOUND('',#7947,.T.);
#8577=FACE_BOUND('',#7948,.T.);
#8578=FACE_BOUND('',#7949,.T.);
#8579=FACE_BOUND('',#7950,.T.);
#8580=FACE_BOUND('',#7951,.T.);
#8581=FACE_BOUND('',#7952,.T.);
#8582=FACE_BOUND('',#7953,.T.);
#8583=FACE_BOUND('',#7954,.T.);
#8584=FACE_BOUND('',#7955,.T.);
#8585=FACE_BOUND('',#7956,.T.);
#8586=FACE_BOUND('',#7957,.T.);
#8587=FACE_BOUND('',#7958,.T.);
#8588=FACE_BOUND('',#7959,.T.);
#8589=FACE_BOUND('',#7960,.T.);
#8590=FACE_BOUND('',#7961,.T.);
#8591=FACE_BOUND('',#7962,.T.);
#8592=FACE_BOUND('',#7963,.T.);
#8593=FACE_BOUND('',#7964,.T.);
#8594=FACE_BOUND('',#7965,.T.);
#8595=FACE_BOUND('',#7966,.T.);
#8596=FACE_BOUND('',#7967,.T.);
#8597=FACE_BOUND('',#7968,.T.);
#8598=FACE_BOUND('',#7969,.T.);
#8599=FACE_BOUND('',#7970,.T.);
#8600=FACE_BOUND('',#7971,.T.);
#8601=FACE_BOUND('',#7972,.T.);
#8602=FACE_BOUND('',#7973,.T.);
#8603=FACE_BOUND('',#7974,.T.);
#8604=FACE_BOUND('',#7975,.T.);
#8605=FACE_BOUND('',#7976,.T.);
#8606=FACE_BOUND('',#7977,.T.);
#8607=FACE_BOUND('',#7978,.T.);
#8608=FACE_BOUND('',#7979,.T.);
#8609=FACE_BOUND('',#7980,.T.);
#8610=FACE_BOUND('',#7981,.T.);
#8611=FACE_BOUND('',#7982,.T.);
#8612=FACE_BOUND('',#7983,.T.);
#8613=FACE_BOUND('',#7984,.T.);
#8614=FACE_BOUND('',#7985,.T.);
#8615=FACE_BOUND('',#7986,.T.);
#8616=FACE_BOUND('',#7987,.T.);
#8617=FACE_BOUND('',#7988,.T.);
#8618=FACE_BOUND('',#7989,.T.);
#8619=FACE_BOUND('',#7990,.T.);
#8620=FACE_BOUND('',#7991,.T.);
#8621=FACE_BOUND('',#7992,.T.);
#8622=FACE_BOUND('',#7993,.T.);
#8623=FACE_BOUND('',#7994,.T.);
#8624=FACE_BOUND('',#7995,.T.);
#8625=FACE_BOUND('',#7996,.T.);
#8626=FACE_BOUND('',#7997,.T.);
#8627=FACE_BOUND('',#7998,.T.);
#8628=FACE_BOUND('',#7999,.T.);
#8629=FACE_BOUND('',#8000,.T.);
#8630=FACE_BOUND('',#8001,.T.);
#8631=FACE_BOUND('',#8002,.T.);
#8632=FACE_BOUND('',#8003,.T.);
#8633=FACE_BOUND('',#8004,.T.);
#8634=FACE_BOUND('',#8005,.T.);
#8635=FACE_BOUND('',#8006,.T.);
#8636=FACE_BOUND('',#8007,.T.);
#8637=FACE_BOUND('',#8008,.T.);
#8638=FACE_BOUND('',#8009,.T.);
#8639=FACE_BOUND('',#8010,.T.);
#8640=FACE_BOUND('',#8011,.T.);
#8641=FACE_BOUND('',#8012,.T.);
#8642=FACE_BOUND('',#8013,.T.);
#8643=FACE_BOUND('',#8014,.T.);
#8644=FACE_BOUND('',#8015,.T.);
#8645=FACE_BOUND('',#8016,.T.);
#8646=FACE_BOUND('',#8017,.T.);
#8647=FACE_BOUND('',#8018,.T.);
#8648=FACE_BOUND('',#8019,.T.);
#8649=FACE_BOUND('',#8020,.T.);
#8650=FACE_BOUND('',#8021,.T.);
#8651=FACE_BOUND('',#8022,.T.);
#8652=FACE_BOUND('',#8023,.T.);
#8653=FACE_BOUND('',#8024,.T.);
#8654=FACE_BOUND('',#8025,.T.);
#8655=FACE_BOUND('',#8026,.T.);
#8656=FACE_BOUND('',#8027,.T.);
#8657=FACE_BOUND('',#8028,.T.);
#8658=FACE_BOUND('',#8029,.T.);
#8659=FACE_BOUND('',#8030,.T.);
#8660=FACE_BOUND('',#8031,.T.);
#8661=FACE_BOUND('',#8032,.T.);
#8662=FACE_BOUND('',#8033,.T.);
#8663=FACE_BOUND('',#8034,.T.);
#8664=FACE_BOUND('',#8035,.T.);
#8665=FACE_BOUND('',#8036,.T.);
#8666=FACE_BOUND('',#8037,.T.);
#8667=FACE_BOUND('',#8038,.T.);
#8668=FACE_BOUND('',#8039,.T.);
#8669=FACE_BOUND('',#8040,.T.);
#8670=FACE_BOUND('',#8041,.T.);
#8671=FACE_BOUND('',#8042,.T.);
#8672=FACE_BOUND('',#8043,.T.);
#8673=FACE_BOUND('',#8044,.T.);
#8674=FACE_BOUND('',#8045,.T.);
#8675=FACE_BOUND('',#8046,.T.);
#8676=FACE_BOUND('',#8047,.T.);
#8677=FACE_BOUND('',#8048,.T.);
#8678=FACE_BOUND('',#8049,.T.);
#8679=FACE_BOUND('',#8050,.T.);
#8680=FACE_BOUND('',#8051,.T.);
#8681=FACE_BOUND('',#8052,.T.);
#8682=FACE_BOUND('',#8053,.T.);
#8683=FACE_BOUND('',#8054,.T.);
#8684=FACE_BOUND('',#8055,.T.);
#8685=FACE_BOUND('',#8056,.T.);
#8686=FACE_BOUND('',#8057,.T.);
#8687=FACE_BOUND('',#8058,.T.);
#8688=FACE_BOUND('',#8059,.T.);
#8689=FACE_BOUND('',#8060,.T.);
#8690=FACE_BOUND('',#8061,.T.);
#8691=FACE_BOUND('',#8062,.T.);
#8692=FACE_BOUND('',#8063,.T.);
#8693=FACE_BOUND('',#8064,.T.);
#8694=FACE_BOUND('',#8065,.T.);
#8695=FACE_BOUND('',#8066,.T.);
#8696=FACE_BOUND('',#8067,.T.);
#8697=FACE_BOUND('',#8068,.T.);
#8698=FACE_BOUND('',#8069,.T.);
#8699=FACE_BOUND('',#8070,.T.);
#8700=FACE_BOUND('',#8071,.T.);
#8701=FACE_BOUND('',#8072,.T.);
#8702=FACE_BOUND('',#8073,.T.);
#8703=FACE_BOUND('',#8074,.T.);
#8704=FACE_BOUND('',#8075,.T.);
#8705=FACE_BOUND('',#8076,.T.);
#8706=FACE_BOUND('',#8077,.T.);
#8707=FACE_BOUND('',#8078,.T.);
#8708=FACE_BOUND('',#8079,.T.);
#8709=FACE_BOUND('',#8080,.T.);
#8710=FACE_BOUND('',#8081,.T.);
#8711=FACE_BOUND('',#8082,.T.);
#8712=FACE_BOUND('',#8083,.T.);
#8713=FACE_BOUND('',#8084,.T.);
#8714=FACE_BOUND('',#8085,.T.);
#8715=FACE_BOUND('',#8086,.T.);
#8716=FACE_BOUND('',#8087,.T.);
#8717=FACE_BOUND('',#8088,.T.);
#8718=FACE_BOUND('',#8089,.T.);
#8719=FACE_BOUND('',#8090,.T.);
#8720=FACE_BOUND('',#8091,.T.);
#8721=FACE_BOUND('',#8092,.T.);
#8722=FACE_BOUND('',#8093,.T.);
#8723=FACE_BOUND('',#8094,.T.);
#8724=FACE_BOUND('',#8095,.T.);
#8725=FACE_BOUND('',#8096,.T.);
#8726=FACE_BOUND('',#8097,.T.);
#8727=FACE_BOUND('',#8098,.T.);
#8728=FACE_BOUND('',#8099,.T.);
#8729=FACE_BOUND('',#8100,.T.);
#8730=FACE_BOUND('',#8101,.T.);
#8731=FACE_BOUND('',#8102,.T.);
#8732=FACE_BOUND('',#8103,.T.);
#8733=FACE_BOUND('',#8104,.T.);
#8734=FACE_BOUND('',#8105,.T.);
#8735=FACE_BOUND('',#8106,.T.);
#8736=FACE_BOUND('',#8107,.T.);
#8737=FACE_BOUND('',#8108,.T.);
#8738=FACE_BOUND('',#8109,.T.);
#8739=FACE_BOUND('',#8110,.T.);
#8740=FACE_BOUND('',#8111,.T.);
#8741=FACE_BOUND('',#8112,.T.);
#8742=FACE_BOUND('',#8113,.T.);
#8743=FACE_BOUND('',#8114,.T.);
#8744=FACE_BOUND('',#8115,.T.);
#8745=FACE_BOUND('',#8116,.T.);
#8746=FACE_BOUND('',#8117,.T.);
#8747=FACE_BOUND('',#8118,.T.);
#8748=FACE_BOUND('',#8119,.T.);
#8749=FACE_BOUND('',#8120,.T.);
#8750=FACE_BOUND('',#8121,.T.);
#8751=FACE_BOUND('',#8122,.T.);
#8752=FACE_BOUND('',#8123,.T.);
#8753=FACE_BOUND('',#8124,.T.);
#8754=FACE_BOUND('',#8125,.T.);
#8755=FACE_BOUND('',#8126,.T.);
#8756=FACE_BOUND('',#8127,.T.);
#8757=FACE_BOUND('',#8128,.T.);
#8758=FACE_BOUND('',#8129,.T.);
#8759=FACE_BOUND('',#8130,.T.);
#8760=FACE_BOUND('',#8131,.T.);
#8761=FACE_BOUND('',#8132,.T.);
#8762=FACE_BOUND('',#8133,.T.);
#8763=FACE_BOUND('',#8134,.T.);
#8764=FACE_BOUND('',#8135,.T.);
#8765=FACE_BOUND('',#8136,.T.);
#8766=FACE_BOUND('',#8137,.T.);
#8767=FACE_BOUND('',#8138,.T.);
#8768=FACE_BOUND('',#8139,.T.);
#8769=FACE_BOUND('',#8140,.T.);
#8770=FACE_BOUND('',#8141,.T.);
#8771=FACE_BOUND('',#8142,.T.);
#8772=FACE_BOUND('',#8143,.T.);
#8773=FACE_BOUND('',#8144,.T.);
#8774=FACE_BOUND('',#8145,.T.);
#8775=FACE_BOUND('',#8146,.T.);
#8776=FACE_BOUND('',#8147,.T.);
#8777=FACE_BOUND('',#8148,.T.);
#8778=FACE_BOUND('',#8149,.T.);
#8779=FACE_BOUND('',#8150,.T.);
#8780=FACE_BOUND('',#8151,.T.);
#8781=FACE_BOUND('',#8152,.T.);
#8782=FACE_BOUND('',#8153,.T.);
#8783=FACE_BOUND('',#8154,.T.);
#8784=FACE_BOUND('',#8155,.T.);
#8785=FACE_BOUND('',#8156,.T.);
#8786=FACE_BOUND('',#8157,.T.);
#8787=FACE_BOUND('',#8158,.T.);
#8788=FACE_BOUND('',#8159,.T.);
#8789=FACE_BOUND('',#8160,.T.);
#8790=FACE_BOUND('',#8161,.T.);
#8791=FACE_BOUND('',#8162,.T.);
#8792=FACE_BOUND('',#8163,.T.);
#8793=FACE_BOUND('',#8164,.T.);
#8794=FACE_BOUND('',#8165,.T.);
#8795=FACE_BOUND('',#8166,.T.);
#8796=FACE_BOUND('',#8167,.T.);
#8797=FACE_BOUND('',#8168,.T.);
#8798=FACE_BOUND('',#8169,.T.);
#8799=FACE_BOUND('',#8170,.T.);
#8800=FACE_BOUND('',#8171,.T.);
#8801=FACE_BOUND('',#8172,.T.);
#8802=FACE_BOUND('',#8173,.T.);
#8803=FACE_BOUND('',#8174,.T.);
#8804=FACE_BOUND('',#8175,.T.);
#8805=FACE_BOUND('',#8176,.T.);
#8806=FACE_BOUND('',#8177,.T.);
#8807=FACE_BOUND('',#8178,.T.);
#8808=FACE_BOUND('',#8179,.T.);
#8809=FACE_BOUND('',#8180,.T.);
#8810=FACE_BOUND('',#8181,.T.);
#8811=FACE_BOUND('',#8182,.T.);
#8812=FACE_BOUND('',#8183,.T.);
#8813=FACE_BOUND('',#8184,.T.);
#8814=FACE_BOUND('',#8185,.T.);
#8815=FACE_BOUND('',#8186,.T.);
#8816=FACE_BOUND('',#8187,.T.);
#8817=FACE_BOUND('',#8188,.T.);
#8818=FACE_BOUND('',#8189,.T.);
#8819=FACE_BOUND('',#8190,.T.);
#8820=FACE_BOUND('',#8191,.T.);
#8821=FACE_BOUND('',#8192,.T.);
#8822=FACE_BOUND('',#8193,.T.);
#8823=FACE_BOUND('',#8194,.T.);
#8824=FACE_BOUND('',#8195,.T.);
#8825=FACE_BOUND('',#8196,.T.);
#8826=FACE_BOUND('',#8197,.T.);
#8827=FACE_BOUND('',#8198,.T.);
#8828=FACE_BOUND('',#8199,.T.);
#8829=FACE_BOUND('',#8200,.T.);
#8830=FACE_BOUND('',#8201,.T.);
#8831=FACE_BOUND('',#8202,.T.);
#8832=FACE_BOUND('',#8203,.T.);
#8833=FACE_BOUND('',#8204,.T.);
#8834=FACE_BOUND('',#8205,.T.);
#8835=FACE_BOUND('',#8206,.T.);
#8836=FACE_BOUND('',#8207,.T.);
#8837=FACE_BOUND('',#8208,.T.);
#8838=FACE_BOUND('',#8209,.T.);
#8839=FACE_BOUND('',#8210,.T.);
#8840=FACE_BOUND('',#8211,.T.);
#8841=FACE_BOUND('',#8212,.T.);
#8842=FACE_BOUND('',#8213,.T.);
#8843=FACE_BOUND('',#8214,.T.);
#8844=FACE_BOUND('',#8215,.T.);
#8845=FACE_BOUND('',#8216,.T.);
#8846=FACE_BOUND('',#8217,.T.);
#8847=FACE_BOUND('',#8218,.T.);
#8848=FACE_BOUND('',#8219,.T.);
#8849=FACE_BOUND('',#8220,.T.);
#8850=FACE_BOUND('',#8221,.T.);
#8851=FACE_BOUND('',#8222,.T.);
#8852=FACE_BOUND('',#8223,.T.);
#8853=FACE_BOUND('',#8224,.T.);
#8854=FACE_BOUND('',#8225,.T.);
#8855=FACE_BOUND('',#8226,.T.);
#8856=FACE_BOUND('',#8227,.T.);
#8857=FACE_BOUND('',#8228,.T.);
#8858=FACE_BOUND('',#8229,.T.);
#8859=FACE_BOUND('',#8230,.T.);
#8860=FACE_BOUND('',#8231,.T.);
#8861=FACE_BOUND('',#8232,.T.);
#8862=FACE_BOUND('',#8233,.T.);
#8863=FACE_BOUND('',#8234,.T.);
#8864=FACE_BOUND('',#8235,.T.);
#8865=FACE_BOUND('',#8236,.T.);
#8866=FACE_BOUND('',#8237,.T.);
#8867=FACE_BOUND('',#8238,.T.);
#8868=FACE_BOUND('',#8239,.T.);
#8869=FACE_BOUND('',#8240,.T.);
#8870=FACE_BOUND('',#8241,.T.);
#8871=FACE_BOUND('',#8242,.T.);
#8872=FACE_BOUND('',#8243,.T.);
#8873=FACE_BOUND('',#8244,.T.);
#8874=FACE_BOUND('',#8245,.T.);
#8875=FACE_BOUND('',#8246,.T.);
#8876=FACE_BOUND('',#8247,.T.);
#8877=FACE_BOUND('',#8248,.T.);
#8878=FACE_BOUND('',#8249,.T.);
#8879=FACE_BOUND('',#8250,.T.);
#8880=FACE_BOUND('',#8251,.T.);
#8881=FACE_BOUND('',#8252,.T.);
#8882=FACE_BOUND('',#8253,.T.);
#8883=FACE_BOUND('',#8254,.T.);
#8884=FACE_BOUND('',#8255,.T.);
#8885=FACE_BOUND('',#8256,.T.);
#8886=FACE_BOUND('',#8257,.T.);
#8887=FACE_BOUND('',#8258,.T.);
#8888=FACE_BOUND('',#8259,.T.);
#8889=FACE_BOUND('',#8260,.T.);
#8890=FACE_BOUND('',#8261,.T.);
#8891=FACE_BOUND('',#8262,.T.);
#8892=FACE_BOUND('',#8263,.T.);
#8893=FACE_BOUND('',#8264,.T.);
#8894=FACE_BOUND('',#8265,.T.);
#8895=FACE_BOUND('',#8266,.T.);
#8896=FACE_BOUND('',#8267,.T.);
#8897=FACE_BOUND('',#8268,.T.);
#8898=FACE_BOUND('',#8269,.T.);
#8899=FACE_BOUND('',#8270,.T.);
#8900=FACE_BOUND('',#8271,.T.);
#8901=FACE_BOUND('',#8272,.T.);
#8902=FACE_BOUND('',#8273,.T.);
#8903=FACE_BOUND('',#8274,.T.);
#8904=FACE_BOUND('',#8275,.T.);
#8905=FACE_BOUND('',#8276,.T.);
#8906=FACE_BOUND('',#8277,.T.);
#8907=FACE_BOUND('',#8278,.T.);
#8908=FACE_BOUND('',#8279,.T.);
#8909=FACE_BOUND('',#8280,.T.);
#8910=FACE_BOUND('',#8281,.T.);
#8911=FACE_BOUND('',#8282,.T.);
#8912=FACE_BOUND('',#8283,.T.);
#8913=FACE_BOUND('',#8284,.T.);
#8914=FACE_BOUND('',#8285,.T.);
#8915=FACE_BOUND('',#8286,.T.);
#8916=FACE_BOUND('',#8287,.T.);
#8917=FACE_BOUND('',#8288,.T.);
#8918=FACE_BOUND('',#8289,.T.);
#8919=FACE_BOUND('',#8290,.T.);
#8920=FACE_BOUND('',#8291,.T.);
#8921=FACE_BOUND('',#8292,.T.);
#8922=FACE_BOUND('',#8293,.T.);
#8923=FACE_BOUND('',#8294,.T.);
#8924=FACE_BOUND('',#8295,.T.);
#8925=FACE_BOUND('',#8296,.T.);
#8926=FACE_BOUND('',#8297,.T.);
#8927=FACE_BOUND('',#8298,.T.);
#8928=FACE_BOUND('',#8299,.T.);
#8929=FACE_BOUND('',#8300,.T.);
#8930=FACE_BOUND('',#8301,.T.);
#8931=FACE_BOUND('',#8302,.T.);
#8932=FACE_BOUND('',#8303,.T.);
#8933=FACE_BOUND('',#8304,.T.);
#8934=FACE_BOUND('',#8305,.T.);
#8935=FACE_BOUND('',#8306,.T.);
#8936=FACE_BOUND('',#8307,.T.);
#8937=FACE_BOUND('',#8308,.T.);
#8938=FACE_BOUND('',#8309,.T.);
#8939=FACE_BOUND('',#8310,.T.);
#8940=FACE_BOUND('',#8311,.T.);
#8941=FACE_BOUND('',#8312,.T.);
#8942=FACE_BOUND('',#8313,.T.);
#8943=FACE_BOUND('',#8314,.T.);
#8944=FACE_BOUND('',#8315,.T.);
#8945=FACE_BOUND('',#8316,.T.);
#8946=FACE_BOUND('',#8317,.T.);
#8947=FACE_BOUND('',#8318,.T.);
#8948=FACE_BOUND('',#8319,.T.);
#8949=FACE_BOUND('',#8320,.T.);
#8950=FACE_BOUND('',#8321,.T.);
#8951=FACE_BOUND('',#8322,.T.);
#8952=FACE_BOUND('',#8323,.T.);
#8953=FACE_BOUND('',#8324,.T.);
#8954=FACE_BOUND('',#8325,.T.);
#8955=FACE_BOUND('',#8326,.T.);
#8956=FACE_BOUND('',#8327,.T.);
#8957=FACE_BOUND('',#8328,.T.);
#8958=FACE_BOUND('',#8329,.T.);
#8959=FACE_BOUND('',#8330,.T.);
#8960=FACE_BOUND('',#8331,.T.);
#8961=FACE_BOUND('',#8332,.T.);
#8962=FACE_BOUND('',#8333,.T.);
#8963=FACE_BOUND('',#8334,.T.);
#8964=FACE_BOUND('',#8335,.T.);
#8965=FACE_BOUND('',#8336,.T.);
#8966=FACE_BOUND('',#8337,.T.);
#8967=FACE_BOUND('',#8338,.T.);
#8968=FACE_BOUND('',#8339,.T.);
#8969=FACE_BOUND('',#8340,.T.);
#8970=FACE_BOUND('',#8341,.T.);
#8971=FACE_BOUND('',#8342,.T.);
#8972=FACE_BOUND('',#8343,.T.);
#8973=FACE_BOUND('',#8344,.T.);
#8974=FACE_BOUND('',#8345,.T.);
#8975=FACE_BOUND('',#8346,.T.);
#8976=FACE_BOUND('',#8347,.T.);
#8977=FACE_BOUND('',#8348,.T.);
#8978=FACE_BOUND('',#8349,.T.);
#8979=FACE_BOUND('',#8350,.T.);
#8980=FACE_BOUND('',#8351,.T.);
#8981=FACE_BOUND('',#8352,.T.);
#8982=FACE_BOUND('',#8353,.T.);
#8983=FACE_BOUND('',#8354,.T.);
#8984=FACE_BOUND('',#8355,.T.);
#8985=FACE_BOUND('',#8356,.T.);
#8986=FACE_BOUND('',#8357,.T.);
#8987=FACE_BOUND('',#8358,.T.);
#8988=FACE_BOUND('',#8359,.T.);
#8989=FACE_BOUND('',#8360,.T.);
#8990=FACE_BOUND('',#8361,.T.);
#8991=FACE_BOUND('',#8362,.T.);
#8992=FACE_BOUND('',#8363,.T.);
#8993=FACE_BOUND('',#8364,.T.);
#8994=FACE_BOUND('',#8365,.T.);
#8995=FACE_BOUND('',#8366,.T.);
#8996=FACE_BOUND('',#8367,.T.);
#8997=FACE_BOUND('',#8368,.T.);
#8998=FACE_BOUND('',#8369,.T.);
#8999=FACE_BOUND('',#8370,.T.);
#9000=FACE_BOUND('',#8371,.T.);
#9001=FACE_BOUND('',#8372,.T.);
#9002=FACE_BOUND('',#8373,.T.);
#9003=FACE_BOUND('',#8374,.T.);
#9004=FACE_BOUND('',#8375,.T.);
#9005=FACE_BOUND('',#8376,.T.);
#9006=FACE_BOUND('',#8377,.T.);
#9007=FACE_BOUND('',#8378,.T.);
#9008=FACE_BOUND('',#8379,.T.);
#9009=FACE_BOUND('',#8380,.T.);
#9010=FACE_BOUND('',#8381,.T.);
#9011=FACE_BOUND('',#8382,.T.);
#9012=FACE_BOUND('',#8383,.T.);
#9013=FACE_BOUND('',#8384,.T.);
#9014=FACE_BOUND('',#8385,.T.);
#9015=FACE_BOUND('',#8386,.T.);
#9016=FACE_BOUND('',#8387,.T.);
#9017=FACE_BOUND('',#8388,.T.);
#9018=FACE_BOUND('',#8389,.T.);
#9019=FACE_BOUND('',#8390,.T.);
#9020=FACE_BOUND('',#8391,.T.);
#9021=FACE_BOUND('',#8392,.T.);
#9022=FACE_BOUND('',#8393,.T.);
#9023=FACE_BOUND('',#8394,.T.);
#9024=FACE_BOUND('',#8395,.T.);
#9025=FACE_BOUND('',#8396,.T.);
#9026=FACE_BOUND('',#8397,.T.);
#9027=FACE_BOUND('',#8398,.T.);
#9028=FACE_BOUND('',#8399,.T.);
#9029=FACE_BOUND('',#8400,.T.);
#9030=FACE_BOUND('',#8401,.T.);
#9031=FACE_BOUND('',#8402,.T.);
#9032=FACE_BOUND('',#8403,.T.);
#9033=FACE_BOUND('',#8404,.T.);
#9034=FACE_BOUND('',#8405,.T.);
#9035=FACE_BOUND('',#8406,.T.);
#9036=FACE_BOUND('',#8407,.T.);
#9037=FACE_BOUND('',#8408,.T.);
#9038=FACE_BOUND('',#8409,.T.);
#9039=FACE_BOUND('',#8410,.T.);
#9040=FACE_BOUND('',#8411,.T.);
#9041=FACE_BOUND('',#8412,.T.);
#9042=FACE_BOUND('',#8413,.T.);
#9043=FACE_BOUND('',#8414,.T.);
#9044=FACE_BOUND('',#8415,.T.);
#9045=FACE_BOUND('',#8416,.T.);
#9046=FACE_BOUND('',#8417,.T.);
#9047=FACE_BOUND('',#8418,.T.);
#9048=FACE_BOUND('',#8419,.T.);
#9049=FACE_BOUND('',#8420,.T.);
#9050=FACE_BOUND('',#8421,.T.);
#9051=FACE_BOUND('',#8422,.T.);
#9052=FACE_BOUND('',#8423,.T.);
#9053=FACE_BOUND('',#8424,.T.);
#9054=FACE_BOUND('',#8425,.T.);
#9055=FACE_BOUND('',#8426,.T.);
#9056=FACE_BOUND('',#8427,.T.);
#9057=FACE_BOUND('',#8428,.T.);
#9058=FACE_BOUND('',#8429,.T.);
#9059=FACE_BOUND('',#8430,.T.);
#9060=FACE_BOUND('',#8431,.T.);
#9061=FACE_BOUND('',#8432,.T.);
#9062=FACE_BOUND('',#8433,.T.);
#9063=FACE_BOUND('',#8434,.T.);
#9064=FACE_BOUND('',#8435,.T.);
#9065=FACE_BOUND('',#8436,.T.);
#9066=FACE_BOUND('',#8437,.T.);
#9067=FACE_BOUND('',#8438,.T.);
#9068=FACE_BOUND('',#8439,.T.);
#9069=FACE_BOUND('',#8440,.T.);
#9070=FACE_BOUND('',#8441,.T.);
#9071=FACE_BOUND('',#8442,.T.);
#9072=FACE_BOUND('',#8443,.T.);
#9073=FACE_BOUND('',#8444,.T.);
#9074=FACE_BOUND('',#8445,.T.);
#9075=FACE_BOUND('',#8446,.T.);
#9076=FACE_BOUND('',#8447,.T.);
#9077=FACE_BOUND('',#8448,.T.);
#9078=FACE_BOUND('',#8449,.T.);
#9079=FACE_BOUND('',#8450,.T.);
#9080=FACE_BOUND('',#8451,.T.);
#9081=FACE_BOUND('',#8452,.T.);
#9082=FACE_BOUND('',#8453,.T.);
#9083=FACE_BOUND('',#8454,.T.);
#9084=FACE_BOUND('',#8455,.T.);
#9085=FACE_BOUND('',#8456,.T.);
#9086=FACE_BOUND('',#8457,.T.);
#9087=FACE_BOUND('',#8458,.T.);
#9088=FACE_BOUND('',#8459,.T.);
#9089=FACE_BOUND('',#8460,.T.);
#9090=FACE_BOUND('',#8461,.T.);
#9091=FACE_BOUND('',#8462,.T.);
#9092=FACE_BOUND('',#8463,.T.);
#9093=FACE_BOUND('',#8464,.T.);
#9094=FACE_BOUND('',#8465,.T.);
#9095=FACE_BOUND('',#8466,.T.);
#9096=FACE_BOUND('',#8467,.T.);
#9097=FACE_BOUND('',#8468,.T.);
#9098=FACE_BOUND('',#8469,.T.);
#9099=FACE_BOUND('',#8470,.T.);
#9100=FACE_BOUND('',#8471,.T.);
#9101=FACE_BOUND('',#8472,.T.);
#9102=FACE_BOUND('',#8473,.T.);
#9103=FACE_BOUND('',#8474,.T.);
#9104=FACE_BOUND('',#8475,.T.);
#9105=FACE_BOUND('',#8476,.T.);
#9106=FACE_BOUND('',#8477,.T.);
#9107=FACE_BOUND('',#8478,.T.);
#9108=FACE_BOUND('',#8479,.T.);
#9109=FACE_BOUND('',#8480,.T.);
#9110=FACE_BOUND('',#8481,.T.);
#9111=FACE_BOUND('',#8482,.T.);
#9112=FACE_BOUND('',#8483,.T.);
#9113=FACE_BOUND('',#8484,.T.);
#9114=FACE_BOUND('',#8485,.T.);
#9115=FACE_BOUND('',#8486,.T.);
#9116=FACE_BOUND('',#8487,.T.);
#9117=FACE_BOUND('',#8488,.T.);
#9118=FACE_BOUND('',#8489,.T.);
#9119=FACE_BOUND('',#8490,.T.);
#9120=FACE_BOUND('',#8491,.T.);
#9121=FACE_BOUND('',#8492,.T.);
#9122=FACE_BOUND('',#8493,.T.);
#9123=FACE_BOUND('',#8494,.T.);
#9124=FACE_BOUND('',#8495,.T.);
#9125=FACE_BOUND('',#8496,.T.);
#9126=FACE_BOUND('',#8497,.T.);
#9127=FACE_BOUND('',#8498,.T.);
#9128=FACE_BOUND('',#8499,.T.);
#9129=FACE_BOUND('',#8500,.T.);
#9130=FACE_BOUND('',#8501,.T.);
#9131=FACE_BOUND('',#8502,.T.);
#9132=FACE_BOUND('',#8503,.T.);
#9133=FACE_BOUND('',#8504,.T.);
#9134=FACE_BOUND('',#8505,.T.);
#9135=FACE_BOUND('',#8506,.T.);
#9136=FACE_BOUND('',#8507,.T.);
#9137=FACE_BOUND('',#8508,.T.);
#9138=FACE_BOUND('',#8509,.T.);
#9139=FACE_BOUND('',#8510,.T.);
#9140=FACE_BOUND('',#8511,.T.);
#9141=FACE_BOUND('',#8512,.T.);
#9142=FACE_BOUND('',#8513,.T.);
#9143=FACE_BOUND('',#8514,.T.);
#9144=FACE_BOUND('',#8515,.T.);
#9145=FACE_BOUND('',#8516,.T.);
#9146=FACE_BOUND('',#8517,.T.);
#9147=FACE_BOUND('',#8518,.T.);
#9148=FACE_BOUND('',#8519,.T.);
#9149=FACE_BOUND('',#8520,.T.);
#9150=FACE_BOUND('',#8521,.T.);
#9151=FACE_BOUND('',#8522,.T.);
#9152=FACE_BOUND('',#8523,.T.);
#9153=FACE_BOUND('',#8524,.T.);
#9154=FACE_BOUND('',#8525,.T.);
#9155=FACE_BOUND('',#8526,.T.);
#9156=FACE_BOUND('',#8527,.T.);
#9157=FACE_BOUND('',#8528,.T.);
#9158=FACE_BOUND('',#8529,.T.);
#9159=FACE_BOUND('',#8530,.T.);
#9160=FACE_BOUND('',#8531,.T.);
#9161=FACE_BOUND('',#8532,.T.);
#9162=FACE_BOUND('',#8533,.T.);
#9163=FACE_BOUND('',#8534,.T.);
#9164=FACE_BOUND('',#8535,.T.);
#9165=FACE_BOUND('',#8536,.T.);
#9166=FACE_BOUND('',#8537,.T.);
#9167=FACE_BOUND('',#8538,.T.);
#9168=FACE_BOUND('',#8539,.T.);
#9169=FACE_BOUND('',#8540,.T.);
#9170=FACE_BOUND('',#8541,.T.);
#9171=FACE_BOUND('',#8542,.T.);
#9172=FACE_BOUND('',#8543,.T.);
#9173=FACE_BOUND('',#8544,.T.);
#9174=FACE_BOUND('',#8545,.T.);
#9175=FACE_BOUND('',#8546,.T.);
#9176=FACE_BOUND('',#8547,.T.);
#9177=FACE_BOUND('',#8548,.T.);
#9178=FACE_BOUND('',#8549,.T.);
#9179=FACE_BOUND('',#8550,.T.);
#9180=FACE_BOUND('',#8551,.T.);
#9181=FACE_BOUND('',#8552,.T.);
#9182=FACE_BOUND('',#8553,.T.);
#9183=FACE_BOUND('',#8554,.T.);
#9184=FACE_BOUND('',#8555,.T.);
#9185=FACE_BOUND('',#8556,.T.);
#9186=FACE_BOUND('',#8557,.T.);
#9187=FACE_BOUND('',#8558,.T.);
#9188=FACE_BOUND('',#8559,.T.);
#9189=FACE_BOUND('',#8560,.T.);
#9190=FACE_BOUND('',#8561,.T.);
#9191=FACE_BOUND('',#8562,.T.);
#9192=FACE_BOUND('',#8563,.T.);
#9193=FACE_BOUND('',#8564,.T.);
#9194=FACE_BOUND('',#8565,.T.);
#9195=FACE_BOUND('',#8566,.T.);
#9196=FACE_BOUND('',#8567,.T.);
#9197=PLANE('',#10163);
#9198=PLANE('',#10168);
#9199=PLANE('',#10169);
#9200=PLANE('',#10170);
#9201=PLANE('',#10171);
#9202=PLANE('',#10172);
#9203=PLANE('',#10173);
#9204=PLANE('',#10174);
#9205=PLANE('',#10175);
#9206=PLANE('',#10176);
#9207=PLANE('',#10177);
#9208=PLANE('',#10178);
#9209=PLANE('',#10179);
#9210=PLANE('',#10180);
#9211=PLANE('',#10181);
#9212=PLANE('',#10182);
#9213=PLANE('',#10183);
#9214=PLANE('',#10184);
#9215=PLANE('',#10185);
#9216=PLANE('',#10186);
#9217=PLANE('',#10187);
#9218=PLANE('',#10188);
#9219=PLANE('',#10189);
#9220=PLANE('',#10190);
#9221=PLANE('',#10191);
#9222=PLANE('',#10192);
#9223=PLANE('',#10193);
#9224=PLANE('',#10194);
#9225=PLANE('',#10195);
#9226=PLANE('',#10196);
#9227=PLANE('',#10197);
#9228=PLANE('',#10198);
#9229=PLANE('',#10199);
#9230=PLANE('',#10200);
#9231=PLANE('',#10201);
#9232=PLANE('',#10202);
#9233=PLANE('',#10203);
#9234=PLANE('',#10204);
#9235=PLANE('',#10205);
#9236=PLANE('',#10206);
#9237=PLANE('',#10207);
#9238=PLANE('',#10208);
#9239=PLANE('',#10209);
#9240=PLANE('',#10210);
#9241=PLANE('',#10211);
#9242=PLANE('',#10212);
#9243=PLANE('',#10213);
#9244=PLANE('',#10214);
#9245=PLANE('',#10215);
#9246=PLANE('',#10216);
#9247=PLANE('',#10217);
#9248=PLANE('',#10218);
#9249=PLANE('',#10219);
#9250=PLANE('',#10220);
#9251=PLANE('',#10221);
#9252=PLANE('',#10222);
#9253=PLANE('',#10223);
#9254=PLANE('',#10224);
#9255=PLANE('',#10225);
#9256=PLANE('',#10226);
#9257=PLANE('',#10227);
#9258=PLANE('',#10228);
#9259=PLANE('',#10229);
#9260=PLANE('',#10230);
#9261=PLANE('',#10231);
#9262=PLANE('',#10232);
#9263=PLANE('',#10233);
#9264=PLANE('',#10234);
#9265=PLANE('',#10235);
#9266=PLANE('',#10236);
#9267=PLANE('',#10237);
#9268=PLANE('',#10238);
#9269=PLANE('',#10239);
#9270=PLANE('',#10240);
#9271=PLANE('',#10241);
#9272=PLANE('',#10242);
#9273=PLANE('',#10243);
#9274=PLANE('',#10244);
#9275=PLANE('',#10245);
#9276=PLANE('',#10246);
#9277=PLANE('',#10247);
#9278=PLANE('',#10248);
#9279=PLANE('',#10249);
#9280=PLANE('',#10250);
#9281=PLANE('',#10251);
#9282=PLANE('',#10252);
#9283=PLANE('',#10253);
#9284=PLANE('',#10254);
#9285=PLANE('',#10255);
#9286=PLANE('',#10256);
#9287=PLANE('',#10257);
#9288=PLANE('',#10258);
#9289=PLANE('',#10259);
#9290=PLANE('',#10260);
#9291=PLANE('',#10261);
#9292=PLANE('',#10262);
#9293=PLANE('',#10263);
#9294=PLANE('',#10264);
#9295=PLANE('',#10265);
#9296=PLANE('',#10266);
#9297=PLANE('',#10267);
#9298=PLANE('',#10268);
#9299=PLANE('',#10269);
#9300=PLANE('',#10270);
#9301=PLANE('',#10271);
#9302=PLANE('',#10272);
#9303=PLANE('',#10273);
#9304=PLANE('',#10274);
#9305=PLANE('',#10275);
#9306=PLANE('',#10276);
#9307=PLANE('',#10277);
#9308=PLANE('',#10278);
#9309=PLANE('',#10279);
#9310=PLANE('',#10280);
#9311=PLANE('',#10281);
#9312=PLANE('',#10282);
#9313=PLANE('',#10283);
#9314=PLANE('',#10284);
#9315=PLANE('',#10285);
#9316=PLANE('',#10286);
#9317=PLANE('',#10287);
#9318=PLANE('',#10288);
#9319=PLANE('',#10289);
#9320=PLANE('',#10290);
#9321=PLANE('',#10291);
#9322=PLANE('',#10292);
#9323=PLANE('',#10293);
#9324=PLANE('',#10294);
#9325=PLANE('',#10295);
#9326=PLANE('',#10296);
#9327=PLANE('',#10297);
#9328=PLANE('',#10298);
#9329=PLANE('',#10299);
#9330=PLANE('',#10300);
#9331=PLANE('',#10301);
#9332=PLANE('',#10302);
#9333=PLANE('',#10303);
#9334=PLANE('',#10304);
#9335=PLANE('',#10305);
#9336=PLANE('',#10306);
#9337=PLANE('',#10307);
#9338=PLANE('',#10308);
#9339=PLANE('',#10309);
#9340=PLANE('',#10310);
#9341=PLANE('',#10311);
#9342=PLANE('',#10312);
#9343=PLANE('',#10313);
#9344=PLANE('',#10314);
#9345=PLANE('',#10315);
#9346=PLANE('',#10316);
#9347=PLANE('',#10317);
#9348=PLANE('',#10318);
#9349=PLANE('',#10319);
#9350=PLANE('',#10320);
#9351=PLANE('',#10321);
#9352=PLANE('',#10322);
#9353=PLANE('',#10323);
#9354=PLANE('',#10324);
#9355=PLANE('',#10325);
#9356=PLANE('',#10326);
#9357=PLANE('',#10327);
#9358=PLANE('',#10328);
#9359=PLANE('',#10329);
#9360=PLANE('',#10330);
#9361=PLANE('',#10331);
#9362=PLANE('',#10332);
#9363=PLANE('',#10333);
#9364=PLANE('',#10334);
#9365=PLANE('',#10335);
#9366=PLANE('',#10336);
#9367=PLANE('',#10337);
#9368=PLANE('',#10338);
#9369=PLANE('',#10339);
#9370=PLANE('',#10340);
#9371=PLANE('',#10341);
#9372=PLANE('',#10342);
#9373=PLANE('',#10343);
#9374=PLANE('',#10344);
#9375=PLANE('',#10345);
#9376=PLANE('',#10346);
#9377=PLANE('',#10347);
#9378=PLANE('',#10348);
#9379=PLANE('',#10349);
#9380=PLANE('',#10350);
#9381=PLANE('',#10351);
#9382=PLANE('',#10352);
#9383=PLANE('',#10353);
#9384=PLANE('',#10354);
#9385=PLANE('',#10355);
#9386=PLANE('',#10356);
#9387=PLANE('',#10357);
#9388=PLANE('',#10358);
#9389=PLANE('',#10359);
#9390=PLANE('',#10360);
#9391=PLANE('',#10361);
#9392=PLANE('',#10362);
#9393=PLANE('',#10363);
#9394=PLANE('',#10364);
#9395=PLANE('',#10365);
#9396=PLANE('',#10366);
#9397=PLANE('',#10367);
#9398=PLANE('',#10368);
#9399=PLANE('',#10369);
#9400=PLANE('',#10370);
#9401=PLANE('',#10371);
#9402=PLANE('',#10372);
#9403=PLANE('',#10373);
#9404=PLANE('',#10374);
#9405=PLANE('',#10375);
#9406=PLANE('',#10376);
#9407=PLANE('',#10377);
#9408=PLANE('',#10378);
#9409=PLANE('',#10379);
#9410=PLANE('',#10380);
#9411=PLANE('',#10381);
#9412=PLANE('',#10382);
#9413=PLANE('',#10383);
#9414=PLANE('',#10384);
#9415=PLANE('',#10385);
#9416=PLANE('',#10386);
#9417=PLANE('',#10387);
#9418=PLANE('',#10388);
#9419=PLANE('',#10389);
#9420=PLANE('',#10390);
#9421=PLANE('',#10391);
#9422=PLANE('',#10392);
#9423=PLANE('',#10393);
#9424=PLANE('',#10394);
#9425=PLANE('',#10395);
#9426=PLANE('',#10396);
#9427=PLANE('',#10397);
#9428=PLANE('',#10398);
#9429=PLANE('',#10399);
#9430=PLANE('',#10400);
#9431=PLANE('',#10401);
#9432=PLANE('',#10402);
#9433=PLANE('',#10403);
#9434=PLANE('',#10404);
#9435=PLANE('',#10405);
#9436=PLANE('',#10406);
#9437=PLANE('',#10407);
#9438=PLANE('',#10408);
#9439=PLANE('',#10409);
#9440=PLANE('',#10410);
#9441=PLANE('',#10411);
#9442=PLANE('',#10412);
#9443=PLANE('',#10413);
#9444=PLANE('',#10414);
#9445=PLANE('',#10415);
#9446=PLANE('',#10416);
#9447=PLANE('',#10417);
#9448=PLANE('',#10418);
#9449=PLANE('',#10419);
#9450=PLANE('',#10420);
#9451=PLANE('',#10421);
#9452=PLANE('',#10422);
#9453=PLANE('',#10423);
#9454=PLANE('',#10424);
#9455=PLANE('',#10425);
#9456=PLANE('',#10426);
#9457=PLANE('',#10427);
#9458=PLANE('',#10428);
#9459=PLANE('',#10429);
#9460=PLANE('',#10430);
#9461=PLANE('',#10431);
#9462=PLANE('',#10432);
#9463=PLANE('',#10433);
#9464=PLANE('',#10434);
#9465=PLANE('',#10435);
#9466=PLANE('',#10436);
#9467=PLANE('',#10437);
#9468=PLANE('',#10438);
#9469=PLANE('',#10439);
#9470=PLANE('',#10440);
#9471=PLANE('',#10441);
#9472=PLANE('',#10442);
#9473=PLANE('',#10443);
#9474=PLANE('',#10444);
#9475=PLANE('',#10445);
#9476=PLANE('',#10446);
#9477=PLANE('',#10447);
#9478=PLANE('',#10448);
#9479=PLANE('',#10449);
#9480=PLANE('',#10450);
#9481=PLANE('',#10451);
#9482=PLANE('',#10452);
#9483=PLANE('',#10453);
#9484=PLANE('',#10454);
#9485=PLANE('',#10455);
#9486=PLANE('',#10456);
#9487=PLANE('',#10457);
#9488=PLANE('',#10458);
#9489=PLANE('',#10459);
#9490=PLANE('',#10460);
#9491=PLANE('',#10461);
#9492=PLANE('',#10462);
#9493=PLANE('',#10463);
#9494=PLANE('',#10464);
#9495=PLANE('',#10465);
#9496=PLANE('',#10466);
#9497=PLANE('',#10467);
#9498=PLANE('',#10468);
#9499=PLANE('',#10469);
#9500=PLANE('',#10470);
#9501=PLANE('',#10471);
#9502=PLANE('',#10472);
#9503=PLANE('',#10473);
#9504=PLANE('',#10474);
#9505=PLANE('',#10475);
#9506=PLANE('',#10476);
#9507=PLANE('',#10477);
#9508=PLANE('',#10478);
#9509=PLANE('',#10479);
#9510=PLANE('',#10480);
#9511=PLANE('',#10481);
#9512=PLANE('',#10482);
#9513=PLANE('',#10483);
#9514=PLANE('',#10484);
#9515=PLANE('',#10485);
#9516=PLANE('',#10486);
#9517=PLANE('',#10487);
#9518=PLANE('',#10488);
#9519=PLANE('',#10489);
#9520=PLANE('',#10490);
#9521=PLANE('',#10499);
#9522=PLANE('',#10500);
#9523=PLANE('',#10501);
#9524=PLANE('',#10502);
#9525=PLANE('',#10503);
#9526=PLANE('',#10504);
#9527=PLANE('',#10505);
#9528=PLANE('',#10506);
#9529=PLANE('',#10507);
#9530=PLANE('',#10508);
#9531=PLANE('',#10509);
#9532=PLANE('',#10510);
#9533=PLANE('',#10511);
#9534=PLANE('',#10512);
#9535=PLANE('',#10513);
#9536=PLANE('',#10514);
#9537=PLANE('',#10515);
#9538=PLANE('',#10516);
#9539=PLANE('',#10517);
#9540=PLANE('',#10518);
#9541=PLANE('',#10519);
#9542=PLANE('',#10520);
#9543=PLANE('',#10521);
#9544=PLANE('',#10522);
#9545=PLANE('',#10523);
#9546=PLANE('',#10524);
#9547=PLANE('',#10525);
#9548=PLANE('',#10526);
#9549=PLANE('',#10527);
#9550=PLANE('',#10528);
#9551=PLANE('',#10529);
#9552=PLANE('',#10530);
#9553=PLANE('',#10531);
#9554=PLANE('',#10532);
#9555=PLANE('',#10533);
#9556=PLANE('',#10534);
#9557=PLANE('',#10536);
#9558=PLANE('',#10538);
#9559=PLANE('',#10542);
#9560=PLANE('',#10543);
#9561=PLANE('',#10552);
#9562=PLANE('',#10558);
#9563=PLANE('',#10563);
#9564=PLANE('',#10564);
#9565=PLANE('',#10570);
#9566=PLANE('',#10574);
#9567=PLANE('',#10576);
#9568=PLANE('',#10586);
#9569=PLANE('',#10588);
#9570=PLANE('',#10589);
#9571=PLANE('',#10590);
#9572=PLANE('',#10591);
#9573=PLANE('',#10592);
#9574=PLANE('',#10593);
#9575=PLANE('',#10594);
#9576=PLANE('',#10595);
#9577=PLANE('',#10596);
#9578=PLANE('',#10597);
#9579=PLANE('',#10598);
#9580=PLANE('',#10599);
#9581=PLANE('',#10600);
#9582=PLANE('',#10601);
#9583=PLANE('',#10602);
#9584=PLANE('',#10603);
#9585=PLANE('',#10604);
#9586=PLANE('',#10605);
#9587=PLANE('',#10606);
#9588=PLANE('',#10607);
#9589=PLANE('',#10608);
#9590=PLANE('',#10609);
#9591=PLANE('',#10610);
#9592=PLANE('',#10611);
#9593=PLANE('',#10612);
#9594=PLANE('',#10613);
#9595=PLANE('',#10614);
#9596=PLANE('',#10615);
#9597=PLANE('',#10616);
#9598=PLANE('',#10618);
#9599=PLANE('',#10619);
#9600=PLANE('',#10620);
#9601=PLANE('',#10622);
#9602=PLANE('',#10623);
#9603=PLANE('',#10624);
#9604=PLANE('',#10625);
#9605=PLANE('',#10630);
#9606=PLANE('',#10634);
#9607=PLANE('',#10638);
#9608=PLANE('',#10642);
#9609=PLANE('',#10644);
#9610=PLANE('',#10646);
#9611=PLANE('',#10647);
#9612=PLANE('',#10709);
#9613=PLANE('',#10710);
#9614=PLANE('',#10711);
#9615=PLANE('',#10712);
#9616=PLANE('',#10713);
#9617=PLANE('',#10714);
#9618=PLANE('',#10715);
#9619=PLANE('',#10716);
#9620=PLANE('',#10717);
#9621=PLANE('',#10718);
#9622=PLANE('',#10719);
#9623=PLANE('',#10720);
#9624=PLANE('',#10721);
#9625=PLANE('',#10722);
#9626=PLANE('',#10723);
#9627=PLANE('',#10724);
#9628=PLANE('',#10725);
#9629=PLANE('',#10726);
#9630=PLANE('',#10727);
#9631=PLANE('',#10728);
#9632=PLANE('',#10729);
#9633=PLANE('',#10730);
#9634=PLANE('',#10731);
#9635=PLANE('',#10732);
#9636=PLANE('',#10733);
#9637=PLANE('',#10734);
#9638=PLANE('',#10735);
#9639=PLANE('',#10736);
#9640=PLANE('',#10737);
#9641=PLANE('',#10738);
#9642=ADVANCED_FACE('',(#8568,#8569,#8570,#8571,#8572,#8573,#8574,#8575,
#8576,#8577,#8578,#8579,#8580,#8581,#8582,#8583,#8584,#8585,#8586,#8587,
#8588,#8589,#8590,#8591,#8592,#8593,#8594,#8595,#8596,#8597,#8598,#8599,
#8600,#8601,#8602,#8603,#8604,#8605,#8606,#8607,#8608,#8609,#8610,#8611,
#8612,#8613,#8614,#8615,#8616,#8617,#8618,#8619,#8620,#8621,#8622,#8623,
#8624),#9197,.T.);
#9643=ADVANCED_FACE('',(#8625),#9198,.F.);
#9644=ADVANCED_FACE('',(#8626),#9199,.F.);
#9645=ADVANCED_FACE('',(#8627),#9200,.F.);
#9646=ADVANCED_FACE('',(#8628),#9201,.F.);
#9647=ADVANCED_FACE('',(#8629),#9202,.F.);
#9648=ADVANCED_FACE('',(#8630),#9203,.F.);
#9649=ADVANCED_FACE('',(#8631),#9204,.F.);
#9650=ADVANCED_FACE('',(#8632),#9205,.F.);
#9651=ADVANCED_FACE('',(#8633),#9206,.F.);
#9652=ADVANCED_FACE('',(#8634),#9207,.F.);
#9653=ADVANCED_FACE('',(#8635),#9208,.F.);
#9654=ADVANCED_FACE('',(#8636),#9209,.F.);
#9655=ADVANCED_FACE('',(#8637),#9210,.F.);
#9656=ADVANCED_FACE('',(#8638),#9211,.F.);
#9657=ADVANCED_FACE('',(#8639),#9212,.F.);
#9658=ADVANCED_FACE('',(#8640),#9213,.F.);
#9659=ADVANCED_FACE('',(#8641),#9214,.F.);
#9660=ADVANCED_FACE('',(#8642),#9215,.F.);
#9661=ADVANCED_FACE('',(#8643),#9216,.F.);
#9662=ADVANCED_FACE('',(#8644),#9217,.F.);
#9663=ADVANCED_FACE('',(#8645),#9218,.F.);
#9664=ADVANCED_FACE('',(#8646),#9219,.F.);
#9665=ADVANCED_FACE('',(#8647),#9220,.F.);
#9666=ADVANCED_FACE('',(#8648),#9221,.F.);
#9667=ADVANCED_FACE('',(#8649),#9222,.F.);
#9668=ADVANCED_FACE('',(#8650),#9223,.F.);
#9669=ADVANCED_FACE('',(#8651),#9224,.F.);
#9670=ADVANCED_FACE('',(#8652),#9225,.F.);
#9671=ADVANCED_FACE('',(#8653),#9226,.F.);
#9672=ADVANCED_FACE('',(#8654),#9227,.F.);
#9673=ADVANCED_FACE('',(#8655),#9228,.F.);
#9674=ADVANCED_FACE('',(#8656),#9229,.F.);
#9675=ADVANCED_FACE('',(#8657),#9230,.F.);
#9676=ADVANCED_FACE('',(#8658),#9231,.F.);
#9677=ADVANCED_FACE('',(#8659),#9232,.F.);
#9678=ADVANCED_FACE('',(#8660),#9233,.F.);
#9679=ADVANCED_FACE('',(#8661),#9234,.F.);
#9680=ADVANCED_FACE('',(#8662),#9235,.F.);
#9681=ADVANCED_FACE('',(#8663),#9236,.F.);
#9682=ADVANCED_FACE('',(#8664),#9237,.F.);
#9683=ADVANCED_FACE('',(#8665),#9238,.F.);
#9684=ADVANCED_FACE('',(#8666),#9239,.F.);
#9685=ADVANCED_FACE('',(#8667),#9240,.F.);
#9686=ADVANCED_FACE('',(#8668),#9241,.F.);
#9687=ADVANCED_FACE('',(#8669),#9242,.F.);
#9688=ADVANCED_FACE('',(#8670),#9243,.F.);
#9689=ADVANCED_FACE('',(#8671),#9244,.F.);
#9690=ADVANCED_FACE('',(#8672),#9245,.F.);
#9691=ADVANCED_FACE('',(#8673),#9246,.F.);
#9692=ADVANCED_FACE('',(#8674),#9247,.F.);
#9693=ADVANCED_FACE('',(#8675),#9248,.F.);
#9694=ADVANCED_FACE('',(#8676),#9249,.F.);
#9695=ADVANCED_FACE('',(#8677),#9250,.F.);
#9696=ADVANCED_FACE('',(#8678),#9251,.F.);
#9697=ADVANCED_FACE('',(#8679),#9252,.F.);
#9698=ADVANCED_FACE('',(#8680),#9253,.F.);
#9699=ADVANCED_FACE('',(#8681),#9254,.F.);
#9700=ADVANCED_FACE('',(#8682),#9255,.F.);
#9701=ADVANCED_FACE('',(#8683),#9256,.F.);
#9702=ADVANCED_FACE('',(#8684),#9257,.F.);
#9703=ADVANCED_FACE('',(#8685),#9258,.F.);
#9704=ADVANCED_FACE('',(#8686),#9259,.F.);
#9705=ADVANCED_FACE('',(#8687),#9260,.F.);
#9706=ADVANCED_FACE('',(#8688),#9261,.F.);
#9707=ADVANCED_FACE('',(#8689),#9262,.F.);
#9708=ADVANCED_FACE('',(#8690),#9263,.F.);
#9709=ADVANCED_FACE('',(#8691),#9264,.F.);
#9710=ADVANCED_FACE('',(#8692),#9265,.F.);
#9711=ADVANCED_FACE('',(#8693),#9266,.F.);
#9712=ADVANCED_FACE('',(#8694),#9267,.F.);
#9713=ADVANCED_FACE('',(#8695),#9268,.F.);
#9714=ADVANCED_FACE('',(#8696),#9269,.F.);
#9715=ADVANCED_FACE('',(#8697),#9270,.F.);
#9716=ADVANCED_FACE('',(#8698),#9271,.F.);
#9717=ADVANCED_FACE('',(#8699),#9272,.F.);
#9718=ADVANCED_FACE('',(#8700),#9273,.F.);
#9719=ADVANCED_FACE('',(#8701),#9274,.F.);
#9720=ADVANCED_FACE('',(#8702),#9275,.F.);
#9721=ADVANCED_FACE('',(#8703),#9276,.F.);
#9722=ADVANCED_FACE('',(#8704),#9277,.F.);
#9723=ADVANCED_FACE('',(#8705),#9278,.F.);
#9724=ADVANCED_FACE('',(#8706),#9279,.F.);
#9725=ADVANCED_FACE('',(#8707),#9280,.F.);
#9726=ADVANCED_FACE('',(#8708),#9281,.F.);
#9727=ADVANCED_FACE('',(#8709),#9282,.F.);
#9728=ADVANCED_FACE('',(#8710),#9283,.F.);
#9729=ADVANCED_FACE('',(#8711),#9284,.F.);
#9730=ADVANCED_FACE('',(#8712),#9285,.F.);
#9731=ADVANCED_FACE('',(#8713),#9286,.F.);
#9732=ADVANCED_FACE('',(#8714),#9287,.F.);
#9733=ADVANCED_FACE('',(#8715),#9288,.F.);
#9734=ADVANCED_FACE('',(#8716),#9289,.F.);
#9735=ADVANCED_FACE('',(#8717),#9290,.F.);
#9736=ADVANCED_FACE('',(#8718),#9291,.F.);
#9737=ADVANCED_FACE('',(#8719),#9292,.F.);
#9738=ADVANCED_FACE('',(#8720),#9293,.F.);
#9739=ADVANCED_FACE('',(#8721),#9294,.F.);
#9740=ADVANCED_FACE('',(#8722),#9295,.F.);
#9741=ADVANCED_FACE('',(#8723),#9296,.F.);
#9742=ADVANCED_FACE('',(#8724),#9297,.F.);
#9743=ADVANCED_FACE('',(#8725),#9298,.F.);
#9744=ADVANCED_FACE('',(#8726),#9299,.F.);
#9745=ADVANCED_FACE('',(#8727),#9300,.F.);
#9746=ADVANCED_FACE('',(#8728),#9301,.F.);
#9747=ADVANCED_FACE('',(#8729),#9302,.F.);
#9748=ADVANCED_FACE('',(#8730),#9303,.F.);
#9749=ADVANCED_FACE('',(#8731),#9304,.F.);
#9750=ADVANCED_FACE('',(#8732),#9305,.F.);
#9751=ADVANCED_FACE('',(#8733),#9306,.F.);
#9752=ADVANCED_FACE('',(#8734),#9307,.F.);
#9753=ADVANCED_FACE('',(#8735),#9308,.F.);
#9754=ADVANCED_FACE('',(#8736),#9309,.F.);
#9755=ADVANCED_FACE('',(#8737),#9310,.F.);
#9756=ADVANCED_FACE('',(#8738),#9311,.F.);
#9757=ADVANCED_FACE('',(#8739),#9312,.F.);
#9758=ADVANCED_FACE('',(#8740),#9313,.F.);
#9759=ADVANCED_FACE('',(#8741),#9314,.F.);
#9760=ADVANCED_FACE('',(#8742),#9315,.F.);
#9761=ADVANCED_FACE('',(#8743),#9316,.F.);
#9762=ADVANCED_FACE('',(#8744),#9317,.F.);
#9763=ADVANCED_FACE('',(#8745),#9318,.F.);
#9764=ADVANCED_FACE('',(#8746),#9319,.F.);
#9765=ADVANCED_FACE('',(#8747),#9320,.F.);
#9766=ADVANCED_FACE('',(#8748),#9321,.F.);
#9767=ADVANCED_FACE('',(#8749),#9322,.F.);
#9768=ADVANCED_FACE('',(#8750),#9323,.F.);
#9769=ADVANCED_FACE('',(#8751),#9324,.F.);
#9770=ADVANCED_FACE('',(#8752),#9325,.F.);
#9771=ADVANCED_FACE('',(#8753),#9326,.F.);
#9772=ADVANCED_FACE('',(#8754),#9327,.F.);
#9773=ADVANCED_FACE('',(#8755),#9328,.F.);
#9774=ADVANCED_FACE('',(#8756),#9329,.F.);
#9775=ADVANCED_FACE('',(#8757),#9330,.F.);
#9776=ADVANCED_FACE('',(#8758),#9331,.F.);
#9777=ADVANCED_FACE('',(#8759),#9332,.F.);
#9778=ADVANCED_FACE('',(#8760),#9333,.F.);
#9779=ADVANCED_FACE('',(#8761),#9334,.F.);
#9780=ADVANCED_FACE('',(#8762),#9335,.F.);
#9781=ADVANCED_FACE('',(#8763),#9336,.F.);
#9782=ADVANCED_FACE('',(#8764),#9337,.F.);
#9783=ADVANCED_FACE('',(#8765),#9338,.F.);
#9784=ADVANCED_FACE('',(#8766),#9339,.F.);
#9785=ADVANCED_FACE('',(#8767),#9340,.F.);
#9786=ADVANCED_FACE('',(#8768),#9341,.F.);
#9787=ADVANCED_FACE('',(#8769),#9342,.F.);
#9788=ADVANCED_FACE('',(#8770),#9343,.F.);
#9789=ADVANCED_FACE('',(#8771),#9344,.F.);
#9790=ADVANCED_FACE('',(#8772),#9345,.F.);
#9791=ADVANCED_FACE('',(#8773),#9346,.F.);
#9792=ADVANCED_FACE('',(#8774),#9347,.F.);
#9793=ADVANCED_FACE('',(#8775),#9348,.F.);
#9794=ADVANCED_FACE('',(#8776),#9349,.F.);
#9795=ADVANCED_FACE('',(#8777),#9350,.F.);
#9796=ADVANCED_FACE('',(#8778),#9351,.F.);
#9797=ADVANCED_FACE('',(#8779),#9352,.F.);
#9798=ADVANCED_FACE('',(#8780),#9353,.F.);
#9799=ADVANCED_FACE('',(#8781),#9354,.F.);
#9800=ADVANCED_FACE('',(#8782),#9355,.F.);
#9801=ADVANCED_FACE('',(#8783),#9356,.F.);
#9802=ADVANCED_FACE('',(#8784),#9357,.F.);
#9803=ADVANCED_FACE('',(#8785),#9358,.F.);
#9804=ADVANCED_FACE('',(#8786),#9359,.F.);
#9805=ADVANCED_FACE('',(#8787),#9360,.F.);
#9806=ADVANCED_FACE('',(#8788),#9361,.F.);
#9807=ADVANCED_FACE('',(#8789),#9362,.F.);
#9808=ADVANCED_FACE('',(#8790),#9363,.F.);
#9809=ADVANCED_FACE('',(#8791),#9364,.F.);
#9810=ADVANCED_FACE('',(#8792),#9365,.F.);
#9811=ADVANCED_FACE('',(#8793),#9366,.F.);
#9812=ADVANCED_FACE('',(#8794),#9367,.F.);
#9813=ADVANCED_FACE('',(#8795),#9368,.F.);
#9814=ADVANCED_FACE('',(#8796),#9369,.F.);
#9815=ADVANCED_FACE('',(#8797),#9370,.F.);
#9816=ADVANCED_FACE('',(#8798),#9371,.F.);
#9817=ADVANCED_FACE('',(#8799),#9372,.F.);
#9818=ADVANCED_FACE('',(#8800),#9373,.F.);
#9819=ADVANCED_FACE('',(#8801),#9374,.F.);
#9820=ADVANCED_FACE('',(#8802),#9375,.F.);
#9821=ADVANCED_FACE('',(#8803),#9376,.F.);
#9822=ADVANCED_FACE('',(#8804),#9377,.F.);
#9823=ADVANCED_FACE('',(#8805),#9378,.F.);
#9824=ADVANCED_FACE('',(#8806),#9379,.F.);
#9825=ADVANCED_FACE('',(#8807),#9380,.F.);
#9826=ADVANCED_FACE('',(#8808),#9381,.F.);
#9827=ADVANCED_FACE('',(#8809),#9382,.F.);
#9828=ADVANCED_FACE('',(#8810),#9383,.F.);
#9829=ADVANCED_FACE('',(#8811),#9384,.F.);
#9830=ADVANCED_FACE('',(#8812),#9385,.F.);
#9831=ADVANCED_FACE('',(#8813),#9386,.F.);
#9832=ADVANCED_FACE('',(#8814),#9387,.F.);
#9833=ADVANCED_FACE('',(#8815),#9388,.F.);
#9834=ADVANCED_FACE('',(#8816),#9389,.F.);
#9835=ADVANCED_FACE('',(#8817),#9390,.F.);
#9836=ADVANCED_FACE('',(#8818),#9391,.F.);
#9837=ADVANCED_FACE('',(#8819),#9392,.F.);
#9838=ADVANCED_FACE('',(#8820),#9393,.F.);
#9839=ADVANCED_FACE('',(#8821),#9394,.F.);
#9840=ADVANCED_FACE('',(#8822),#9395,.F.);
#9841=ADVANCED_FACE('',(#8823),#9396,.F.);
#9842=ADVANCED_FACE('',(#8824),#9397,.F.);
#9843=ADVANCED_FACE('',(#8825),#9398,.F.);
#9844=ADVANCED_FACE('',(#8826),#9399,.F.);
#9845=ADVANCED_FACE('',(#8827),#9400,.F.);
#9846=ADVANCED_FACE('',(#8828),#9401,.F.);
#9847=ADVANCED_FACE('',(#8829),#9402,.F.);
#9848=ADVANCED_FACE('',(#8830),#9403,.F.);
#9849=ADVANCED_FACE('',(#8831),#9404,.F.);
#9850=ADVANCED_FACE('',(#8832),#9405,.F.);
#9851=ADVANCED_FACE('',(#8833),#9406,.F.);
#9852=ADVANCED_FACE('',(#8834),#9407,.F.);
#9853=ADVANCED_FACE('',(#8835),#9408,.F.);
#9854=ADVANCED_FACE('',(#8836),#9409,.F.);
#9855=ADVANCED_FACE('',(#8837),#9410,.F.);
#9856=ADVANCED_FACE('',(#8838),#9411,.F.);
#9857=ADVANCED_FACE('',(#8839),#9412,.F.);
#9858=ADVANCED_FACE('',(#8840),#9413,.F.);
#9859=ADVANCED_FACE('',(#8841),#9414,.F.);
#9860=ADVANCED_FACE('',(#8842),#9415,.F.);
#9861=ADVANCED_FACE('',(#8843),#9416,.F.);
#9862=ADVANCED_FACE('',(#8844),#9417,.F.);
#9863=ADVANCED_FACE('',(#8845),#9418,.F.);
#9864=ADVANCED_FACE('',(#8846),#9419,.F.);
#9865=ADVANCED_FACE('',(#8847),#9420,.F.);
#9866=ADVANCED_FACE('',(#8848),#9421,.F.);
#9867=ADVANCED_FACE('',(#8849),#9422,.F.);
#9868=ADVANCED_FACE('',(#8850),#9423,.F.);
#9869=ADVANCED_FACE('',(#8851),#9424,.F.);
#9870=ADVANCED_FACE('',(#8852),#9425,.F.);
#9871=ADVANCED_FACE('',(#8853),#9426,.F.);
#9872=ADVANCED_FACE('',(#8854),#9427,.F.);
#9873=ADVANCED_FACE('',(#8855),#9428,.F.);
#9874=ADVANCED_FACE('',(#8856),#9429,.F.);
#9875=ADVANCED_FACE('',(#8857),#9430,.F.);
#9876=ADVANCED_FACE('',(#8858),#9431,.F.);
#9877=ADVANCED_FACE('',(#8859),#9432,.F.);
#9878=ADVANCED_FACE('',(#8860),#9433,.F.);
#9879=ADVANCED_FACE('',(#8861),#9434,.F.);
#9880=ADVANCED_FACE('',(#8862),#9435,.F.);
#9881=ADVANCED_FACE('',(#8863),#9436,.F.);
#9882=ADVANCED_FACE('',(#8864),#9437,.F.);
#9883=ADVANCED_FACE('',(#8865),#9438,.F.);
#9884=ADVANCED_FACE('',(#8866),#9439,.F.);
#9885=ADVANCED_FACE('',(#8867),#9440,.F.);
#9886=ADVANCED_FACE('',(#8868),#9441,.F.);
#9887=ADVANCED_FACE('',(#8869),#9442,.F.);
#9888=ADVANCED_FACE('',(#8870),#9443,.F.);
#9889=ADVANCED_FACE('',(#8871),#9444,.F.);
#9890=ADVANCED_FACE('',(#8872),#9445,.F.);
#9891=ADVANCED_FACE('',(#8873),#9446,.F.);
#9892=ADVANCED_FACE('',(#8874),#9447,.F.);
#9893=ADVANCED_FACE('',(#8875),#9448,.F.);
#9894=ADVANCED_FACE('',(#8876),#9449,.F.);
#9895=ADVANCED_FACE('',(#8877),#9450,.F.);
#9896=ADVANCED_FACE('',(#8878),#9451,.F.);
#9897=ADVANCED_FACE('',(#8879),#9452,.F.);
#9898=ADVANCED_FACE('',(#8880),#9453,.F.);
#9899=ADVANCED_FACE('',(#8881),#9454,.F.);
#9900=ADVANCED_FACE('',(#8882),#9455,.F.);
#9901=ADVANCED_FACE('',(#8883),#9456,.F.);
#9902=ADVANCED_FACE('',(#8884),#9457,.F.);
#9903=ADVANCED_FACE('',(#8885),#9458,.F.);
#9904=ADVANCED_FACE('',(#8886),#9459,.F.);
#9905=ADVANCED_FACE('',(#8887),#9460,.F.);
#9906=ADVANCED_FACE('',(#8888),#9461,.F.);
#9907=ADVANCED_FACE('',(#8889),#9462,.F.);
#9908=ADVANCED_FACE('',(#8890),#9463,.F.);
#9909=ADVANCED_FACE('',(#8891),#9464,.F.);
#9910=ADVANCED_FACE('',(#8892),#9465,.F.);
#9911=ADVANCED_FACE('',(#8893),#9466,.F.);
#9912=ADVANCED_FACE('',(#8894),#9467,.F.);
#9913=ADVANCED_FACE('',(#8895),#9468,.F.);
#9914=ADVANCED_FACE('',(#8896),#9469,.F.);
#9915=ADVANCED_FACE('',(#8897),#9470,.F.);
#9916=ADVANCED_FACE('',(#8898),#9471,.F.);
#9917=ADVANCED_FACE('',(#8899),#9472,.F.);
#9918=ADVANCED_FACE('',(#8900),#9473,.F.);
#9919=ADVANCED_FACE('',(#8901),#9474,.F.);
#9920=ADVANCED_FACE('',(#8902),#9475,.F.);
#9921=ADVANCED_FACE('',(#8903),#9476,.F.);
#9922=ADVANCED_FACE('',(#8904),#9477,.F.);
#9923=ADVANCED_FACE('',(#8905),#9478,.F.);
#9924=ADVANCED_FACE('',(#8906),#9479,.F.);
#9925=ADVANCED_FACE('',(#8907),#9480,.F.);
#9926=ADVANCED_FACE('',(#8908),#9481,.F.);
#9927=ADVANCED_FACE('',(#8909),#9482,.F.);
#9928=ADVANCED_FACE('',(#8910),#9483,.F.);
#9929=ADVANCED_FACE('',(#8911),#9484,.F.);
#9930=ADVANCED_FACE('',(#8912),#9485,.F.);
#9931=ADVANCED_FACE('',(#8913),#9486,.F.);
#9932=ADVANCED_FACE('',(#8914),#9487,.F.);
#9933=ADVANCED_FACE('',(#8915),#9488,.F.);
#9934=ADVANCED_FACE('',(#8916),#9489,.F.);
#9935=ADVANCED_FACE('',(#8917),#9490,.F.);
#9936=ADVANCED_FACE('',(#8918),#9491,.F.);
#9937=ADVANCED_FACE('',(#8919),#9492,.F.);
#9938=ADVANCED_FACE('',(#8920),#9493,.F.);
#9939=ADVANCED_FACE('',(#8921),#9494,.F.);
#9940=ADVANCED_FACE('',(#8922),#9495,.F.);
#9941=ADVANCED_FACE('',(#8923),#9496,.F.);
#9942=ADVANCED_FACE('',(#8924),#9497,.F.);
#9943=ADVANCED_FACE('',(#8925),#9498,.F.);
#9944=ADVANCED_FACE('',(#8926),#9499,.F.);
#9945=ADVANCED_FACE('',(#8927),#9500,.F.);
#9946=ADVANCED_FACE('',(#8928),#9501,.F.);
#9947=ADVANCED_FACE('',(#8929),#9502,.F.);
#9948=ADVANCED_FACE('',(#8930),#9503,.F.);
#9949=ADVANCED_FACE('',(#8931),#9504,.F.);
#9950=ADVANCED_FACE('',(#8932),#9505,.F.);
#9951=ADVANCED_FACE('',(#8933),#9506,.F.);
#9952=ADVANCED_FACE('',(#8934),#9507,.F.);
#9953=ADVANCED_FACE('',(#8935),#9508,.F.);
#9954=ADVANCED_FACE('',(#8936),#9509,.F.);
#9955=ADVANCED_FACE('',(#8937),#9510,.F.);
#9956=ADVANCED_FACE('',(#8938),#9511,.F.);
#9957=ADVANCED_FACE('',(#8939),#9512,.F.);
#9958=ADVANCED_FACE('',(#8940),#9513,.F.);
#9959=ADVANCED_FACE('',(#8941),#9514,.F.);
#9960=ADVANCED_FACE('',(#8942),#9515,.F.);
#9961=ADVANCED_FACE('',(#8943),#9516,.T.);
#9962=ADVANCED_FACE('',(#8944),#9517,.T.);
#9963=ADVANCED_FACE('',(#8945),#9518,.F.);
#9964=ADVANCED_FACE('',(#8946),#9519,.F.);
#9965=ADVANCED_FACE('',(#8947,#8948,#8949,#8950,#8951,#8952,#8953,#8954,
#8955,#8956,#8957,#8958,#8959,#8960,#8961,#8962,#8963,#8964,#8965,#8966,
#8967,#8968,#8969,#8970,#8971,#8972,#8973,#8974,#8975,#8976,#8977,#8978,
#8979,#8980,#8981,#8982,#8983,#8984,#8985,#8986,#8987,#8988,#8989,#8990,
#8991,#8992,#8993,#8994,#8995,#8996,#8997,#8998,#8999,#9000,#9001),#9520,
 .F.);
#9966=ADVANCED_FACE('',(#9002),#39,.T.);
#9967=ADVANCED_FACE('',(#9003),#40,.T.);
#9968=ADVANCED_FACE('',(#9004),#41,.T.);
#9969=ADVANCED_FACE('',(#9005),#42,.T.);
#9970=ADVANCED_FACE('',(#9006),#9521,.F.);
#9971=ADVANCED_FACE('',(#9007),#9522,.F.);
#9972=ADVANCED_FACE('',(#9008),#9523,.F.);
#9973=ADVANCED_FACE('',(#9009),#9524,.F.);
#9974=ADVANCED_FACE('',(#9010),#9525,.F.);
#9975=ADVANCED_FACE('',(#9011),#9526,.F.);
#9976=ADVANCED_FACE('',(#9012),#9527,.F.);
#9977=ADVANCED_FACE('',(#9013),#9528,.F.);
#9978=ADVANCED_FACE('',(#9014),#9529,.T.);
#9979=ADVANCED_FACE('',(#9015),#9530,.T.);
#9980=ADVANCED_FACE('',(#9016),#9531,.F.);
#9981=ADVANCED_FACE('',(#9017),#9532,.F.);
#9982=ADVANCED_FACE('',(#9018),#9533,.F.);
#9983=ADVANCED_FACE('',(#9019),#9534,.T.);
#9984=ADVANCED_FACE('',(#9020),#9535,.F.);
#9985=ADVANCED_FACE('',(#9021),#9536,.F.);
#9986=ADVANCED_FACE('',(#9022),#9537,.T.);
#9987=ADVANCED_FACE('',(#9023),#9538,.T.);
#9988=ADVANCED_FACE('',(#9024),#9539,.F.);
#9989=ADVANCED_FACE('',(#9025),#9540,.F.);
#9990=ADVANCED_FACE('',(#9026),#9541,.F.);
#9991=ADVANCED_FACE('',(#9027),#9542,.T.);
#9992=ADVANCED_FACE('',(#9028),#9543,.F.);
#9993=ADVANCED_FACE('',(#9029),#9544,.F.);
#9994=ADVANCED_FACE('',(#9030),#9545,.T.);
#9995=ADVANCED_FACE('',(#9031),#9546,.T.);
#9996=ADVANCED_FACE('',(#9032),#9547,.F.);
#9997=ADVANCED_FACE('',(#9033),#9548,.F.);
#9998=ADVANCED_FACE('',(#9034),#9549,.F.);
#9999=ADVANCED_FACE('',(#9035),#9550,.F.);
#10000=ADVANCED_FACE('',(#9036),#9551,.F.);
#10001=ADVANCED_FACE('',(#9037),#9552,.T.);
#10002=ADVANCED_FACE('',(#9038),#9553,.T.);
#10003=ADVANCED_FACE('',(#9039),#9554,.F.);
#10004=ADVANCED_FACE('',(#9040),#9555,.F.);
#10005=ADVANCED_FACE('',(#9041),#9556,.F.);
#10006=ADVANCED_FACE('',(#9042,#9043,#9044),#9557,.F.);
#10007=ADVANCED_FACE('',(#9045,#9046,#9047,#9048),#9558,.T.);
#10008=ADVANCED_FACE('',(#9049,#9050,#9051),#9559,.F.);
#10009=ADVANCED_FACE('',(#9052),#9560,.T.);
#10010=ADVANCED_FACE('',(#9053,#9054,#9055,#9056),#9561,.T.);
#10011=ADVANCED_FACE('',(#9057,#9058,#9059,#9060,#9061),#9562,.T.);
#10012=ADVANCED_FACE('',(#9062),#9563,.F.);
#10013=ADVANCED_FACE('',(#9063,#9064,#9065),#9564,.T.);
#10014=ADVANCED_FACE('',(#9066,#9067),#9565,.T.);
#10015=ADVANCED_FACE('',(#9068,#9069),#9566,.F.);
#10016=ADVANCED_FACE('',(#9070),#9567,.F.);
#10017=ADVANCED_FACE('',(#9071,#9072),#43,.F.);
#10018=ADVANCED_FACE('',(#9073,#9074),#44,.T.);
#10019=ADVANCED_FACE('',(#9075,#9076),#9568,.T.);
#10020=ADVANCED_FACE('',(#9077),#9569,.T.);
#10021=ADVANCED_FACE('',(#9078),#9570,.T.);
#10022=ADVANCED_FACE('',(#9079),#9571,.F.);
#10023=ADVANCED_FACE('',(#9080),#9572,.F.);
#10024=ADVANCED_FACE('',(#9081),#9573,.T.);
#10025=ADVANCED_FACE('',(#9082),#9574,.T.);
#10026=ADVANCED_FACE('',(#9083),#9575,.T.);
#10027=ADVANCED_FACE('',(#9084),#9576,.F.);
#10028=ADVANCED_FACE('',(#9085),#9577,.F.);
#10029=ADVANCED_FACE('',(#9086),#9578,.T.);
#10030=ADVANCED_FACE('',(#9087),#9579,.T.);
#10031=ADVANCED_FACE('',(#9088),#9580,.T.);
#10032=ADVANCED_FACE('',(#9089),#9581,.F.);
#10033=ADVANCED_FACE('',(#9090),#9582,.F.);
#10034=ADVANCED_FACE('',(#9091),#9583,.T.);
#10035=ADVANCED_FACE('',(#9092),#9584,.T.);
#10036=ADVANCED_FACE('',(#9093),#9585,.T.);
#10037=ADVANCED_FACE('',(#9094),#9586,.F.);
#10038=ADVANCED_FACE('',(#9095),#9587,.F.);
#10039=ADVANCED_FACE('',(#9096),#9588,.T.);
#10040=ADVANCED_FACE('',(#9097),#9589,.T.);
#10041=ADVANCED_FACE('',(#9098),#9590,.T.);
#10042=ADVANCED_FACE('',(#9099),#9591,.T.);
#10043=ADVANCED_FACE('',(#9100),#9592,.F.);
#10044=ADVANCED_FACE('',(#9101),#9593,.T.);
#10045=ADVANCED_FACE('',(#9102),#9594,.T.);
#10046=ADVANCED_FACE('',(#9103),#9595,.T.);
#10047=ADVANCED_FACE('',(#9104),#9596,.F.);
#10048=ADVANCED_FACE('',(#9105),#9597,.T.);
#10049=ADVANCED_FACE('',(#9106),#9598,.F.);
#10050=ADVANCED_FACE('',(#9107),#9599,.T.);
#10051=ADVANCED_FACE('',(#9108),#9600,.T.);
#10052=ADVANCED_FACE('',(#9109,#9110),#45,.F.);
#10053=ADVANCED_FACE('',(#9111),#9601,.F.);
#10054=ADVANCED_FACE('',(#9112),#9602,.F.);
#10055=ADVANCED_FACE('',(#9113),#9603,.T.);
#10056=ADVANCED_FACE('',(#9114),#9604,.T.);
#10057=ADVANCED_FACE('',(#9115,#9116),#46,.F.);
#10058=ADVANCED_FACE('',(#9117,#9118),#47,.F.);
#10059=ADVANCED_FACE('',(#9119),#22,.T.);
#10060=ADVANCED_FACE('',(#9120),#9605,.F.);
#10061=ADVANCED_FACE('',(#9121),#23,.T.);
#10062=ADVANCED_FACE('',(#9122),#9606,.T.);
#10063=ADVANCED_FACE('',(#9123),#24,.T.);
#10064=ADVANCED_FACE('',(#9124),#9607,.F.);
#10065=ADVANCED_FACE('',(#9125),#25,.T.);
#10066=ADVANCED_FACE('',(#9126),#9608,.T.);
#10067=ADVANCED_FACE('',(#9127),#9609,.F.);
#10068=ADVANCED_FACE('',(#9128),#9610,.F.);
#10069=ADVANCED_FACE('',(#9129),#9611,.T.);
#10070=ADVANCED_FACE('',(#9130),#48,.F.);
#10071=ADVANCED_FACE('',(#9131),#49,.F.);
#10072=ADVANCED_FACE('',(#9132),#50,.F.);
#10073=ADVANCED_FACE('',(#9133),#51,.F.);
#10074=ADVANCED_FACE('',(#9134),#52,.F.);
#10075=ADVANCED_FACE('',(#9135),#53,.F.);
#10076=ADVANCED_FACE('',(#9136),#54,.F.);
#10077=ADVANCED_FACE('',(#9137),#55,.F.);
#10078=ADVANCED_FACE('',(#9138),#56,.T.);
#10079=ADVANCED_FACE('',(#9139),#57,.T.);
#10080=ADVANCED_FACE('',(#9140),#58,.T.);
#10081=ADVANCED_FACE('',(#9141),#59,.T.);
#10082=ADVANCED_FACE('',(#9142),#60,.F.);
#10083=ADVANCED_FACE('',(#9143),#61,.F.);
#10084=ADVANCED_FACE('',(#9144),#62,.F.);
#10085=ADVANCED_FACE('',(#9145),#63,.F.);
#10086=ADVANCED_FACE('',(#9146),#64,.F.);
#10087=ADVANCED_FACE('',(#9147),#65,.F.);
#10088=ADVANCED_FACE('',(#9148),#66,.T.);
#10089=ADVANCED_FACE('',(#9149),#10,.T.);
#10090=ADVANCED_FACE('',(#9150),#67,.T.);
#10091=ADVANCED_FACE('',(#9151),#11,.T.);
#10092=ADVANCED_FACE('',(#9152),#68,.T.);
#10093=ADVANCED_FACE('',(#9153),#12,.T.);
#10094=ADVANCED_FACE('',(#9154),#69,.T.);
#10095=ADVANCED_FACE('',(#9155),#13,.T.);
#10096=ADVANCED_FACE('',(#9156),#70,.T.);
#10097=ADVANCED_FACE('',(#9157),#71,.T.);
#10098=ADVANCED_FACE('',(#9158),#14,.T.);
#10099=ADVANCED_FACE('',(#9159),#15,.T.);
#10100=ADVANCED_FACE('',(#9160),#72,.T.);
#10101=ADVANCED_FACE('',(#9161),#73,.T.);
#10102=ADVANCED_FACE('',(#9162),#16,.T.);
#10103=ADVANCED_FACE('',(#9163),#17,.T.);
#10104=ADVANCED_FACE('',(#9164),#74,.T.);
#10105=ADVANCED_FACE('',(#9165,#9166),#26,.F.);
#10106=ADVANCED_FACE('',(#9167),#9612,.T.);
#10107=ADVANCED_FACE('',(#9168),#9613,.F.);
#10108=ADVANCED_FACE('',(#9169),#9614,.F.);
#10109=ADVANCED_FACE('',(#9170),#9615,.T.);
#10110=ADVANCED_FACE('',(#9171),#9616,.T.);
#10111=ADVANCED_FACE('',(#9172),#9617,.T.);
#10112=ADVANCED_FACE('',(#9173),#9618,.F.);
#10113=ADVANCED_FACE('',(#9174),#9619,.F.);
#10114=ADVANCED_FACE('',(#9175),#9620,.T.);
#10115=ADVANCED_FACE('',(#9176),#9621,.T.);
#10116=ADVANCED_FACE('',(#9177),#9622,.T.);
#10117=ADVANCED_FACE('',(#9178),#9623,.F.);
#10118=ADVANCED_FACE('',(#9179),#9624,.F.);
#10119=ADVANCED_FACE('',(#9180),#9625,.T.);
#10120=ADVANCED_FACE('',(#9181),#9626,.T.);
#10121=ADVANCED_FACE('',(#9182),#9627,.T.);
#10122=ADVANCED_FACE('',(#9183),#9628,.F.);
#10123=ADVANCED_FACE('',(#9184),#9629,.F.);
#10124=ADVANCED_FACE('',(#9185),#9630,.T.);
#10125=ADVANCED_FACE('',(#9186),#9631,.T.);
#10126=ADVANCED_FACE('',(#9187),#9632,.T.);
#10127=ADVANCED_FACE('',(#9188),#9633,.T.);
#10128=ADVANCED_FACE('',(#9189),#9634,.T.);
#10129=ADVANCED_FACE('',(#9190),#9635,.F.);
#10130=ADVANCED_FACE('',(#9191),#9636,.F.);
#10131=ADVANCED_FACE('',(#9192),#9637,.T.);
#10132=ADVANCED_FACE('',(#9193),#9638,.T.);
#10133=ADVANCED_FACE('',(#9194),#9639,.T.);
#10134=ADVANCED_FACE('',(#9195),#9640,.F.);
#10135=ADVANCED_FACE('',(#9196),#9641,.F.);
#10136=CLOSED_SHELL('',(#9642,#9643,#9644,#9645,#9646,#9647,#9648,#9649,
#9650,#9651,#9652,#9653,#9654,#9655,#9656,#9657,#9658,#9659,#9660,#9661,
#9662,#9663,#9664,#9665,#9666,#9667,#9668,#9669,#9670,#9671,#9672,#9673,
#9674,#9675,#9676,#9677,#9678,#9679,#9680,#9681,#9682,#9683,#9684,#9685,
#9686,#9687,#9688,#9689,#9690,#9691,#9692,#9693,#9694,#9695,#9696,#9697,
#9698,#9699,#9700,#9701,#9702,#9703,#9704,#9705,#9706,#9707,#9708,#9709,
#9710,#9711,#9712,#9713,#9714,#9715,#9716,#9717,#9718,#9719,#9720,#9721,
#9722,#9723,#9724,#9725,#9726,#9727,#9728,#9729,#9730,#9731,#9732,#9733,
#9734,#9735,#9736,#9737,#9738,#9739,#9740,#9741,#9742,#9743,#9744,#9745,
#9746,#9747,#9748,#9749,#9750,#9751,#9752,#9753,#9754,#9755,#9756,#9757,
#9758,#9759,#9760,#9761,#9762,#9763,#9764,#9765,#9766,#9767,#9768,#9769,
#9770,#9771,#9772,#9773,#9774,#9775,#9776,#9777,#9778,#9779,#9780,#9781,
#9782,#9783,#9784,#9785,#9786,#9787,#9788,#9789,#9790,#9791,#9792,#9793,
#9794,#9795,#9796,#9797,#9798,#9799,#9800,#9801,#9802,#9803,#9804,#9805,
#9806,#9807,#9808,#9809,#9810,#9811,#9812,#9813,#9814,#9815,#9816,#9817,
#9818,#9819,#9820,#9821,#9822,#9823,#9824,#9825,#9826,#9827,#9828,#9829,
#9830,#9831,#9832,#9833,#9834,#9835,#9836,#9837,#9838,#9839,#9840,#9841,
#9842,#9843,#9844,#9845,#9846,#9847,#9848,#9849,#9850,#9851,#9852,#9853,
#9854,#9855,#9856,#9857,#9858,#9859,#9860,#9861,#9862,#9863,#9864,#9865,
#9866,#9867,#9868,#9869,#9870,#9871,#9872,#9873,#9874,#9875,#9876,#9877,
#9878,#9879,#9880,#9881,#9882,#9883,#9884,#9885,#9886,#9887,#9888,#9889,
#9890,#9891,#9892,#9893,#9894,#9895,#9896,#9897,#9898,#9899,#9900,#9901,
#9902,#9903,#9904,#9905,#9906,#9907,#9908,#9909,#9910,#9911,#9912,#9913,
#9914,#9915,#9916,#9917,#9918,#9919,#9920,#9921,#9922,#9923,#9924,#9925,
#9926,#9927,#9928,#9929,#9930,#9931,#9932,#9933,#9934,#9935,#9936,#9937,
#9938,#9939,#9940,#9941,#9942,#9943,#9944,#9945,#9946,#9947,#9948,#9949,
#9950,#9951,#9952,#9953,#9954,#9955,#9956,#9957,#9958,#9959,#9960,#9961,
#9962,#9963,#9964,#9965,#9966,#9967,#9968,#9969,#9970,#9971,#9972,#9973,
#9974,#9975,#9976,#9977,#9978,#9979,#9980,#9981,#9982,#9983,#9984,#9985,
#9986,#9987,#9988,#9989,#9990,#9991,#9992,#9993,#9994,#9995,#9996,#9997,
#9998,#9999,#10000,#10001,#10002,#10003,#10004,#10005));
#10137=CLOSED_SHELL('',(#10006,#10007,#10008,#10009,#10010,#10011,#10012,
#10013,#10014,#10015,#10016,#10017,#10018,#10019,#10020,#10021,#10022,#10023,
#10024,#10025,#10026,#10027,#10028,#10029,#10030,#10031,#10032,#10033,#10034,
#10035,#10036,#10037,#10038,#10039,#10040,#10041,#10042,#10043,#10044,#10045,
#10046,#10047,#10048,#10049,#10050,#10051,#10052,#10053,#10054,#10055,#10056,
#10057,#10058,#10059,#10060,#10061,#10062,#10063,#10064,#10065,#10066,#10067,
#10068,#10069,#10070,#10071,#10072,#10073,#10074,#10075,#10076,#10077,#10078,
#10079,#10080,#10081,#10082,#10083,#10084,#10085,#10086,#10087,#10088,#10089,
#10090,#10091,#10092,#10093,#10094,#10095,#10096,#10097,#10098,#10099,#10100,
#10101,#10102,#10103,#10104,#10105,#10106,#10107,#10108,#10109,#10110,#10111,
#10112,#10113,#10114,#10115,#10116,#10117,#10118,#10119,#10120,#10121,#10122,
#10123,#10124,#10125,#10126,#10127,#10128,#10129,#10130,#10131,#10132,#10133,
#10134,#10135));
#10138=STYLED_ITEM('',(#10140),#10154);
#10139=STYLED_ITEM('',(#10141),#10155);
#10140=PRESENTATION_STYLE_ASSIGNMENT((#10142));
#10141=PRESENTATION_STYLE_ASSIGNMENT((#10143));
#10142=SURFACE_STYLE_USAGE(.BOTH.,#10144);
#10143=SURFACE_STYLE_USAGE(.BOTH.,#10145);
#10144=SURFACE_SIDE_STYLE('',(#10146));
#10145=SURFACE_SIDE_STYLE('',(#10147));
#10146=SURFACE_STYLE_FILL_AREA(#10148);
#10147=SURFACE_STYLE_FILL_AREA(#10149);
#10148=FILL_AREA_STYLE('',(#10150));
#10149=FILL_AREA_STYLE('',(#10151));
#10150=FILL_AREA_STYLE_COLOUR('',#10152);
#10151=FILL_AREA_STYLE_COLOUR('',#10153);
#10152=COLOUR_RGB('',0.647058823529412,0.647058823529412,0.647058823529412);
#10153=COLOUR_RGB('',0.615686274509804,0.811764705882353,0.929411764705882);
#10154=MANIFOLD_SOLID_BREP('Part 2',#10136);
#10155=MANIFOLD_SOLID_BREP('Part 1',#10137);
#10156=SHAPE_DEFINITION_REPRESENTATION(#16107,#10159);
#10157=SHAPE_DEFINITION_REPRESENTATION(#16108,#10160);
#10158=SHAPE_DEFINITION_REPRESENTATION(#16110,#10161);
#10159=SHAPE_REPRESENTATION('Assembly 1',(#10162,#10535,#10739),#16098);
#10160=SHAPE_REPRESENTATION('Part 2',(#10162),#16099);
#10161=SHAPE_REPRESENTATION('Part 1',(#10162),#16100);
#10162=AXIS2_PLACEMENT_3D('',#13215,#10740,#10741);
#10163=AXIS2_PLACEMENT_3D('',#13216,#10742,#10743);
#10164=AXIS2_PLACEMENT_3D('',#13900,#11085,#11086);
#10165=AXIS2_PLACEMENT_3D('',#13904,#11088,#11089);
#10166=AXIS2_PLACEMENT_3D('',#13908,#11091,#11092);
#10167=AXIS2_PLACEMENT_3D('',#13912,#11094,#11095);
#10168=AXIS2_PLACEMENT_3D('',#13913,#11096,#11097);
#10169=AXIS2_PLACEMENT_3D('',#13919,#11101,#11102);
#10170=AXIS2_PLACEMENT_3D('',#13923,#11105,#11106);
#10171=AXIS2_PLACEMENT_3D('',#13927,#11109,#11110);
#10172=AXIS2_PLACEMENT_3D('',#13931,#11113,#11114);
#10173=AXIS2_PLACEMENT_3D('',#13935,#11117,#11118);
#10174=AXIS2_PLACEMENT_3D('',#13937,#11120,#11121);
#10175=AXIS2_PLACEMENT_3D('',#13943,#11125,#11126);
#10176=AXIS2_PLACEMENT_3D('',#13947,#11129,#11130);
#10177=AXIS2_PLACEMENT_3D('',#13951,#11133,#11134);
#10178=AXIS2_PLACEMENT_3D('',#13955,#11137,#11138);
#10179=AXIS2_PLACEMENT_3D('',#13959,#11141,#11142);
#10180=AXIS2_PLACEMENT_3D('',#13961,#11144,#11145);
#10181=AXIS2_PLACEMENT_3D('',#13967,#11149,#11150);
#10182=AXIS2_PLACEMENT_3D('',#13971,#11153,#11154);
#10183=AXIS2_PLACEMENT_3D('',#13975,#11157,#11158);
#10184=AXIS2_PLACEMENT_3D('',#13979,#11161,#11162);
#10185=AXIS2_PLACEMENT_3D('',#13983,#11165,#11166);
#10186=AXIS2_PLACEMENT_3D('',#13985,#11168,#11169);
#10187=AXIS2_PLACEMENT_3D('',#13991,#11173,#11174);
#10188=AXIS2_PLACEMENT_3D('',#13995,#11177,#11178);
#10189=AXIS2_PLACEMENT_3D('',#13999,#11181,#11182);
#10190=AXIS2_PLACEMENT_3D('',#14003,#11185,#11186);
#10191=AXIS2_PLACEMENT_3D('',#14007,#11189,#11190);
#10192=AXIS2_PLACEMENT_3D('',#14009,#11192,#11193);
#10193=AXIS2_PLACEMENT_3D('',#14015,#11197,#11198);
#10194=AXIS2_PLACEMENT_3D('',#14019,#11201,#11202);
#10195=AXIS2_PLACEMENT_3D('',#14023,#11205,#11206);
#10196=AXIS2_PLACEMENT_3D('',#14027,#11209,#11210);
#10197=AXIS2_PLACEMENT_3D('',#14031,#11213,#11214);
#10198=AXIS2_PLACEMENT_3D('',#14033,#11216,#11217);
#10199=AXIS2_PLACEMENT_3D('',#14039,#11221,#11222);
#10200=AXIS2_PLACEMENT_3D('',#14043,#11225,#11226);
#10201=AXIS2_PLACEMENT_3D('',#14047,#11229,#11230);
#10202=AXIS2_PLACEMENT_3D('',#14051,#11233,#11234);
#10203=AXIS2_PLACEMENT_3D('',#14055,#11237,#11238);
#10204=AXIS2_PLACEMENT_3D('',#14057,#11240,#11241);
#10205=AXIS2_PLACEMENT_3D('',#14063,#11245,#11246);
#10206=AXIS2_PLACEMENT_3D('',#14067,#11249,#11250);
#10207=AXIS2_PLACEMENT_3D('',#14071,#11253,#11254);
#10208=AXIS2_PLACEMENT_3D('',#14075,#11257,#11258);
#10209=AXIS2_PLACEMENT_3D('',#14079,#11261,#11262);
#10210=AXIS2_PLACEMENT_3D('',#14081,#11264,#11265);
#10211=AXIS2_PLACEMENT_3D('',#14087,#11269,#11270);
#10212=AXIS2_PLACEMENT_3D('',#14091,#11273,#11274);
#10213=AXIS2_PLACEMENT_3D('',#14095,#11277,#11278);
#10214=AXIS2_PLACEMENT_3D('',#14099,#11281,#11282);
#10215=AXIS2_PLACEMENT_3D('',#14103,#11285,#11286);
#10216=AXIS2_PLACEMENT_3D('',#14105,#11288,#11289);
#10217=AXIS2_PLACEMENT_3D('',#14111,#11293,#11294);
#10218=AXIS2_PLACEMENT_3D('',#14115,#11297,#11298);
#10219=AXIS2_PLACEMENT_3D('',#14119,#11301,#11302);
#10220=AXIS2_PLACEMENT_3D('',#14123,#11305,#11306);
#10221=AXIS2_PLACEMENT_3D('',#14127,#11309,#11310);
#10222=AXIS2_PLACEMENT_3D('',#14129,#11312,#11313);
#10223=AXIS2_PLACEMENT_3D('',#14135,#11317,#11318);
#10224=AXIS2_PLACEMENT_3D('',#14139,#11321,#11322);
#10225=AXIS2_PLACEMENT_3D('',#14143,#11325,#11326);
#10226=AXIS2_PLACEMENT_3D('',#14147,#11329,#11330);
#10227=AXIS2_PLACEMENT_3D('',#14151,#11333,#11334);
#10228=AXIS2_PLACEMENT_3D('',#14153,#11336,#11337);
#10229=AXIS2_PLACEMENT_3D('',#14159,#11341,#11342);
#10230=AXIS2_PLACEMENT_3D('',#14163,#11345,#11346);
#10231=AXIS2_PLACEMENT_3D('',#14167,#11349,#11350);
#10232=AXIS2_PLACEMENT_3D('',#14171,#11353,#11354);
#10233=AXIS2_PLACEMENT_3D('',#14175,#11357,#11358);
#10234=AXIS2_PLACEMENT_3D('',#14177,#11360,#11361);
#10235=AXIS2_PLACEMENT_3D('',#14183,#11365,#11366);
#10236=AXIS2_PLACEMENT_3D('',#14187,#11369,#11370);
#10237=AXIS2_PLACEMENT_3D('',#14191,#11373,#11374);
#10238=AXIS2_PLACEMENT_3D('',#14195,#11377,#11378);
#10239=AXIS2_PLACEMENT_3D('',#14199,#11381,#11382);
#10240=AXIS2_PLACEMENT_3D('',#14201,#11384,#11385);
#10241=AXIS2_PLACEMENT_3D('',#14207,#11389,#11390);
#10242=AXIS2_PLACEMENT_3D('',#14211,#11393,#11394);
#10243=AXIS2_PLACEMENT_3D('',#14215,#11397,#11398);
#10244=AXIS2_PLACEMENT_3D('',#14219,#11401,#11402);
#10245=AXIS2_PLACEMENT_3D('',#14223,#11405,#11406);
#10246=AXIS2_PLACEMENT_3D('',#14225,#11408,#11409);
#10247=AXIS2_PLACEMENT_3D('',#14231,#11413,#11414);
#10248=AXIS2_PLACEMENT_3D('',#14235,#11417,#11418);
#10249=AXIS2_PLACEMENT_3D('',#14239,#11421,#11422);
#10250=AXIS2_PLACEMENT_3D('',#14243,#11425,#11426);
#10251=AXIS2_PLACEMENT_3D('',#14247,#11429,#11430);
#10252=AXIS2_PLACEMENT_3D('',#14249,#11432,#11433);
#10253=AXIS2_PLACEMENT_3D('',#14255,#11437,#11438);
#10254=AXIS2_PLACEMENT_3D('',#14259,#11441,#11442);
#10255=AXIS2_PLACEMENT_3D('',#14263,#11445,#11446);
#10256=AXIS2_PLACEMENT_3D('',#14267,#11449,#11450);
#10257=AXIS2_PLACEMENT_3D('',#14271,#11453,#11454);
#10258=AXIS2_PLACEMENT_3D('',#14273,#11456,#11457);
#10259=AXIS2_PLACEMENT_3D('',#14279,#11461,#11462);
#10260=AXIS2_PLACEMENT_3D('',#14283,#11465,#11466);
#10261=AXIS2_PLACEMENT_3D('',#14287,#11469,#11470);
#10262=AXIS2_PLACEMENT_3D('',#14291,#11473,#11474);
#10263=AXIS2_PLACEMENT_3D('',#14295,#11477,#11478);
#10264=AXIS2_PLACEMENT_3D('',#14297,#11480,#11481);
#10265=AXIS2_PLACEMENT_3D('',#14303,#11485,#11486);
#10266=AXIS2_PLACEMENT_3D('',#14307,#11489,#11490);
#10267=AXIS2_PLACEMENT_3D('',#14311,#11493,#11494);
#10268=AXIS2_PLACEMENT_3D('',#14315,#11497,#11498);
#10269=AXIS2_PLACEMENT_3D('',#14319,#11501,#11502);
#10270=AXIS2_PLACEMENT_3D('',#14321,#11504,#11505);
#10271=AXIS2_PLACEMENT_3D('',#14327,#11509,#11510);
#10272=AXIS2_PLACEMENT_3D('',#14331,#11513,#11514);
#10273=AXIS2_PLACEMENT_3D('',#14335,#11517,#11518);
#10274=AXIS2_PLACEMENT_3D('',#14339,#11521,#11522);
#10275=AXIS2_PLACEMENT_3D('',#14343,#11525,#11526);
#10276=AXIS2_PLACEMENT_3D('',#14345,#11528,#11529);
#10277=AXIS2_PLACEMENT_3D('',#14351,#11533,#11534);
#10278=AXIS2_PLACEMENT_3D('',#14355,#11537,#11538);
#10279=AXIS2_PLACEMENT_3D('',#14359,#11541,#11542);
#10280=AXIS2_PLACEMENT_3D('',#14363,#11545,#11546);
#10281=AXIS2_PLACEMENT_3D('',#14367,#11549,#11550);
#10282=AXIS2_PLACEMENT_3D('',#14369,#11552,#11553);
#10283=AXIS2_PLACEMENT_3D('',#14375,#11557,#11558);
#10284=AXIS2_PLACEMENT_3D('',#14379,#11561,#11562);
#10285=AXIS2_PLACEMENT_3D('',#14383,#11565,#11566);
#10286=AXIS2_PLACEMENT_3D('',#14387,#11569,#11570);
#10287=AXIS2_PLACEMENT_3D('',#14391,#11573,#11574);
#10288=AXIS2_PLACEMENT_3D('',#14393,#11576,#11577);
#10289=AXIS2_PLACEMENT_3D('',#14399,#11581,#11582);
#10290=AXIS2_PLACEMENT_3D('',#14403,#11585,#11586);
#10291=AXIS2_PLACEMENT_3D('',#14407,#11589,#11590);
#10292=AXIS2_PLACEMENT_3D('',#14411,#11593,#11594);
#10293=AXIS2_PLACEMENT_3D('',#14415,#11597,#11598);
#10294=AXIS2_PLACEMENT_3D('',#14417,#11600,#11601);
#10295=AXIS2_PLACEMENT_3D('',#14423,#11605,#11606);
#10296=AXIS2_PLACEMENT_3D('',#14427,#11609,#11610);
#10297=AXIS2_PLACEMENT_3D('',#14431,#11613,#11614);
#10298=AXIS2_PLACEMENT_3D('',#14435,#11617,#11618);
#10299=AXIS2_PLACEMENT_3D('',#14439,#11621,#11622);
#10300=AXIS2_PLACEMENT_3D('',#14441,#11624,#11625);
#10301=AXIS2_PLACEMENT_3D('',#14447,#11629,#11630);
#10302=AXIS2_PLACEMENT_3D('',#14451,#11633,#11634);
#10303=AXIS2_PLACEMENT_3D('',#14455,#11637,#11638);
#10304=AXIS2_PLACEMENT_3D('',#14459,#11641,#11642);
#10305=AXIS2_PLACEMENT_3D('',#14463,#11645,#11646);
#10306=AXIS2_PLACEMENT_3D('',#14465,#11648,#11649);
#10307=AXIS2_PLACEMENT_3D('',#14471,#11653,#11654);
#10308=AXIS2_PLACEMENT_3D('',#14475,#11657,#11658);
#10309=AXIS2_PLACEMENT_3D('',#14479,#11661,#11662);
#10310=AXIS2_PLACEMENT_3D('',#14483,#11665,#11666);
#10311=AXIS2_PLACEMENT_3D('',#14487,#11669,#11670);
#10312=AXIS2_PLACEMENT_3D('',#14489,#11672,#11673);
#10313=AXIS2_PLACEMENT_3D('',#14495,#11677,#11678);
#10314=AXIS2_PLACEMENT_3D('',#14499,#11681,#11682);
#10315=AXIS2_PLACEMENT_3D('',#14503,#11685,#11686);
#10316=AXIS2_PLACEMENT_3D('',#14507,#11689,#11690);
#10317=AXIS2_PLACEMENT_3D('',#14511,#11693,#11694);
#10318=AXIS2_PLACEMENT_3D('',#14513,#11696,#11697);
#10319=AXIS2_PLACEMENT_3D('',#14519,#11701,#11702);
#10320=AXIS2_PLACEMENT_3D('',#14523,#11705,#11706);
#10321=AXIS2_PLACEMENT_3D('',#14527,#11709,#11710);
#10322=AXIS2_PLACEMENT_3D('',#14531,#11713,#11714);
#10323=AXIS2_PLACEMENT_3D('',#14535,#11717,#11718);
#10324=AXIS2_PLACEMENT_3D('',#14537,#11720,#11721);
#10325=AXIS2_PLACEMENT_3D('',#14543,#11725,#11726);
#10326=AXIS2_PLACEMENT_3D('',#14547,#11729,#11730);
#10327=AXIS2_PLACEMENT_3D('',#14551,#11733,#11734);
#10328=AXIS2_PLACEMENT_3D('',#14555,#11737,#11738);
#10329=AXIS2_PLACEMENT_3D('',#14559,#11741,#11742);
#10330=AXIS2_PLACEMENT_3D('',#14561,#11744,#11745);
#10331=AXIS2_PLACEMENT_3D('',#14567,#11749,#11750);
#10332=AXIS2_PLACEMENT_3D('',#14571,#11753,#11754);
#10333=AXIS2_PLACEMENT_3D('',#14575,#11757,#11758);
#10334=AXIS2_PLACEMENT_3D('',#14579,#11761,#11762);
#10335=AXIS2_PLACEMENT_3D('',#14583,#11765,#11766);
#10336=AXIS2_PLACEMENT_3D('',#14585,#11768,#11769);
#10337=AXIS2_PLACEMENT_3D('',#14591,#11773,#11774);
#10338=AXIS2_PLACEMENT_3D('',#14595,#11777,#11778);
#10339=AXIS2_PLACEMENT_3D('',#14599,#11781,#11782);
#10340=AXIS2_PLACEMENT_3D('',#14603,#11785,#11786);
#10341=AXIS2_PLACEMENT_3D('',#14607,#11789,#11790);
#10342=AXIS2_PLACEMENT_3D('',#14609,#11792,#11793);
#10343=AXIS2_PLACEMENT_3D('',#14615,#11797,#11798);
#10344=AXIS2_PLACEMENT_3D('',#14619,#11801,#11802);
#10345=AXIS2_PLACEMENT_3D('',#14623,#11805,#11806);
#10346=AXIS2_PLACEMENT_3D('',#14627,#11809,#11810);
#10347=AXIS2_PLACEMENT_3D('',#14631,#11813,#11814);
#10348=AXIS2_PLACEMENT_3D('',#14633,#11816,#11817);
#10349=AXIS2_PLACEMENT_3D('',#14639,#11821,#11822);
#10350=AXIS2_PLACEMENT_3D('',#14643,#11825,#11826);
#10351=AXIS2_PLACEMENT_3D('',#14647,#11829,#11830);
#10352=AXIS2_PLACEMENT_3D('',#14651,#11833,#11834);
#10353=AXIS2_PLACEMENT_3D('',#14655,#11837,#11838);
#10354=AXIS2_PLACEMENT_3D('',#14657,#11840,#11841);
#10355=AXIS2_PLACEMENT_3D('',#14663,#11845,#11846);
#10356=AXIS2_PLACEMENT_3D('',#14667,#11849,#11850);
#10357=AXIS2_PLACEMENT_3D('',#14671,#11853,#11854);
#10358=AXIS2_PLACEMENT_3D('',#14675,#11857,#11858);
#10359=AXIS2_PLACEMENT_3D('',#14679,#11861,#11862);
#10360=AXIS2_PLACEMENT_3D('',#14681,#11864,#11865);
#10361=AXIS2_PLACEMENT_3D('',#14687,#11869,#11870);
#10362=AXIS2_PLACEMENT_3D('',#14691,#11873,#11874);
#10363=AXIS2_PLACEMENT_3D('',#14695,#11877,#11878);
#10364=AXIS2_PLACEMENT_3D('',#14699,#11881,#11882);
#10365=AXIS2_PLACEMENT_3D('',#14703,#11885,#11886);
#10366=AXIS2_PLACEMENT_3D('',#14705,#11888,#11889);
#10367=AXIS2_PLACEMENT_3D('',#14711,#11893,#11894);
#10368=AXIS2_PLACEMENT_3D('',#14715,#11897,#11898);
#10369=AXIS2_PLACEMENT_3D('',#14719,#11901,#11902);
#10370=AXIS2_PLACEMENT_3D('',#14723,#11905,#11906);
#10371=AXIS2_PLACEMENT_3D('',#14727,#11909,#11910);
#10372=AXIS2_PLACEMENT_3D('',#14729,#11912,#11913);
#10373=AXIS2_PLACEMENT_3D('',#14735,#11917,#11918);
#10374=AXIS2_PLACEMENT_3D('',#14739,#11921,#11922);
#10375=AXIS2_PLACEMENT_3D('',#14743,#11925,#11926);
#10376=AXIS2_PLACEMENT_3D('',#14747,#11929,#11930);
#10377=AXIS2_PLACEMENT_3D('',#14751,#11933,#11934);
#10378=AXIS2_PLACEMENT_3D('',#14753,#11936,#11937);
#10379=AXIS2_PLACEMENT_3D('',#14759,#11941,#11942);
#10380=AXIS2_PLACEMENT_3D('',#14763,#11945,#11946);
#10381=AXIS2_PLACEMENT_3D('',#14767,#11949,#11950);
#10382=AXIS2_PLACEMENT_3D('',#14771,#11953,#11954);
#10383=AXIS2_PLACEMENT_3D('',#14775,#11957,#11958);
#10384=AXIS2_PLACEMENT_3D('',#14777,#11960,#11961);
#10385=AXIS2_PLACEMENT_3D('',#14783,#11965,#11966);
#10386=AXIS2_PLACEMENT_3D('',#14787,#11969,#11970);
#10387=AXIS2_PLACEMENT_3D('',#14791,#11973,#11974);
#10388=AXIS2_PLACEMENT_3D('',#14795,#11977,#11978);
#10389=AXIS2_PLACEMENT_3D('',#14799,#11981,#11982);
#10390=AXIS2_PLACEMENT_3D('',#14801,#11984,#11985);
#10391=AXIS2_PLACEMENT_3D('',#14807,#11989,#11990);
#10392=AXIS2_PLACEMENT_3D('',#14811,#11993,#11994);
#10393=AXIS2_PLACEMENT_3D('',#14815,#11997,#11998);
#10394=AXIS2_PLACEMENT_3D('',#14819,#12001,#12002);
#10395=AXIS2_PLACEMENT_3D('',#14823,#12005,#12006);
#10396=AXIS2_PLACEMENT_3D('',#14825,#12008,#12009);
#10397=AXIS2_PLACEMENT_3D('',#14831,#12013,#12014);
#10398=AXIS2_PLACEMENT_3D('',#14835,#12017,#12018);
#10399=AXIS2_PLACEMENT_3D('',#14839,#12021,#12022);
#10400=AXIS2_PLACEMENT_3D('',#14843,#12025,#12026);
#10401=AXIS2_PLACEMENT_3D('',#14847,#12029,#12030);
#10402=AXIS2_PLACEMENT_3D('',#14849,#12032,#12033);
#10403=AXIS2_PLACEMENT_3D('',#14855,#12037,#12038);
#10404=AXIS2_PLACEMENT_3D('',#14859,#12041,#12042);
#10405=AXIS2_PLACEMENT_3D('',#14863,#12045,#12046);
#10406=AXIS2_PLACEMENT_3D('',#14867,#12049,#12050);
#10407=AXIS2_PLACEMENT_3D('',#14871,#12053,#12054);
#10408=AXIS2_PLACEMENT_3D('',#14873,#12056,#12057);
#10409=AXIS2_PLACEMENT_3D('',#14879,#12061,#12062);
#10410=AXIS2_PLACEMENT_3D('',#14883,#12065,#12066);
#10411=AXIS2_PLACEMENT_3D('',#14887,#12069,#12070);
#10412=AXIS2_PLACEMENT_3D('',#14891,#12073,#12074);
#10413=AXIS2_PLACEMENT_3D('',#14895,#12077,#12078);
#10414=AXIS2_PLACEMENT_3D('',#14897,#12080,#12081);
#10415=AXIS2_PLACEMENT_3D('',#14903,#12085,#12086);
#10416=AXIS2_PLACEMENT_3D('',#14907,#12089,#12090);
#10417=AXIS2_PLACEMENT_3D('',#14911,#12093,#12094);
#10418=AXIS2_PLACEMENT_3D('',#14915,#12097,#12098);
#10419=AXIS2_PLACEMENT_3D('',#14919,#12101,#12102);
#10420=AXIS2_PLACEMENT_3D('',#14921,#12104,#12105);
#10421=AXIS2_PLACEMENT_3D('',#14927,#12109,#12110);
#10422=AXIS2_PLACEMENT_3D('',#14931,#12113,#12114);
#10423=AXIS2_PLACEMENT_3D('',#14935,#12117,#12118);
#10424=AXIS2_PLACEMENT_3D('',#14939,#12121,#12122);
#10425=AXIS2_PLACEMENT_3D('',#14943,#12125,#12126);
#10426=AXIS2_PLACEMENT_3D('',#14945,#12128,#12129);
#10427=AXIS2_PLACEMENT_3D('',#14951,#12133,#12134);
#10428=AXIS2_PLACEMENT_3D('',#14955,#12137,#12138);
#10429=AXIS2_PLACEMENT_3D('',#14959,#12141,#12142);
#10430=AXIS2_PLACEMENT_3D('',#14963,#12145,#12146);
#10431=AXIS2_PLACEMENT_3D('',#14967,#12149,#12150);
#10432=AXIS2_PLACEMENT_3D('',#14969,#12152,#12153);
#10433=AXIS2_PLACEMENT_3D('',#14975,#12157,#12158);
#10434=AXIS2_PLACEMENT_3D('',#14979,#12161,#12162);
#10435=AXIS2_PLACEMENT_3D('',#14983,#12165,#12166);
#10436=AXIS2_PLACEMENT_3D('',#14987,#12169,#12170);
#10437=AXIS2_PLACEMENT_3D('',#14991,#12173,#12174);
#10438=AXIS2_PLACEMENT_3D('',#14993,#12176,#12177);
#10439=AXIS2_PLACEMENT_3D('',#14999,#12181,#12182);
#10440=AXIS2_PLACEMENT_3D('',#15003,#12185,#12186);
#10441=AXIS2_PLACEMENT_3D('',#15007,#12189,#12190);
#10442=AXIS2_PLACEMENT_3D('',#15011,#12193,#12194);
#10443=AXIS2_PLACEMENT_3D('',#15015,#12197,#12198);
#10444=AXIS2_PLACEMENT_3D('',#15017,#12200,#12201);
#10445=AXIS2_PLACEMENT_3D('',#15023,#12205,#12206);
#10446=AXIS2_PLACEMENT_3D('',#15027,#12209,#12210);
#10447=AXIS2_PLACEMENT_3D('',#15031,#12213,#12214);
#10448=AXIS2_PLACEMENT_3D('',#15035,#12217,#12218);
#10449=AXIS2_PLACEMENT_3D('',#15039,#12221,#12222);
#10450=AXIS2_PLACEMENT_3D('',#15041,#12224,#12225);
#10451=AXIS2_PLACEMENT_3D('',#15047,#12229,#12230);
#10452=AXIS2_PLACEMENT_3D('',#15051,#12233,#12234);
#10453=AXIS2_PLACEMENT_3D('',#15055,#12237,#12238);
#10454=AXIS2_PLACEMENT_3D('',#15059,#12241,#12242);
#10455=AXIS2_PLACEMENT_3D('',#15063,#12245,#12246);
#10456=AXIS2_PLACEMENT_3D('',#15065,#12248,#12249);
#10457=AXIS2_PLACEMENT_3D('',#15071,#12253,#12254);
#10458=AXIS2_PLACEMENT_3D('',#15075,#12257,#12258);
#10459=AXIS2_PLACEMENT_3D('',#15079,#12261,#12262);
#10460=AXIS2_PLACEMENT_3D('',#15083,#12265,#12266);
#10461=AXIS2_PLACEMENT_3D('',#15087,#12269,#12270);
#10462=AXIS2_PLACEMENT_3D('',#15089,#12272,#12273);
#10463=AXIS2_PLACEMENT_3D('',#15095,#12277,#12278);
#10464=AXIS2_PLACEMENT_3D('',#15099,#12281,#12282);
#10465=AXIS2_PLACEMENT_3D('',#15103,#12285,#12286);
#10466=AXIS2_PLACEMENT_3D('',#15107,#12289,#12290);
#10467=AXIS2_PLACEMENT_3D('',#15111,#12293,#12294);
#10468=AXIS2_PLACEMENT_3D('',#15113,#12296,#12297);
#10469=AXIS2_PLACEMENT_3D('',#15119,#12301,#12302);
#10470=AXIS2_PLACEMENT_3D('',#15123,#12305,#12306);
#10471=AXIS2_PLACEMENT_3D('',#15127,#12309,#12310);
#10472=AXIS2_PLACEMENT_3D('',#15131,#12313,#12314);
#10473=AXIS2_PLACEMENT_3D('',#15135,#12317,#12318);
#10474=AXIS2_PLACEMENT_3D('',#15137,#12320,#12321);
#10475=AXIS2_PLACEMENT_3D('',#15143,#12325,#12326);
#10476=AXIS2_PLACEMENT_3D('',#15147,#12329,#12330);
#10477=AXIS2_PLACEMENT_3D('',#15151,#12333,#12334);
#10478=AXIS2_PLACEMENT_3D('',#15155,#12337,#12338);
#10479=AXIS2_PLACEMENT_3D('',#15159,#12341,#12342);
#10480=AXIS2_PLACEMENT_3D('',#15161,#12344,#12345);
#10481=AXIS2_PLACEMENT_3D('',#15167,#12349,#12350);
#10482=AXIS2_PLACEMENT_3D('',#15171,#12353,#12354);
#10483=AXIS2_PLACEMENT_3D('',#15175,#12357,#12358);
#10484=AXIS2_PLACEMENT_3D('',#15179,#12361,#12362);
#10485=AXIS2_PLACEMENT_3D('',#15183,#12365,#12366);
#10486=AXIS2_PLACEMENT_3D('',#15185,#12368,#12369);
#10487=AXIS2_PLACEMENT_3D('',#15191,#12373,#12374);
#10488=AXIS2_PLACEMENT_3D('',#15197,#12378,#12379);
#10489=AXIS2_PLACEMENT_3D('',#15203,#12383,#12384);
#10490=AXIS2_PLACEMENT_3D('',#15219,#12394,#12395);
#10491=AXIS2_PLACEMENT_3D('',#15232,#12402,#12403);
#10492=AXIS2_PLACEMENT_3D('',#15233,#12404,#12405);
#10493=AXIS2_PLACEMENT_3D('',#15234,#12406,#12407);
#10494=AXIS2_PLACEMENT_3D('',#15235,#12408,#12409);
#10495=AXIS2_PLACEMENT_3D('',#15236,#12410,#12411);
#10496=AXIS2_PLACEMENT_3D('',#15237,#12412,#12413);
#10497=AXIS2_PLACEMENT_3D('',#15238,#12414,#12415);
#10498=AXIS2_PLACEMENT_3D('',#15239,#12416,#12417);
#10499=AXIS2_PLACEMENT_3D('',#15240,#12418,#12419);
#10500=AXIS2_PLACEMENT_3D('',#15243,#12422,#12423);
#10501=AXIS2_PLACEMENT_3D('',#15245,#12425,#12426);
#10502=AXIS2_PLACEMENT_3D('',#15247,#12428,#12429);
#10503=AXIS2_PLACEMENT_3D('',#15249,#12431,#12432);
#10504=AXIS2_PLACEMENT_3D('',#15251,#12434,#12435);
#10505=AXIS2_PLACEMENT_3D('',#15252,#12436,#12437);
#10506=AXIS2_PLACEMENT_3D('',#15262,#12443,#12444);
#10507=AXIS2_PLACEMENT_3D('',#15268,#12448,#12449);
#10508=AXIS2_PLACEMENT_3D('',#15275,#12454,#12455);
#10509=AXIS2_PLACEMENT_3D('',#15277,#12457,#12458);
#10510=AXIS2_PLACEMENT_3D('',#15278,#12459,#12460);
#10511=AXIS2_PLACEMENT_3D('',#15280,#12462,#12463);
#10512=AXIS2_PLACEMENT_3D('',#15281,#12464,#12465);
#10513=AXIS2_PLACEMENT_3D('',#15287,#12469,#12470);
#10514=AXIS2_PLACEMENT_3D('',#15297,#12476,#12477);
#10515=AXIS2_PLACEMENT_3D('',#15303,#12481,#12482);
#10516=AXIS2_PLACEMENT_3D('',#15310,#12487,#12488);
#10517=AXIS2_PLACEMENT_3D('',#15312,#12490,#12491);
#10518=AXIS2_PLACEMENT_3D('',#15313,#12492,#12493);
#10519=AXIS2_PLACEMENT_3D('',#15315,#12495,#12496);
#10520=AXIS2_PLACEMENT_3D('',#15316,#12497,#12498);
#10521=AXIS2_PLACEMENT_3D('',#15322,#12502,#12503);
#10522=AXIS2_PLACEMENT_3D('',#15332,#12509,#12510);
#10523=AXIS2_PLACEMENT_3D('',#15338,#12514,#12515);
#10524=AXIS2_PLACEMENT_3D('',#15345,#12520,#12521);
#10525=AXIS2_PLACEMENT_3D('',#15347,#12523,#12524);
#10526=AXIS2_PLACEMENT_3D('',#15348,#12525,#12526);
#10527=AXIS2_PLACEMENT_3D('',#15350,#12528,#12529);
#10528=AXIS2_PLACEMENT_3D('',#15351,#12530,#12531);
#10529=AXIS2_PLACEMENT_3D('',#15361,#12537,#12538);
#10530=AXIS2_PLACEMENT_3D('',#15367,#12542,#12543);
#10531=AXIS2_PLACEMENT_3D('',#15374,#12548,#12549);
#10532=AXIS2_PLACEMENT_3D('',#15376,#12551,#12552);
#10533=AXIS2_PLACEMENT_3D('',#15377,#12553,#12554);
#10534=AXIS2_PLACEMENT_3D('',#15379,#12556,#12557);
#10535=AXIS2_PLACEMENT_3D('',#15380,#12558,#12559);
#10536=AXIS2_PLACEMENT_3D('',#15381,#12560,#12561);
#10537=AXIS2_PLACEMENT_3D('',#15402,#12572,#12573);
#10538=AXIS2_PLACEMENT_3D('',#15412,#12578,#12579);
#10539=AXIS2_PLACEMENT_3D('',#15442,#12594,#12595);
#10540=AXIS2_PLACEMENT_3D('',#15446,#12597,#12598);
#10541=AXIS2_PLACEMENT_3D('',#15449,#12600,#12601);
#10542=AXIS2_PLACEMENT_3D('',#15467,#12610,#12611);
#10543=AXIS2_PLACEMENT_3D('',#15504,#12630,#12631);
#10544=AXIS2_PLACEMENT_3D('',#15505,#12632,#12633);
#10545=AXIS2_PLACEMENT_3D('',#15511,#12636,#12637);
#10546=AXIS2_PLACEMENT_3D('',#15515,#12639,#12640);
#10547=AXIS2_PLACEMENT_3D('',#15516,#12641,#12642);
#10548=AXIS2_PLACEMENT_3D('',#15517,#12643,#12644);
#10549=AXIS2_PLACEMENT_3D('',#15522,#12647,#12648);
#10550=AXIS2_PLACEMENT_3D('',#15526,#12650,#12651);
#10551=AXIS2_PLACEMENT_3D('',#15530,#12653,#12654);
#10552=AXIS2_PLACEMENT_3D('',#15533,#12656,#12657);
#10553=AXIS2_PLACEMENT_3D('',#15566,#12674,#12675);
#10554=AXIS2_PLACEMENT_3D('',#15570,#12677,#12678);
#10555=AXIS2_PLACEMENT_3D('',#15574,#12680,#12681);
#10556=AXIS2_PLACEMENT_3D('',#15578,#12683,#12684);
#10557=AXIS2_PLACEMENT_3D('',#15579,#12685,#12686);
#10558=AXIS2_PLACEMENT_3D('',#15581,#12687,#12688);
#10559=AXIS2_PLACEMENT_3D('',#15582,#12689,#12690);
#10560=AXIS2_PLACEMENT_3D('',#15583,#12691,#12692);
#10561=AXIS2_PLACEMENT_3D('',#15584,#12693,#12694);
#10562=AXIS2_PLACEMENT_3D('',#15628,#12717,#12718);
#10563=AXIS2_PLACEMENT_3D('',#15630,#12719,#12720);
#10564=AXIS2_PLACEMENT_3D('',#15639,#12725,#12726);
#10565=AXIS2_PLACEMENT_3D('',#15643,#12728,#12729);
#10566=AXIS2_PLACEMENT_3D('',#15647,#12731,#12732);
#10567=AXIS2_PLACEMENT_3D('',#15651,#12734,#12735);
#10568=AXIS2_PLACEMENT_3D('',#15655,#12737,#12738);
#10569=AXIS2_PLACEMENT_3D('',#15656,#12739,#12740);
#10570=AXIS2_PLACEMENT_3D('',#15666,#12745,#12746);
#10571=AXIS2_PLACEMENT_3D('',#15682,#12754,#12755);
#10572=AXIS2_PLACEMENT_3D('',#15686,#12757,#12758);
#10573=AXIS2_PLACEMENT_3D('',#15687,#12759,#12760);
#10574=AXIS2_PLACEMENT_3D('',#15689,#12761,#12762);
#10575=AXIS2_PLACEMENT_3D('',#15690,#12763,#12764);
#10576=AXIS2_PLACEMENT_3D('',#15700,#12769,#12770);
#10577=AXIS2_PLACEMENT_3D('',#15701,#12771,#12772);
#10578=AXIS2_PLACEMENT_3D('',#15706,#12774,#12775);
#10579=AXIS2_PLACEMENT_3D('',#15710,#12777,#12778);
#10580=AXIS2_PLACEMENT_3D('',#15714,#12780,#12781);
#10581=AXIS2_PLACEMENT_3D('',#15717,#12783,#12784);
#10582=AXIS2_PLACEMENT_3D('',#15718,#12785,#12786);
#10583=AXIS2_PLACEMENT_3D('',#15720,#12787,#12788);
#10584=AXIS2_PLACEMENT_3D('',#15722,#12789,#12790);
#10585=AXIS2_PLACEMENT_3D('',#15723,#12791,#12792);
#10586=AXIS2_PLACEMENT_3D('',#15725,#12793,#12794);
#10587=AXIS2_PLACEMENT_3D('',#15726,#12795,#12796);
#10588=AXIS2_PLACEMENT_3D('',#15728,#12797,#12798);
#10589=AXIS2_PLACEMENT_3D('',#15729,#12799,#12800);
#10590=AXIS2_PLACEMENT_3D('',#15735,#12804,#12805);
#10591=AXIS2_PLACEMENT_3D('',#15739,#12808,#12809);
#10592=AXIS2_PLACEMENT_3D('',#15743,#12812,#12813);
#10593=AXIS2_PLACEMENT_3D('',#15745,#12815,#12816);
#10594=AXIS2_PLACEMENT_3D('',#15746,#12817,#12818);
#10595=AXIS2_PLACEMENT_3D('',#15752,#12822,#12823);
#10596=AXIS2_PLACEMENT_3D('',#15756,#12826,#12827);
#10597=AXIS2_PLACEMENT_3D('',#15760,#12830,#12831);
#10598=AXIS2_PLACEMENT_3D('',#15762,#12833,#12834);
#10599=AXIS2_PLACEMENT_3D('',#15763,#12835,#12836);
#10600=AXIS2_PLACEMENT_3D('',#15769,#12840,#12841);
#10601=AXIS2_PLACEMENT_3D('',#15773,#12844,#12845);
#10602=AXIS2_PLACEMENT_3D('',#15777,#12848,#12849);
#10603=AXIS2_PLACEMENT_3D('',#15779,#12851,#12852);
#10604=AXIS2_PLACEMENT_3D('',#15780,#12853,#12854);
#10605=AXIS2_PLACEMENT_3D('',#15788,#12859,#12860);
#10606=AXIS2_PLACEMENT_3D('',#15794,#12864,#12865);
#10607=AXIS2_PLACEMENT_3D('',#15799,#12869,#12870);
#10608=AXIS2_PLACEMENT_3D('',#15801,#12872,#12873);
#10609=AXIS2_PLACEMENT_3D('',#15802,#12874,#12875);
#10610=AXIS2_PLACEMENT_3D('',#15806,#12878,#12879);
#10611=AXIS2_PLACEMENT_3D('',#15812,#12883,#12884);
#10612=AXIS2_PLACEMENT_3D('',#15818,#12888,#12889);
#10613=AXIS2_PLACEMENT_3D('',#15820,#12891,#12892);
#10614=AXIS2_PLACEMENT_3D('',#15822,#12894,#12895);
#10615=AXIS2_PLACEMENT_3D('',#15828,#12899,#12900);
#10616=AXIS2_PLACEMENT_3D('',#15830,#12902,#12903);
#10617=AXIS2_PLACEMENT_3D('',#15833,#12905,#12906);
#10618=AXIS2_PLACEMENT_3D('',#15834,#12907,#12908);
#10619=AXIS2_PLACEMENT_3D('',#15839,#12912,#12913);
#10620=AXIS2_PLACEMENT_3D('',#15841,#12915,#12916);
#10621=AXIS2_PLACEMENT_3D('',#15842,#12917,#12918);
#10622=AXIS2_PLACEMENT_3D('',#15843,#12919,#12920);
#10623=AXIS2_PLACEMENT_3D('',#15846,#12923,#12924);
#10624=AXIS2_PLACEMENT_3D('',#15849,#12927,#12928);
#10625=AXIS2_PLACEMENT_3D('',#15852,#12931,#12932);
#10626=AXIS2_PLACEMENT_3D('',#15855,#12935,#12936);
#10627=AXIS2_PLACEMENT_3D('',#15856,#12937,#12938);
#10628=AXIS2_PLACEMENT_3D('',#15857,#12939,#12940);
#10629=AXIS2_PLACEMENT_3D('',#15871,#12941,#12942);
#10630=AXIS2_PLACEMENT_3D('',#15872,#12943,#12944);
#10631=AXIS2_PLACEMENT_3D('',#15873,#12945,#12946);
#10632=AXIS2_PLACEMENT_3D('',#15874,#12947,#12948);
#10633=AXIS2_PLACEMENT_3D('',#15888,#12949,#12950);
#10634=AXIS2_PLACEMENT_3D('',#15889,#12951,#12952);
#10635=AXIS2_PLACEMENT_3D('',#15890,#12953,#12954);
#10636=AXIS2_PLACEMENT_3D('',#15891,#12955,#12956);
#10637=AXIS2_PLACEMENT_3D('',#15905,#12957,#12958);
#10638=AXIS2_PLACEMENT_3D('',#15906,#12959,#12960);
#10639=AXIS2_PLACEMENT_3D('',#15907,#12961,#12962);
#10640=AXIS2_PLACEMENT_3D('',#15908,#12963,#12964);
#10641=AXIS2_PLACEMENT_3D('',#15922,#12965,#12966);
#10642=AXIS2_PLACEMENT_3D('',#15923,#12967,#12968);
#10643=AXIS2_PLACEMENT_3D('',#15924,#12969,#12970);
#10644=AXIS2_PLACEMENT_3D('',#15925,#12971,#12972);
#10645=AXIS2_PLACEMENT_3D('',#15926,#12973,#12974);
#10646=AXIS2_PLACEMENT_3D('',#15928,#12976,#12977);
#10647=AXIS2_PLACEMENT_3D('',#15931,#12980,#12981);
#10648=AXIS2_PLACEMENT_3D('',#15932,#12982,#12983);
#10649=AXIS2_PLACEMENT_3D('',#15934,#12985,#12986);
#10650=AXIS2_PLACEMENT_3D('',#15935,#12987,#12988);
#10651=AXIS2_PLACEMENT_3D('',#15936,#12989,#12990);
#10652=AXIS2_PLACEMENT_3D('',#15937,#12991,#12992);
#10653=AXIS2_PLACEMENT_3D('',#15938,#12993,#12994);
#10654=AXIS2_PLACEMENT_3D('',#15939,#12995,#12996);
#10655=AXIS2_PLACEMENT_3D('',#15940,#12997,#12998);
#10656=AXIS2_PLACEMENT_3D('',#15941,#12999,#13000);
#10657=AXIS2_PLACEMENT_3D('',#15942,#13001,#13002);
#10658=AXIS2_PLACEMENT_3D('',#15943,#13003,#13004);
#10659=AXIS2_PLACEMENT_3D('',#15944,#13005,#13006);
#10660=AXIS2_PLACEMENT_3D('',#15945,#13007,#13008);
#10661=AXIS2_PLACEMENT_3D('',#15946,#13009,#13010);
#10662=AXIS2_PLACEMENT_3D('',#15947,#13011,#13012);
#10663=AXIS2_PLACEMENT_3D('',#15948,#13013,#13014);
#10664=AXIS2_PLACEMENT_3D('',#15949,#13015,#13016);
#10665=AXIS2_PLACEMENT_3D('',#15950,#13017,#13018);
#10666=AXIS2_PLACEMENT_3D('',#15951,#13019,#13020);
#10667=AXIS2_PLACEMENT_3D('',#15952,#13021,#13022);
#10668=AXIS2_PLACEMENT_3D('',#15953,#13023,#13024);
#10669=AXIS2_PLACEMENT_3D('',#15954,#13025,#13026);
#10670=AXIS2_PLACEMENT_3D('',#15955,#13027,#13028);
#10671=AXIS2_PLACEMENT_3D('',#15956,#13029,#13030);
#10672=AXIS2_PLACEMENT_3D('',#15957,#13031,#13032);
#10673=AXIS2_PLACEMENT_3D('',#15958,#13033,#13034);
#10674=AXIS2_PLACEMENT_3D('',#15959,#13035,#13036);
#10675=AXIS2_PLACEMENT_3D('',#15960,#13037,#13038);
#10676=AXIS2_PLACEMENT_3D('',#15961,#13039,#13040);
#10677=AXIS2_PLACEMENT_3D('',#15962,#13041,#13042);
#10678=AXIS2_PLACEMENT_3D('',#15963,#13043,#13044);
#10679=AXIS2_PLACEMENT_3D('',#15964,#13045,#13046);
#10680=AXIS2_PLACEMENT_3D('',#15965,#13047,#13048);
#10681=AXIS2_PLACEMENT_3D('',#15966,#13049,#13050);
#10682=AXIS2_PLACEMENT_3D('',#15967,#13051,#13052);
#10683=AXIS2_PLACEMENT_3D('',#15968,#13053,#13054);
#10684=AXIS2_PLACEMENT_3D('',#15969,#13055,#13056);
#10685=AXIS2_PLACEMENT_3D('',#15970,#13057,#13058);
#10686=AXIS2_PLACEMENT_3D('',#15971,#13059,#13060);
#10687=AXIS2_PLACEMENT_3D('',#15972,#13061,#13062);
#10688=AXIS2_PLACEMENT_3D('',#15973,#13063,#13064);
#10689=AXIS2_PLACEMENT_3D('',#15974,#13065,#13066);
#10690=AXIS2_PLACEMENT_3D('',#15975,#13067,#13068);
#10691=AXIS2_PLACEMENT_3D('',#15976,#13069,#13070);
#10692=AXIS2_PLACEMENT_3D('',#15977,#13071,#13072);
#10693=AXIS2_PLACEMENT_3D('',#15978,#13073,#13074);
#10694=AXIS2_PLACEMENT_3D('',#15979,#13075,#13076);
#10695=AXIS2_PLACEMENT_3D('',#15980,#13077,#13078);
#10696=AXIS2_PLACEMENT_3D('',#15981,#13079,#13080);
#10697=AXIS2_PLACEMENT_3D('',#15982,#13081,#13082);
#10698=AXIS2_PLACEMENT_3D('',#15983,#13083,#13084);
#10699=AXIS2_PLACEMENT_3D('',#15984,#13085,#13086);
#10700=AXIS2_PLACEMENT_3D('',#15985,#13087,#13088);
#10701=AXIS2_PLACEMENT_3D('',#15986,#13089,#13090);
#10702=AXIS2_PLACEMENT_3D('',#15987,#13091,#13092);
#10703=AXIS2_PLACEMENT_3D('',#15988,#13093,#13094);
#10704=AXIS2_PLACEMENT_3D('',#15989,#13095,#13096);
#10705=AXIS2_PLACEMENT_3D('',#15990,#13097,#13098);
#10706=AXIS2_PLACEMENT_3D('',#15991,#13099,#13100);
#10707=AXIS2_PLACEMENT_3D('',#15992,#13101,#13102);
#10708=AXIS2_PLACEMENT_3D('',#15993,#13103,#13104);
#10709=AXIS2_PLACEMENT_3D('',#15994,#13105,#13106);
#10710=AXIS2_PLACEMENT_3D('',#16000,#13110,#13111);
#10711=AXIS2_PLACEMENT_3D('',#16004,#13114,#13115);
#10712=AXIS2_PLACEMENT_3D('',#16008,#13118,#13119);
#10713=AXIS2_PLACEMENT_3D('',#16010,#13121,#13122);
#10714=AXIS2_PLACEMENT_3D('',#16011,#13123,#13124);
#10715=AXIS2_PLACEMENT_3D('',#16017,#13128,#13129);
#10716=AXIS2_PLACEMENT_3D('',#16021,#13132,#13133);
#10717=AXIS2_PLACEMENT_3D('',#16025,#13136,#13137);
#10718=AXIS2_PLACEMENT_3D('',#16027,#13139,#13140);
#10719=AXIS2_PLACEMENT_3D('',#16028,#13141,#13142);
#10720=AXIS2_PLACEMENT_3D('',#16034,#13146,#13147);
#10721=AXIS2_PLACEMENT_3D('',#16038,#13150,#13151);
#10722=AXIS2_PLACEMENT_3D('',#16042,#13154,#13155);
#10723=AXIS2_PLACEMENT_3D('',#16044,#13157,#13158);
#10724=AXIS2_PLACEMENT_3D('',#16045,#13159,#13160);
#10725=AXIS2_PLACEMENT_3D('',#16051,#13164,#13165);
#10726=AXIS2_PLACEMENT_3D('',#16055,#13168,#13169);
#10727=AXIS2_PLACEMENT_3D('',#16059,#13172,#13173);
#10728=AXIS2_PLACEMENT_3D('',#16061,#13175,#13176);
#10729=AXIS2_PLACEMENT_3D('',#16062,#13177,#13178);
#10730=AXIS2_PLACEMENT_3D('',#16068,#13182,#13183);
#10731=AXIS2_PLACEMENT_3D('',#16074,#13187,#13188);
#10732=AXIS2_PLACEMENT_3D('',#16076,#13190,#13191);
#10733=AXIS2_PLACEMENT_3D('',#16078,#13193,#13194);
#10734=AXIS2_PLACEMENT_3D('',#16079,#13195,#13196);
#10735=AXIS2_PLACEMENT_3D('',#16085,#13200,#13201);
#10736=AXIS2_PLACEMENT_3D('',#16091,#13205,#13206);
#10737=AXIS2_PLACEMENT_3D('',#16093,#13208,#13209);
#10738=AXIS2_PLACEMENT_3D('',#16095,#13211,#13212);
#10739=AXIS2_PLACEMENT_3D('',#16096,#13213,#13214);
#10740=DIRECTION('',(0.,0.,1.));
#10741=DIRECTION('',(1.,0.,0.));
#10742=DIRECTION('',(0.,0.,1.));
#10743=DIRECTION('',(1.,0.,0.));
#10744=DIRECTION('',(1.,0.,0.));
#10745=DIRECTION('',(0.,1.,0.));
#10746=DIRECTION('',(1.,0.,0.));
#10747=DIRECTION('',(0.,1.,0.));
#10748=DIRECTION('',(-1.,0.,0.));
#10749=DIRECTION('',(0.,1.,0.));
#10750=DIRECTION('',(-1.,0.,0.));
#10751=DIRECTION('',(0.,1.,0.));
#10752=DIRECTION('',(0.5,0.866025403784439,0.));
#10753=DIRECTION('',(1.,0.,0.));
#10754=DIRECTION('',(0.5,-0.866025403784437,0.));
#10755=DIRECTION('',(-0.5,-0.866025403784439,0.));
#10756=DIRECTION('',(-1.,0.,0.));
#10757=DIRECTION('',(-0.5,0.866025403784437,0.));
#10758=DIRECTION('',(0.5,0.866025403784439,0.));
#10759=DIRECTION('',(1.,0.,0.));
#10760=DIRECTION('',(0.5,-0.866025403784437,0.));
#10761=DIRECTION('',(-0.5,-0.866025403784439,0.));
#10762=DIRECTION('',(-1.,0.,0.));
#10763=DIRECTION('',(-0.5,0.866025403784437,0.));
#10764=DIRECTION('',(0.5,0.866025403784439,0.));
#10765=DIRECTION('',(1.,0.,0.));
#10766=DIRECTION('',(0.5,-0.866025403784437,0.));
#10767=DIRECTION('',(-0.5,-0.866025403784439,0.));
#10768=DIRECTION('',(-1.,0.,0.));
#10769=DIRECTION('',(-0.5,0.866025403784437,0.));
#10770=DIRECTION('',(0.5,0.866025403784439,0.));
#10771=DIRECTION('',(1.,0.,0.));
#10772=DIRECTION('',(0.5,-0.866025403784437,0.));
#10773=DIRECTION('',(-0.5,-0.866025403784439,0.));
#10774=DIRECTION('',(-1.,0.,0.));
#10775=DIRECTION('',(-0.5,0.866025403784437,0.));
#10776=DIRECTION('',(0.5,0.866025403784439,0.));
#10777=DIRECTION('',(1.,0.,0.));
#10778=DIRECTION('',(0.5,-0.866025403784437,0.));
#10779=DIRECTION('',(-0.5,-0.866025403784439,0.));
#10780=DIRECTION('',(-1.,0.,0.));
#10781=DIRECTION('',(-0.5,0.866025403784437,0.));
#10782=DIRECTION('',(0.5,0.866025403784439,0.));
#10783=DIRECTION('',(1.,0.,0.));
#10784=DIRECTION('',(0.5,-0.866025403784437,0.));
#10785=DIRECTION('',(-0.5,-0.866025403784439,0.));
#10786=DIRECTION('',(-1.,0.,0.));
#10787=DIRECTION('',(-0.5,0.866025403784437,0.));
#10788=DIRECTION('',(0.5,0.866025403784439,0.));
#10789=DIRECTION('',(1.,0.,0.));
#10790=DIRECTION('',(0.5,-0.866025403784437,0.));
#10791=DIRECTION('',(-0.5,-0.866025403784439,0.));
#10792=DIRECTION('',(-1.,0.,0.));
#10793=DIRECTION('',(-0.5,0.866025403784437,0.));
#10794=DIRECTION('',(0.5,0.866025403784439,0.));
#10795=DIRECTION('',(1.,0.,0.));
#10796=DIRECTION('',(0.5,-0.866025403784437,0.));
#10797=DIRECTION('',(-0.5,-0.866025403784439,0.));
#10798=DIRECTION('',(-1.,0.,0.));
#10799=DIRECTION('',(-0.5,0.866025403784437,0.));
#10800=DIRECTION('',(0.5,0.866025403784439,0.));
#10801=DIRECTION('',(1.,0.,0.));
#10802=DIRECTION('',(0.5,-0.866025403784437,0.));
#10803=DIRECTION('',(-0.5,-0.866025403784439,0.));
#10804=DIRECTION('',(-1.,0.,0.));
#10805=DIRECTION('',(-0.5,0.866025403784437,0.));
#10806=DIRECTION('',(0.5,0.866025403784439,0.));
#10807=DIRECTION('',(1.,0.,0.));
#10808=DIRECTION('',(0.5,-0.866025403784437,0.));
#10809=DIRECTION('',(-0.5,-0.866025403784439,0.));
#10810=DIRECTION('',(-1.,0.,0.));
#10811=DIRECTION('',(-0.5,0.866025403784437,0.));
#10812=DIRECTION('',(0.5,0.866025403784439,0.));
#10813=DIRECTION('',(1.,0.,0.));
#10814=DIRECTION('',(0.5,-0.866025403784437,0.));
#10815=DIRECTION('',(-0.5,-0.866025403784439,0.));
#10816=DIRECTION('',(-1.,0.,0.));
#10817=DIRECTION('',(-0.5,0.866025403784437,0.));
#10818=DIRECTION('',(0.5,0.866025403784439,0.));
#10819=DIRECTION('',(1.,0.,0.));
#10820=DIRECTION('',(0.5,-0.866025403784437,0.));
#10821=DIRECTION('',(-0.5,-0.866025403784439,0.));
#10822=DIRECTION('',(-1.,0.,0.));
#10823=DIRECTION('',(-0.5,0.866025403784437,0.));
#10824=DIRECTION('',(0.5,0.866025403784439,0.));
#10825=DIRECTION('',(1.,0.,0.));
#10826=DIRECTION('',(0.5,-0.866025403784437,0.));
#10827=DIRECTION('',(-0.5,-0.866025403784439,0.));
#10828=DIRECTION('',(-1.,0.,0.));
#10829=DIRECTION('',(-0.5,0.866025403784437,0.));
#10830=DIRECTION('',(0.5,0.866025403784439,0.));
#10831=DIRECTION('',(1.,0.,0.));
#10832=DIRECTION('',(0.5,-0.866025403784437,0.));
#10833=DIRECTION('',(-0.5,-0.866025403784439,0.));
#10834=DIRECTION('',(-1.,0.,0.));
#10835=DIRECTION('',(-0.5,0.866025403784437,0.));
#10836=DIRECTION('',(0.5,0.866025403784439,0.));
#10837=DIRECTION('',(1.,0.,0.));
#10838=DIRECTION('',(0.5,-0.866025403784437,0.));
#10839=DIRECTION('',(-0.5,-0.866025403784439,0.));
#10840=DIRECTION('',(-1.,0.,0.));
#10841=DIRECTION('',(-0.5,0.866025403784437,0.));
#10842=DIRECTION('',(0.5,0.866025403784439,0.));
#10843=DIRECTION('',(1.,0.,0.));
#10844=DIRECTION('',(0.5,-0.866025403784437,0.));
#10845=DIRECTION('',(-0.5,-0.866025403784439,0.));
#10846=DIRECTION('',(-1.,0.,0.));
#10847=DIRECTION('',(-0.5,0.866025403784437,0.));
#10848=DIRECTION('',(0.5,0.866025403784439,0.));
#10849=DIRECTION('',(1.,0.,0.));
#10850=DIRECTION('',(0.5,-0.866025403784437,0.));
#10851=DIRECTION('',(-0.5,-0.866025403784439,0.));
#10852=DIRECTION('',(-1.,0.,0.));
#10853=DIRECTION('',(-0.5,0.866025403784437,0.));
#10854=DIRECTION('',(0.5,0.866025403784439,0.));
#10855=DIRECTION('',(1.,0.,0.));
#10856=DIRECTION('',(0.5,-0.866025403784437,0.));
#10857=DIRECTION('',(-0.5,-0.866025403784439,0.));
#10858=DIRECTION('',(-1.,0.,0.));
#10859=DIRECTION('',(-0.5,0.866025403784437,0.));
#10860=DIRECTION('',(0.5,0.866025403784439,0.));
#10861=DIRECTION('',(1.,0.,0.));
#10862=DIRECTION('',(0.5,-0.866025403784437,0.));
#10863=DIRECTION('',(-0.5,-0.866025403784439,0.));
#10864=DIRECTION('',(-1.,0.,0.));
#10865=DIRECTION('',(-0.5,0.866025403784437,0.));
#10866=DIRECTION('',(0.5,0.866025403784439,0.));
#10867=DIRECTION('',(1.,0.,0.));
#10868=DIRECTION('',(0.5,-0.866025403784437,0.));
#10869=DIRECTION('',(-0.5,-0.866025403784439,0.));
#10870=DIRECTION('',(-1.,0.,0.));
#10871=DIRECTION('',(-0.5,0.866025403784437,0.));
#10872=DIRECTION('',(0.5,0.866025403784439,0.));
#10873=DIRECTION('',(1.,0.,0.));
#10874=DIRECTION('',(0.5,-0.866025403784437,0.));
#10875=DIRECTION('',(-0.5,-0.866025403784439,0.));
#10876=DIRECTION('',(-1.,0.,0.));
#10877=DIRECTION('',(-0.5,0.866025403784437,0.));
#10878=DIRECTION('',(0.5,0.866025403784439,0.));
#10879=DIRECTION('',(1.,0.,0.));
#10880=DIRECTION('',(0.5,-0.866025403784437,0.));
#10881=DIRECTION('',(-0.5,-0.866025403784439,0.));
#10882=DIRECTION('',(-1.,0.,0.));
#10883=DIRECTION('',(-0.5,0.866025403784437,0.));
#10884=DIRECTION('',(0.5,0.866025403784439,0.));
#10885=DIRECTION('',(1.,0.,0.));
#10886=DIRECTION('',(0.5,-0.866025403784437,0.));
#10887=DIRECTION('',(-0.5,-0.866025403784439,0.));
#10888=DIRECTION('',(-1.,0.,0.));
#10889=DIRECTION('',(-0.5,0.866025403784437,0.));
#10890=DIRECTION('',(0.5,0.866025403784439,0.));
#10891=DIRECTION('',(1.,0.,0.));
#10892=DIRECTION('',(0.5,-0.866025403784437,0.));
#10893=DIRECTION('',(-0.5,-0.866025403784439,0.));
#10894=DIRECTION('',(-1.,0.,0.));
#10895=DIRECTION('',(-0.5,0.866025403784437,0.));
#10896=DIRECTION('',(0.5,0.866025403784439,0.));
#10897=DIRECTION('',(1.,0.,0.));
#10898=DIRECTION('',(0.5,-0.866025403784437,0.));
#10899=DIRECTION('',(-0.5,-0.866025403784439,0.));
#10900=DIRECTION('',(-1.,0.,0.));
#10901=DIRECTION('',(-0.5,0.866025403784437,0.));
#10902=DIRECTION('',(0.5,0.866025403784439,0.));
#10903=DIRECTION('',(1.,0.,0.));
#10904=DIRECTION('',(0.5,-0.866025403784437,0.));
#10905=DIRECTION('',(-0.5,-0.866025403784439,0.));
#10906=DIRECTION('',(-1.,0.,0.));
#10907=DIRECTION('',(-0.5,0.866025403784437,0.));
#10908=DIRECTION('',(0.5,0.866025403784439,0.));
#10909=DIRECTION('',(1.,0.,0.));
#10910=DIRECTION('',(0.5,-0.866025403784437,0.));
#10911=DIRECTION('',(-0.5,-0.866025403784439,0.));
#10912=DIRECTION('',(-1.,0.,0.));
#10913=DIRECTION('',(-0.5,0.866025403784437,0.));
#10914=DIRECTION('',(0.5,0.866025403784439,0.));
#10915=DIRECTION('',(1.,0.,0.));
#10916=DIRECTION('',(0.5,-0.866025403784437,0.));
#10917=DIRECTION('',(-0.5,-0.866025403784439,0.));
#10918=DIRECTION('',(-1.,0.,0.));
#10919=DIRECTION('',(-0.5,0.866025403784437,0.));
#10920=DIRECTION('',(0.5,0.866025403784439,0.));
#10921=DIRECTION('',(1.,0.,0.));
#10922=DIRECTION('',(0.5,-0.866025403784437,0.));
#10923=DIRECTION('',(-0.5,-0.866025403784439,0.));
#10924=DIRECTION('',(-1.,0.,0.));
#10925=DIRECTION('',(-0.5,0.866025403784437,0.));
#10926=DIRECTION('',(0.5,0.866025403784439,0.));
#10927=DIRECTION('',(1.,0.,0.));
#10928=DIRECTION('',(0.5,-0.866025403784437,0.));
#10929=DIRECTION('',(-0.5,-0.866025403784439,0.));
#10930=DIRECTION('',(-1.,0.,0.));
#10931=DIRECTION('',(-0.5,0.866025403784437,0.));
#10932=DIRECTION('',(0.5,0.866025403784439,0.));
#10933=DIRECTION('',(1.,0.,0.));
#10934=DIRECTION('',(0.5,-0.866025403784437,0.));
#10935=DIRECTION('',(-0.5,-0.866025403784439,0.));
#10936=DIRECTION('',(-1.,0.,0.));
#10937=DIRECTION('',(-0.5,0.866025403784437,0.));
#10938=DIRECTION('',(0.5,0.866025403784439,0.));
#10939=DIRECTION('',(1.,0.,0.));
#10940=DIRECTION('',(0.5,-0.866025403784437,0.));
#10941=DIRECTION('',(-0.5,-0.866025403784439,0.));
#10942=DIRECTION('',(-1.,0.,0.));
#10943=DIRECTION('',(-0.5,0.866025403784437,0.));
#10944=DIRECTION('',(0.5,0.866025403784439,0.));
#10945=DIRECTION('',(1.,0.,0.));
#10946=DIRECTION('',(0.5,-0.866025403784437,0.));
#10947=DIRECTION('',(-0.5,-0.866025403784439,0.));
#10948=DIRECTION('',(-1.,0.,0.));
#10949=DIRECTION('',(-0.5,0.866025403784437,0.));
#10950=DIRECTION('',(0.5,0.866025403784439,0.));
#10951=DIRECTION('',(1.,0.,0.));
#10952=DIRECTION('',(0.5,-0.866025403784437,0.));
#10953=DIRECTION('',(-0.5,-0.866025403784439,0.));
#10954=DIRECTION('',(-1.,0.,0.));
#10955=DIRECTION('',(-0.5,0.866025403784437,0.));
#10956=DIRECTION('',(0.5,0.866025403784439,0.));
#10957=DIRECTION('',(1.,0.,0.));
#10958=DIRECTION('',(0.5,-0.866025403784437,0.));
#10959=DIRECTION('',(-0.5,-0.866025403784439,0.));
#10960=DIRECTION('',(-1.,0.,0.));
#10961=DIRECTION('',(-0.5,0.866025403784437,0.));
#10962=DIRECTION('',(0.5,0.866025403784439,0.));
#10963=DIRECTION('',(1.,0.,0.));
#10964=DIRECTION('',(0.5,-0.866025403784437,0.));
#10965=DIRECTION('',(-0.5,-0.866025403784439,0.));
#10966=DIRECTION('',(-1.,0.,0.));
#10967=DIRECTION('',(-0.5,0.866025403784437,0.));
#10968=DIRECTION('',(0.5,0.866025403784439,0.));
#10969=DIRECTION('',(1.,0.,0.));
#10970=DIRECTION('',(0.5,-0.866025403784437,0.));
#10971=DIRECTION('',(-0.5,-0.866025403784439,0.));
#10972=DIRECTION('',(-1.,0.,0.));
#10973=DIRECTION('',(-0.5,0.866025403784437,0.));
#10974=DIRECTION('',(0.5,0.866025403784439,0.));
#10975=DIRECTION('',(1.,0.,0.));
#10976=DIRECTION('',(0.5,-0.866025403784437,0.));
#10977=DIRECTION('',(-0.5,-0.866025403784439,0.));
#10978=DIRECTION('',(-1.,0.,0.));
#10979=DIRECTION('',(-0.5,0.866025403784437,0.));
#10980=DIRECTION('',(0.5,0.866025403784439,0.));
#10981=DIRECTION('',(1.,0.,0.));
#10982=DIRECTION('',(0.5,-0.866025403784437,0.));
#10983=DIRECTION('',(-0.5,-0.866025403784439,0.));
#10984=DIRECTION('',(-1.,0.,0.));
#10985=DIRECTION('',(-0.5,0.866025403784437,0.));
#10986=DIRECTION('',(0.5,0.866025403784439,0.));
#10987=DIRECTION('',(1.,0.,0.));
#10988=DIRECTION('',(0.5,-0.866025403784437,0.));
#10989=DIRECTION('',(-0.5,-0.866025403784439,0.));
#10990=DIRECTION('',(-1.,0.,0.));
#10991=DIRECTION('',(-0.5,0.866025403784437,0.));
#10992=DIRECTION('',(0.5,0.866025403784439,0.));
#10993=DIRECTION('',(1.,0.,0.));
#10994=DIRECTION('',(0.5,-0.866025403784437,0.));
#10995=DIRECTION('',(-0.5,-0.866025403784439,0.));
#10996=DIRECTION('',(-1.,0.,0.));
#10997=DIRECTION('',(-0.5,0.866025403784437,0.));
#10998=DIRECTION('',(0.5,0.866025403784439,0.));
#10999=DIRECTION('',(1.,0.,0.));
#11000=DIRECTION('',(0.5,-0.866025403784437,0.));
#11001=DIRECTION('',(-0.5,-0.866025403784439,0.));
#11002=DIRECTION('',(-1.,0.,0.));
#11003=DIRECTION('',(-0.5,0.866025403784437,0.));
#11004=DIRECTION('',(0.5,0.866025403784439,0.));
#11005=DIRECTION('',(1.,0.,0.));
#11006=DIRECTION('',(0.5,-0.866025403784437,0.));
#11007=DIRECTION('',(-0.5,-0.866025403784439,0.));
#11008=DIRECTION('',(-1.,0.,0.));
#11009=DIRECTION('',(-0.5,0.866025403784437,0.));
#11010=DIRECTION('',(0.5,0.866025403784439,0.));
#11011=DIRECTION('',(1.,0.,0.));
#11012=DIRECTION('',(0.5,-0.866025403784437,0.));
#11013=DIRECTION('',(-0.5,-0.866025403784439,0.));
#11014=DIRECTION('',(-1.,0.,0.));
#11015=DIRECTION('',(-0.5,0.866025403784437,0.));
#11016=DIRECTION('',(0.5,0.866025403784439,0.));
#11017=DIRECTION('',(1.,0.,0.));
#11018=DIRECTION('',(0.5,-0.866025403784437,0.));
#11019=DIRECTION('',(-0.5,-0.866025403784439,0.));
#11020=DIRECTION('',(-1.,0.,0.));
#11021=DIRECTION('',(-0.5,0.866025403784437,0.));
#11022=DIRECTION('',(0.5,0.866025403784439,0.));
#11023=DIRECTION('',(1.,0.,0.));
#11024=DIRECTION('',(0.5,-0.866025403784437,0.));
#11025=DIRECTION('',(-0.5,-0.866025403784439,0.));
#11026=DIRECTION('',(-1.,0.,0.));
#11027=DIRECTION('',(-0.5,0.866025403784437,0.));
#11028=DIRECTION('',(0.5,0.866025403784439,0.));
#11029=DIRECTION('',(1.,0.,0.));
#11030=DIRECTION('',(0.5,-0.866025403784437,0.));
#11031=DIRECTION('',(-0.5,-0.866025403784439,0.));
#11032=DIRECTION('',(-1.,0.,0.));
#11033=DIRECTION('',(-0.5,0.866025403784437,0.));
#11034=DIRECTION('',(0.5,0.866025403784439,0.));
#11035=DIRECTION('',(1.,0.,0.));
#11036=DIRECTION('',(0.5,-0.866025403784437,0.));
#11037=DIRECTION('',(-0.5,-0.866025403784439,0.));
#11038=DIRECTION('',(-1.,0.,0.));
#11039=DIRECTION('',(-0.5,0.866025403784437,0.));
#11040=DIRECTION('',(0.5,0.866025403784439,0.));
#11041=DIRECTION('',(1.,0.,0.));
#11042=DIRECTION('',(0.5,-0.866025403784437,0.));
#11043=DIRECTION('',(-0.5,-0.866025403784439,0.));
#11044=DIRECTION('',(-1.,0.,0.));
#11045=DIRECTION('',(-0.5,0.866025403784437,0.));
#11046=DIRECTION('',(0.5,0.866025403784439,0.));
#11047=DIRECTION('',(1.,0.,0.));
#11048=DIRECTION('',(0.5,-0.866025403784437,0.));
#11049=DIRECTION('',(-0.5,-0.866025403784439,0.));
#11050=DIRECTION('',(-1.,0.,0.));
#11051=DIRECTION('',(-0.5,0.866025403784437,0.));
#11052=DIRECTION('',(0.5,0.866025403784439,0.));
#11053=DIRECTION('',(1.,0.,0.));
#11054=DIRECTION('',(0.5,-0.866025403784437,0.));
#11055=DIRECTION('',(-0.5,-0.866025403784439,0.));
#11056=DIRECTION('',(-1.,0.,0.));
#11057=DIRECTION('',(-0.5,0.866025403784437,0.));
#11058=DIRECTION('',(0.5,0.866025403784439,0.));
#11059=DIRECTION('',(1.,0.,0.));
#11060=DIRECTION('',(0.5,-0.866025403784437,0.));
#11061=DIRECTION('',(-0.5,-0.866025403784439,0.));
#11062=DIRECTION('',(-1.,0.,0.));
#11063=DIRECTION('',(-0.5,0.866025403784437,0.));
#11064=DIRECTION('',(0.5,0.866025403784439,0.));
#11065=DIRECTION('',(1.,0.,0.));
#11066=DIRECTION('',(0.5,-0.866025403784437,0.));
#11067=DIRECTION('',(-0.5,-0.866025403784439,0.));
#11068=DIRECTION('',(-1.,0.,0.));
#11069=DIRECTION('',(-0.5,0.866025403784437,0.));
#11070=DIRECTION('',(0.5,0.866025403784439,0.));
#11071=DIRECTION('',(1.,0.,0.));
#11072=DIRECTION('',(0.5,-0.866025403784437,0.));
#11073=DIRECTION('',(-0.5,-0.866025403784439,0.));
#11074=DIRECTION('',(-1.,0.,0.));
#11075=DIRECTION('',(-0.5,0.866025403784437,0.));
#11076=DIRECTION('',(1.,0.,0.));
#11077=DIRECTION('',(0.,-1.,0.));
#11078=DIRECTION('',(-1.,0.,0.));
#11079=DIRECTION('',(0.,-1.,0.));
#11080=DIRECTION('',(1.,0.,0.));
#11081=DIRECTION('',(0.,-1.,0.));
#11082=DIRECTION('',(1.,0.,0.));
#11083=DIRECTION('',(0.,-1.,0.));
#11084=DIRECTION('',(1.,0.,0.));
#11085=DIRECTION('',(0.,0.,1.));
#11086=DIRECTION('',(1.,0.,0.));
#11087=DIRECTION('',(5.9818050895752E-17,-1.,0.));
#11088=DIRECTION('',(0.,0.,1.));
#11089=DIRECTION('',(1.,0.,0.));
#11090=DIRECTION('',(1.,0.,0.));
#11091=DIRECTION('',(0.,0.,1.));
#11092=DIRECTION('',(1.,0.,0.));
#11093=DIRECTION('',(0.,-1.,0.));
#11094=DIRECTION('',(0.,0.,1.));
#11095=DIRECTION('',(1.,0.,0.));
#11096=DIRECTION('',(0.866025403784439,-0.5,0.));
#11097=DIRECTION('',(0.5,0.866025403784439,0.));
#11098=DIRECTION('',(0.,0.,1.));
#11099=DIRECTION('',(0.5,0.866025403784439,0.));
#11100=DIRECTION('',(0.,0.,1.));
#11101=DIRECTION('',(0.866025403784438,0.5,0.));
#11102=DIRECTION('',(-0.5,0.866025403784437,0.));
#11103=DIRECTION('',(0.,0.,1.));
#11104=DIRECTION('',(-0.5,0.866025403784437,0.));
#11105=DIRECTION('',(0.,1.,0.));
#11106=DIRECTION('',(0.,0.,1.));
#11107=DIRECTION('',(0.,0.,1.));
#11108=DIRECTION('',(-1.,0.,0.));
#11109=DIRECTION('',(-0.866025403784439,0.5,0.));
#11110=DIRECTION('',(-0.5,-0.866025403784439,0.));
#11111=DIRECTION('',(0.,0.,1.));
#11112=DIRECTION('',(-0.5,-0.866025403784439,0.));
#11113=DIRECTION('',(-0.866025403784438,-0.5,0.));
#11114=DIRECTION('',(0.5,-0.866025403784437,0.));
#11115=DIRECTION('',(0.,0.,1.));
#11116=DIRECTION('',(0.5,-0.866025403784437,0.));
#11117=DIRECTION('',(0.,-1.,0.));
#11118=DIRECTION('',(0.,0.,-1.));
#11119=DIRECTION('',(1.,0.,0.));
#11120=DIRECTION('',(0.866025403784439,-0.5,0.));
#11121=DIRECTION('',(0.5,0.866025403784439,0.));
#11122=DIRECTION('',(0.,0.,1.));
#11123=DIRECTION('',(0.5,0.866025403784439,0.));
#11124=DIRECTION('',(0.,0.,1.));
#11125=DIRECTION('',(0.866025403784438,0.5,0.));
#11126=DIRECTION('',(-0.5,0.866025403784437,0.));
#11127=DIRECTION('',(0.,0.,1.));
#11128=DIRECTION('',(-0.5,0.866025403784437,0.));
#11129=DIRECTION('',(0.,1.,0.));
#11130=DIRECTION('',(0.,0.,1.));
#11131=DIRECTION('',(0.,0.,1.));
#11132=DIRECTION('',(-1.,0.,0.));
#11133=DIRECTION('',(-0.866025403784439,0.5,0.));
#11134=DIRECTION('',(-0.5,-0.866025403784439,0.));
#11135=DIRECTION('',(0.,0.,1.));
#11136=DIRECTION('',(-0.5,-0.866025403784439,0.));
#11137=DIRECTION('',(-0.866025403784438,-0.5,0.));
#11138=DIRECTION('',(0.5,-0.866025403784437,0.));
#11139=DIRECTION('',(0.,0.,1.));
#11140=DIRECTION('',(0.5,-0.866025403784437,0.));
#11141=DIRECTION('',(0.,-1.,0.));
#11142=DIRECTION('',(0.,0.,-1.));
#11143=DIRECTION('',(1.,0.,0.));
#11144=DIRECTION('',(0.866025403784439,-0.5,0.));
#11145=DIRECTION('',(0.5,0.866025403784439,0.));
#11146=DIRECTION('',(0.,0.,1.));
#11147=DIRECTION('',(0.5,0.866025403784439,0.));
#11148=DIRECTION('',(0.,0.,1.));
#11149=DIRECTION('',(0.866025403784438,0.5,0.));
#11150=DIRECTION('',(-0.5,0.866025403784437,0.));
#11151=DIRECTION('',(0.,0.,1.));
#11152=DIRECTION('',(-0.5,0.866025403784437,0.));
#11153=DIRECTION('',(0.,1.,0.));
#11154=DIRECTION('',(0.,0.,1.));
#11155=DIRECTION('',(0.,0.,1.));
#11156=DIRECTION('',(-1.,0.,0.));
#11157=DIRECTION('',(-0.866025403784439,0.5,0.));
#11158=DIRECTION('',(-0.5,-0.866025403784439,0.));
#11159=DIRECTION('',(0.,0.,1.));
#11160=DIRECTION('',(-0.5,-0.866025403784439,0.));
#11161=DIRECTION('',(-0.866025403784438,-0.5,0.));
#11162=DIRECTION('',(0.5,-0.866025403784437,0.));
#11163=DIRECTION('',(0.,0.,1.));
#11164=DIRECTION('',(0.5,-0.866025403784437,0.));
#11165=DIRECTION('',(0.,-1.,0.));
#11166=DIRECTION('',(0.,0.,-1.));
#11167=DIRECTION('',(1.,0.,0.));
#11168=DIRECTION('',(0.866025403784439,-0.5,0.));
#11169=DIRECTION('',(0.5,0.866025403784439,0.));
#11170=DIRECTION('',(0.,0.,1.));
#11171=DIRECTION('',(0.5,0.866025403784439,0.));
#11172=DIRECTION('',(0.,0.,1.));
#11173=DIRECTION('',(0.866025403784438,0.5,0.));
#11174=DIRECTION('',(-0.5,0.866025403784437,0.));
#11175=DIRECTION('',(0.,0.,1.));
#11176=DIRECTION('',(-0.5,0.866025403784437,0.));
#11177=DIRECTION('',(0.,1.,0.));
#11178=DIRECTION('',(0.,0.,1.));
#11179=DIRECTION('',(0.,0.,1.));
#11180=DIRECTION('',(-1.,0.,0.));
#11181=DIRECTION('',(-0.866025403784439,0.5,0.));
#11182=DIRECTION('',(-0.5,-0.866025403784439,0.));
#11183=DIRECTION('',(0.,0.,1.));
#11184=DIRECTION('',(-0.5,-0.866025403784439,0.));
#11185=DIRECTION('',(-0.866025403784438,-0.5,0.));
#11186=DIRECTION('',(0.5,-0.866025403784437,0.));
#11187=DIRECTION('',(0.,0.,1.));
#11188=DIRECTION('',(0.5,-0.866025403784437,0.));
#11189=DIRECTION('',(0.,-1.,0.));
#11190=DIRECTION('',(0.,0.,-1.));
#11191=DIRECTION('',(1.,0.,0.));
#11192=DIRECTION('',(0.866025403784439,-0.5,0.));
#11193=DIRECTION('',(0.5,0.866025403784439,0.));
#11194=DIRECTION('',(0.,0.,1.));
#11195=DIRECTION('',(0.5,0.866025403784439,0.));
#11196=DIRECTION('',(0.,0.,1.));
#11197=DIRECTION('',(0.866025403784438,0.5,0.));
#11198=DIRECTION('',(-0.5,0.866025403784437,0.));
#11199=DIRECTION('',(0.,0.,1.));
#11200=DIRECTION('',(-0.5,0.866025403784437,0.));
#11201=DIRECTION('',(0.,1.,0.));
#11202=DIRECTION('',(0.,0.,1.));
#11203=DIRECTION('',(0.,0.,1.));
#11204=DIRECTION('',(-1.,0.,0.));
#11205=DIRECTION('',(-0.866025403784439,0.5,0.));
#11206=DIRECTION('',(-0.5,-0.866025403784439,0.));
#11207=DIRECTION('',(0.,0.,1.));
#11208=DIRECTION('',(-0.5,-0.866025403784439,0.));
#11209=DIRECTION('',(-0.866025403784438,-0.5,0.));
#11210=DIRECTION('',(0.5,-0.866025403784437,0.));
#11211=DIRECTION('',(0.,0.,1.));
#11212=DIRECTION('',(0.5,-0.866025403784437,0.));
#11213=DIRECTION('',(0.,-1.,0.));
#11214=DIRECTION('',(0.,0.,-1.));
#11215=DIRECTION('',(1.,0.,0.));
#11216=DIRECTION('',(0.866025403784439,-0.5,0.));
#11217=DIRECTION('',(0.5,0.866025403784439,0.));
#11218=DIRECTION('',(0.,0.,1.));
#11219=DIRECTION('',(0.5,0.866025403784439,0.));
#11220=DIRECTION('',(0.,0.,1.));
#11221=DIRECTION('',(0.866025403784438,0.5,0.));
#11222=DIRECTION('',(-0.5,0.866025403784437,0.));
#11223=DIRECTION('',(0.,0.,1.));
#11224=DIRECTION('',(-0.5,0.866025403784437,0.));
#11225=DIRECTION('',(0.,1.,0.));
#11226=DIRECTION('',(0.,0.,1.));
#11227=DIRECTION('',(0.,0.,1.));
#11228=DIRECTION('',(-1.,0.,0.));
#11229=DIRECTION('',(-0.866025403784439,0.5,0.));
#11230=DIRECTION('',(-0.5,-0.866025403784439,0.));
#11231=DIRECTION('',(0.,0.,1.));
#11232=DIRECTION('',(-0.5,-0.866025403784439,0.));
#11233=DIRECTION('',(-0.866025403784438,-0.5,0.));
#11234=DIRECTION('',(0.5,-0.866025403784437,0.));
#11235=DIRECTION('',(0.,0.,1.));
#11236=DIRECTION('',(0.5,-0.866025403784437,0.));
#11237=DIRECTION('',(0.,-1.,0.));
#11238=DIRECTION('',(0.,0.,-1.));
#11239=DIRECTION('',(1.,0.,0.));
#11240=DIRECTION('',(0.866025403784439,-0.5,0.));
#11241=DIRECTION('',(0.5,0.866025403784439,0.));
#11242=DIRECTION('',(0.,0.,1.));
#11243=DIRECTION('',(0.5,0.866025403784439,0.));
#11244=DIRECTION('',(0.,0.,1.));
#11245=DIRECTION('',(0.866025403784438,0.5,0.));
#11246=DIRECTION('',(-0.5,0.866025403784437,0.));
#11247=DIRECTION('',(0.,0.,1.));
#11248=DIRECTION('',(-0.5,0.866025403784437,0.));
#11249=DIRECTION('',(0.,1.,0.));
#11250=DIRECTION('',(0.,0.,1.));
#11251=DIRECTION('',(0.,0.,1.));
#11252=DIRECTION('',(-1.,0.,0.));
#11253=DIRECTION('',(-0.866025403784439,0.5,0.));
#11254=DIRECTION('',(-0.5,-0.866025403784439,0.));
#11255=DIRECTION('',(0.,0.,1.));
#11256=DIRECTION('',(-0.5,-0.866025403784439,0.));
#11257=DIRECTION('',(-0.866025403784438,-0.5,0.));
#11258=DIRECTION('',(0.5,-0.866025403784437,0.));
#11259=DIRECTION('',(0.,0.,1.));
#11260=DIRECTION('',(0.5,-0.866025403784437,0.));
#11261=DIRECTION('',(0.,-1.,0.));
#11262=DIRECTION('',(0.,0.,-1.));
#11263=DIRECTION('',(1.,0.,0.));
#11264=DIRECTION('',(0.866025403784439,-0.5,0.));
#11265=DIRECTION('',(0.5,0.866025403784439,0.));
#11266=DIRECTION('',(0.,0.,1.));
#11267=DIRECTION('',(0.5,0.866025403784439,0.));
#11268=DIRECTION('',(0.,0.,1.));
#11269=DIRECTION('',(0.866025403784438,0.5,0.));
#11270=DIRECTION('',(-0.5,0.866025403784437,0.));
#11271=DIRECTION('',(0.,0.,1.));
#11272=DIRECTION('',(-0.5,0.866025403784437,0.));
#11273=DIRECTION('',(0.,1.,0.));
#11274=DIRECTION('',(0.,0.,1.));
#11275=DIRECTION('',(0.,0.,1.));
#11276=DIRECTION('',(-1.,0.,0.));
#11277=DIRECTION('',(-0.866025403784439,0.5,0.));
#11278=DIRECTION('',(-0.5,-0.866025403784439,0.));
#11279=DIRECTION('',(0.,0.,1.));
#11280=DIRECTION('',(-0.5,-0.866025403784439,0.));
#11281=DIRECTION('',(-0.866025403784438,-0.5,0.));
#11282=DIRECTION('',(0.5,-0.866025403784437,0.));
#11283=DIRECTION('',(0.,0.,1.));
#11284=DIRECTION('',(0.5,-0.866025403784437,0.));
#11285=DIRECTION('',(0.,-1.,0.));
#11286=DIRECTION('',(0.,0.,-1.));
#11287=DIRECTION('',(1.,0.,0.));
#11288=DIRECTION('',(0.866025403784439,-0.5,0.));
#11289=DIRECTION('',(0.5,0.866025403784439,0.));
#11290=DIRECTION('',(0.,0.,1.));
#11291=DIRECTION('',(0.5,0.866025403784439,0.));
#11292=DIRECTION('',(0.,0.,1.));
#11293=DIRECTION('',(0.866025403784438,0.5,0.));
#11294=DIRECTION('',(-0.5,0.866025403784437,0.));
#11295=DIRECTION('',(0.,0.,1.));
#11296=DIRECTION('',(-0.5,0.866025403784437,0.));
#11297=DIRECTION('',(0.,1.,0.));
#11298=DIRECTION('',(0.,0.,1.));
#11299=DIRECTION('',(0.,0.,1.));
#11300=DIRECTION('',(-1.,0.,0.));
#11301=DIRECTION('',(-0.866025403784439,0.5,0.));
#11302=DIRECTION('',(-0.5,-0.866025403784439,0.));
#11303=DIRECTION('',(0.,0.,1.));
#11304=DIRECTION('',(-0.5,-0.866025403784439,0.));
#11305=DIRECTION('',(-0.866025403784438,-0.5,0.));
#11306=DIRECTION('',(0.5,-0.866025403784437,0.));
#11307=DIRECTION('',(0.,0.,1.));
#11308=DIRECTION('',(0.5,-0.866025403784437,0.));
#11309=DIRECTION('',(0.,-1.,0.));
#11310=DIRECTION('',(0.,0.,-1.));
#11311=DIRECTION('',(1.,0.,0.));
#11312=DIRECTION('',(0.866025403784439,-0.5,0.));
#11313=DIRECTION('',(0.5,0.866025403784439,0.));
#11314=DIRECTION('',(0.,0.,1.));
#11315=DIRECTION('',(0.5,0.866025403784439,0.));
#11316=DIRECTION('',(0.,0.,1.));
#11317=DIRECTION('',(0.866025403784438,0.5,0.));
#11318=DIRECTION('',(-0.5,0.866025403784437,0.));
#11319=DIRECTION('',(0.,0.,1.));
#11320=DIRECTION('',(-0.5,0.866025403784437,0.));
#11321=DIRECTION('',(0.,1.,0.));
#11322=DIRECTION('',(0.,0.,1.));
#11323=DIRECTION('',(0.,0.,1.));
#11324=DIRECTION('',(-1.,0.,0.));
#11325=DIRECTION('',(-0.866025403784439,0.5,0.));
#11326=DIRECTION('',(-0.5,-0.866025403784439,0.));
#11327=DIRECTION('',(0.,0.,1.));
#11328=DIRECTION('',(-0.5,-0.866025403784439,0.));
#11329=DIRECTION('',(-0.866025403784438,-0.5,0.));
#11330=DIRECTION('',(0.5,-0.866025403784437,0.));
#11331=DIRECTION('',(0.,0.,1.));
#11332=DIRECTION('',(0.5,-0.866025403784437,0.));
#11333=DIRECTION('',(0.,-1.,0.));
#11334=DIRECTION('',(0.,0.,-1.));
#11335=DIRECTION('',(1.,0.,0.));
#11336=DIRECTION('',(0.866025403784439,-0.5,0.));
#11337=DIRECTION('',(0.5,0.866025403784439,0.));
#11338=DIRECTION('',(0.,0.,1.));
#11339=DIRECTION('',(0.5,0.866025403784439,0.));
#11340=DIRECTION('',(0.,0.,1.));
#11341=DIRECTION('',(0.866025403784438,0.5,0.));
#11342=DIRECTION('',(-0.5,0.866025403784437,0.));
#11343=DIRECTION('',(0.,0.,1.));
#11344=DIRECTION('',(-0.5,0.866025403784437,0.));
#11345=DIRECTION('',(0.,1.,0.));
#11346=DIRECTION('',(0.,0.,1.));
#11347=DIRECTION('',(0.,0.,1.));
#11348=DIRECTION('',(-1.,0.,0.));
#11349=DIRECTION('',(-0.866025403784439,0.5,0.));
#11350=DIRECTION('',(-0.5,-0.866025403784439,0.));
#11351=DIRECTION('',(0.,0.,1.));
#11352=DIRECTION('',(-0.5,-0.866025403784439,0.));
#11353=DIRECTION('',(-0.866025403784438,-0.5,0.));
#11354=DIRECTION('',(0.5,-0.866025403784437,0.));
#11355=DIRECTION('',(0.,0.,1.));
#11356=DIRECTION('',(0.5,-0.866025403784437,0.));
#11357=DIRECTION('',(0.,-1.,0.));
#11358=DIRECTION('',(0.,0.,-1.));
#11359=DIRECTION('',(1.,0.,0.));
#11360=DIRECTION('',(0.866025403784439,-0.5,0.));
#11361=DIRECTION('',(0.5,0.866025403784439,0.));
#11362=DIRECTION('',(0.,0.,1.));
#11363=DIRECTION('',(0.5,0.866025403784439,0.));
#11364=DIRECTION('',(0.,0.,1.));
#11365=DIRECTION('',(0.866025403784438,0.5,0.));
#11366=DIRECTION('',(-0.5,0.866025403784437,0.));
#11367=DIRECTION('',(0.,0.,1.));
#11368=DIRECTION('',(-0.5,0.866025403784437,0.));
#11369=DIRECTION('',(0.,1.,0.));
#11370=DIRECTION('',(0.,0.,1.));
#11371=DIRECTION('',(0.,0.,1.));
#11372=DIRECTION('',(-1.,0.,0.));
#11373=DIRECTION('',(-0.866025403784439,0.5,0.));
#11374=DIRECTION('',(-0.5,-0.866025403784439,0.));
#11375=DIRECTION('',(0.,0.,1.));
#11376=DIRECTION('',(-0.5,-0.866025403784439,0.));
#11377=DIRECTION('',(-0.866025403784438,-0.5,0.));
#11378=DIRECTION('',(0.5,-0.866025403784437,0.));
#11379=DIRECTION('',(0.,0.,1.));
#11380=DIRECTION('',(0.5,-0.866025403784437,0.));
#11381=DIRECTION('',(0.,-1.,0.));
#11382=DIRECTION('',(0.,0.,-1.));
#11383=DIRECTION('',(1.,0.,0.));
#11384=DIRECTION('',(0.866025403784439,-0.5,0.));
#11385=DIRECTION('',(0.5,0.866025403784439,0.));
#11386=DIRECTION('',(0.,0.,1.));
#11387=DIRECTION('',(0.5,0.866025403784439,0.));
#11388=DIRECTION('',(0.,0.,1.));
#11389=DIRECTION('',(0.866025403784438,0.5,0.));
#11390=DIRECTION('',(-0.5,0.866025403784437,0.));
#11391=DIRECTION('',(0.,0.,1.));
#11392=DIRECTION('',(-0.5,0.866025403784437,0.));
#11393=DIRECTION('',(0.,1.,0.));
#11394=DIRECTION('',(0.,0.,1.));
#11395=DIRECTION('',(0.,0.,1.));
#11396=DIRECTION('',(-1.,0.,0.));
#11397=DIRECTION('',(-0.866025403784439,0.5,0.));
#11398=DIRECTION('',(-0.5,-0.866025403784439,0.));
#11399=DIRECTION('',(0.,0.,1.));
#11400=DIRECTION('',(-0.5,-0.866025403784439,0.));
#11401=DIRECTION('',(-0.866025403784438,-0.5,0.));
#11402=DIRECTION('',(0.5,-0.866025403784437,0.));
#11403=DIRECTION('',(0.,0.,1.));
#11404=DIRECTION('',(0.5,-0.866025403784437,0.));
#11405=DIRECTION('',(0.,-1.,0.));
#11406=DIRECTION('',(0.,0.,-1.));
#11407=DIRECTION('',(1.,0.,0.));
#11408=DIRECTION('',(0.866025403784439,-0.5,0.));
#11409=DIRECTION('',(0.5,0.866025403784439,0.));
#11410=DIRECTION('',(0.,0.,1.));
#11411=DIRECTION('',(0.5,0.866025403784439,0.));
#11412=DIRECTION('',(0.,0.,1.));
#11413=DIRECTION('',(0.866025403784438,0.5,0.));
#11414=DIRECTION('',(-0.5,0.866025403784437,0.));
#11415=DIRECTION('',(0.,0.,1.));
#11416=DIRECTION('',(-0.5,0.866025403784437,0.));
#11417=DIRECTION('',(0.,1.,0.));
#11418=DIRECTION('',(0.,0.,1.));
#11419=DIRECTION('',(0.,0.,1.));
#11420=DIRECTION('',(-1.,0.,0.));
#11421=DIRECTION('',(-0.866025403784439,0.5,0.));
#11422=DIRECTION('',(-0.5,-0.866025403784439,0.));
#11423=DIRECTION('',(0.,0.,1.));
#11424=DIRECTION('',(-0.5,-0.866025403784439,0.));
#11425=DIRECTION('',(-0.866025403784438,-0.5,0.));
#11426=DIRECTION('',(0.5,-0.866025403784437,0.));
#11427=DIRECTION('',(0.,0.,1.));
#11428=DIRECTION('',(0.5,-0.866025403784437,0.));
#11429=DIRECTION('',(0.,-1.,0.));
#11430=DIRECTION('',(0.,0.,-1.));
#11431=DIRECTION('',(1.,0.,0.));
#11432=DIRECTION('',(0.866025403784439,-0.5,0.));
#11433=DIRECTION('',(0.5,0.866025403784439,0.));
#11434=DIRECTION('',(0.,0.,1.));
#11435=DIRECTION('',(0.5,0.866025403784439,0.));
#11436=DIRECTION('',(0.,0.,1.));
#11437=DIRECTION('',(0.866025403784438,0.5,0.));
#11438=DIRECTION('',(-0.5,0.866025403784437,0.));
#11439=DIRECTION('',(0.,0.,1.));
#11440=DIRECTION('',(-0.5,0.866025403784437,0.));
#11441=DIRECTION('',(0.,1.,0.));
#11442=DIRECTION('',(0.,0.,1.));
#11443=DIRECTION('',(0.,0.,1.));
#11444=DIRECTION('',(-1.,0.,0.));
#11445=DIRECTION('',(-0.866025403784439,0.5,0.));
#11446=DIRECTION('',(-0.5,-0.866025403784439,0.));
#11447=DIRECTION('',(0.,0.,1.));
#11448=DIRECTION('',(-0.5,-0.866025403784439,0.));
#11449=DIRECTION('',(-0.866025403784438,-0.5,0.));
#11450=DIRECTION('',(0.5,-0.866025403784437,0.));
#11451=DIRECTION('',(0.,0.,1.));
#11452=DIRECTION('',(0.5,-0.866025403784437,0.));
#11453=DIRECTION('',(0.,-1.,0.));
#11454=DIRECTION('',(0.,0.,-1.));
#11455=DIRECTION('',(1.,0.,0.));
#11456=DIRECTION('',(0.866025403784439,-0.5,0.));
#11457=DIRECTION('',(0.5,0.866025403784439,0.));
#11458=DIRECTION('',(0.,0.,1.));
#11459=DIRECTION('',(0.5,0.866025403784439,0.));
#11460=DIRECTION('',(0.,0.,1.));
#11461=DIRECTION('',(0.866025403784438,0.5,0.));
#11462=DIRECTION('',(-0.5,0.866025403784437,0.));
#11463=DIRECTION('',(0.,0.,1.));
#11464=DIRECTION('',(-0.5,0.866025403784437,0.));
#11465=DIRECTION('',(0.,1.,0.));
#11466=DIRECTION('',(0.,0.,1.));
#11467=DIRECTION('',(0.,0.,1.));
#11468=DIRECTION('',(-1.,0.,0.));
#11469=DIRECTION('',(-0.866025403784439,0.5,0.));
#11470=DIRECTION('',(-0.5,-0.866025403784439,0.));
#11471=DIRECTION('',(0.,0.,1.));
#11472=DIRECTION('',(-0.5,-0.866025403784439,0.));
#11473=DIRECTION('',(-0.866025403784438,-0.5,0.));
#11474=DIRECTION('',(0.5,-0.866025403784437,0.));
#11475=DIRECTION('',(0.,0.,1.));
#11476=DIRECTION('',(0.5,-0.866025403784437,0.));
#11477=DIRECTION('',(0.,-1.,0.));
#11478=DIRECTION('',(0.,0.,-1.));
#11479=DIRECTION('',(1.,0.,0.));
#11480=DIRECTION('',(0.866025403784439,-0.5,0.));
#11481=DIRECTION('',(0.5,0.866025403784439,0.));
#11482=DIRECTION('',(0.,0.,1.));
#11483=DIRECTION('',(0.5,0.866025403784439,0.));
#11484=DIRECTION('',(0.,0.,1.));
#11485=DIRECTION('',(0.866025403784438,0.5,0.));
#11486=DIRECTION('',(-0.5,0.866025403784437,0.));
#11487=DIRECTION('',(0.,0.,1.));
#11488=DIRECTION('',(-0.5,0.866025403784437,0.));
#11489=DIRECTION('',(0.,1.,0.));
#11490=DIRECTION('',(0.,0.,1.));
#11491=DIRECTION('',(0.,0.,1.));
#11492=DIRECTION('',(-1.,0.,0.));
#11493=DIRECTION('',(-0.866025403784439,0.5,0.));
#11494=DIRECTION('',(-0.5,-0.866025403784439,0.));
#11495=DIRECTION('',(0.,0.,1.));
#11496=DIRECTION('',(-0.5,-0.866025403784439,0.));
#11497=DIRECTION('',(-0.866025403784438,-0.5,0.));
#11498=DIRECTION('',(0.5,-0.866025403784437,0.));
#11499=DIRECTION('',(0.,0.,1.));
#11500=DIRECTION('',(0.5,-0.866025403784437,0.));
#11501=DIRECTION('',(0.,-1.,0.));
#11502=DIRECTION('',(0.,0.,-1.));
#11503=DIRECTION('',(1.,0.,0.));
#11504=DIRECTION('',(0.866025403784439,-0.5,0.));
#11505=DIRECTION('',(0.5,0.866025403784439,0.));
#11506=DIRECTION('',(0.,0.,1.));
#11507=DIRECTION('',(0.5,0.866025403784439,0.));
#11508=DIRECTION('',(0.,0.,1.));
#11509=DIRECTION('',(0.866025403784438,0.5,0.));
#11510=DIRECTION('',(-0.5,0.866025403784437,0.));
#11511=DIRECTION('',(0.,0.,1.));
#11512=DIRECTION('',(-0.5,0.866025403784437,0.));
#11513=DIRECTION('',(0.,1.,0.));
#11514=DIRECTION('',(0.,0.,1.));
#11515=DIRECTION('',(0.,0.,1.));
#11516=DIRECTION('',(-1.,0.,0.));
#11517=DIRECTION('',(-0.866025403784439,0.5,0.));
#11518=DIRECTION('',(-0.5,-0.866025403784439,0.));
#11519=DIRECTION('',(0.,0.,1.));
#11520=DIRECTION('',(-0.5,-0.866025403784439,0.));
#11521=DIRECTION('',(-0.866025403784438,-0.5,0.));
#11522=DIRECTION('',(0.5,-0.866025403784437,0.));
#11523=DIRECTION('',(0.,0.,1.));
#11524=DIRECTION('',(0.5,-0.866025403784437,0.));
#11525=DIRECTION('',(0.,-1.,0.));
#11526=DIRECTION('',(0.,0.,-1.));
#11527=DIRECTION('',(1.,0.,0.));
#11528=DIRECTION('',(0.866025403784439,-0.5,0.));
#11529=DIRECTION('',(0.5,0.866025403784439,0.));
#11530=DIRECTION('',(0.,0.,1.));
#11531=DIRECTION('',(0.5,0.866025403784439,0.));
#11532=DIRECTION('',(0.,0.,1.));
#11533=DIRECTION('',(0.866025403784438,0.5,0.));
#11534=DIRECTION('',(-0.5,0.866025403784437,0.));
#11535=DIRECTION('',(0.,0.,1.));
#11536=DIRECTION('',(-0.5,0.866025403784437,0.));
#11537=DIRECTION('',(0.,1.,0.));
#11538=DIRECTION('',(0.,0.,1.));
#11539=DIRECTION('',(0.,0.,1.));
#11540=DIRECTION('',(-1.,0.,0.));
#11541=DIRECTION('',(-0.866025403784439,0.5,0.));
#11542=DIRECTION('',(-0.5,-0.866025403784439,0.));
#11543=DIRECTION('',(0.,0.,1.));
#11544=DIRECTION('',(-0.5,-0.866025403784439,0.));
#11545=DIRECTION('',(-0.866025403784438,-0.5,0.));
#11546=DIRECTION('',(0.5,-0.866025403784437,0.));
#11547=DIRECTION('',(0.,0.,1.));
#11548=DIRECTION('',(0.5,-0.866025403784437,0.));
#11549=DIRECTION('',(0.,-1.,0.));
#11550=DIRECTION('',(0.,0.,-1.));
#11551=DIRECTION('',(1.,0.,0.));
#11552=DIRECTION('',(0.866025403784439,-0.5,0.));
#11553=DIRECTION('',(0.5,0.866025403784439,0.));
#11554=DIRECTION('',(0.,0.,1.));
#11555=DIRECTION('',(0.5,0.866025403784439,0.));
#11556=DIRECTION('',(0.,0.,1.));
#11557=DIRECTION('',(0.866025403784438,0.5,0.));
#11558=DIRECTION('',(-0.5,0.866025403784437,0.));
#11559=DIRECTION('',(0.,0.,1.));
#11560=DIRECTION('',(-0.5,0.866025403784437,0.));
#11561=DIRECTION('',(0.,1.,0.));
#11562=DIRECTION('',(0.,0.,1.));
#11563=DIRECTION('',(0.,0.,1.));
#11564=DIRECTION('',(-1.,0.,0.));
#11565=DIRECTION('',(-0.866025403784439,0.5,0.));
#11566=DIRECTION('',(-0.5,-0.866025403784439,0.));
#11567=DIRECTION('',(0.,0.,1.));
#11568=DIRECTION('',(-0.5,-0.866025403784439,0.));
#11569=DIRECTION('',(-0.866025403784438,-0.5,0.));
#11570=DIRECTION('',(0.5,-0.866025403784437,0.));
#11571=DIRECTION('',(0.,0.,1.));
#11572=DIRECTION('',(0.5,-0.866025403784437,0.));
#11573=DIRECTION('',(0.,-1.,0.));
#11574=DIRECTION('',(0.,0.,-1.));
#11575=DIRECTION('',(1.,0.,0.));
#11576=DIRECTION('',(0.866025403784439,-0.5,0.));
#11577=DIRECTION('',(0.5,0.866025403784439,0.));
#11578=DIRECTION('',(0.,0.,1.));
#11579=DIRECTION('',(0.5,0.866025403784439,0.));
#11580=DIRECTION('',(0.,0.,1.));
#11581=DIRECTION('',(0.866025403784438,0.5,0.));
#11582=DIRECTION('',(-0.5,0.866025403784437,0.));
#11583=DIRECTION('',(0.,0.,1.));
#11584=DIRECTION('',(-0.5,0.866025403784437,0.));
#11585=DIRECTION('',(0.,1.,0.));
#11586=DIRECTION('',(0.,0.,1.));
#11587=DIRECTION('',(0.,0.,1.));
#11588=DIRECTION('',(-1.,0.,0.));
#11589=DIRECTION('',(-0.866025403784439,0.5,0.));
#11590=DIRECTION('',(-0.5,-0.866025403784439,0.));
#11591=DIRECTION('',(0.,0.,1.));
#11592=DIRECTION('',(-0.5,-0.866025403784439,0.));
#11593=DIRECTION('',(-0.866025403784438,-0.5,0.));
#11594=DIRECTION('',(0.5,-0.866025403784437,0.));
#11595=DIRECTION('',(0.,0.,1.));
#11596=DIRECTION('',(0.5,-0.866025403784437,0.));
#11597=DIRECTION('',(0.,-1.,0.));
#11598=DIRECTION('',(0.,0.,-1.));
#11599=DIRECTION('',(1.,0.,0.));
#11600=DIRECTION('',(0.866025403784439,-0.5,0.));
#11601=DIRECTION('',(0.5,0.866025403784439,0.));
#11602=DIRECTION('',(0.,0.,1.));
#11603=DIRECTION('',(0.5,0.866025403784439,0.));
#11604=DIRECTION('',(0.,0.,1.));
#11605=DIRECTION('',(0.866025403784438,0.5,0.));
#11606=DIRECTION('',(-0.5,0.866025403784437,0.));
#11607=DIRECTION('',(0.,0.,1.));
#11608=DIRECTION('',(-0.5,0.866025403784437,0.));
#11609=DIRECTION('',(0.,1.,0.));
#11610=DIRECTION('',(0.,0.,1.));
#11611=DIRECTION('',(0.,0.,1.));
#11612=DIRECTION('',(-1.,0.,0.));
#11613=DIRECTION('',(-0.866025403784439,0.5,0.));
#11614=DIRECTION('',(-0.5,-0.866025403784439,0.));
#11615=DIRECTION('',(0.,0.,1.));
#11616=DIRECTION('',(-0.5,-0.866025403784439,0.));
#11617=DIRECTION('',(-0.866025403784438,-0.5,0.));
#11618=DIRECTION('',(0.5,-0.866025403784437,0.));
#11619=DIRECTION('',(0.,0.,1.));
#11620=DIRECTION('',(0.5,-0.866025403784437,0.));
#11621=DIRECTION('',(0.,-1.,0.));
#11622=DIRECTION('',(0.,0.,-1.));
#11623=DIRECTION('',(1.,0.,0.));
#11624=DIRECTION('',(0.866025403784439,-0.5,0.));
#11625=DIRECTION('',(0.5,0.866025403784439,0.));
#11626=DIRECTION('',(0.,0.,1.));
#11627=DIRECTION('',(0.5,0.866025403784439,0.));
#11628=DIRECTION('',(0.,0.,1.));
#11629=DIRECTION('',(0.866025403784438,0.5,0.));
#11630=DIRECTION('',(-0.5,0.866025403784437,0.));
#11631=DIRECTION('',(0.,0.,1.));
#11632=DIRECTION('',(-0.5,0.866025403784437,0.));
#11633=DIRECTION('',(0.,1.,0.));
#11634=DIRECTION('',(0.,0.,1.));
#11635=DIRECTION('',(0.,0.,1.));
#11636=DIRECTION('',(-1.,0.,0.));
#11637=DIRECTION('',(-0.866025403784439,0.5,0.));
#11638=DIRECTION('',(-0.5,-0.866025403784439,0.));
#11639=DIRECTION('',(0.,0.,1.));
#11640=DIRECTION('',(-0.5,-0.866025403784439,0.));
#11641=DIRECTION('',(-0.866025403784438,-0.5,0.));
#11642=DIRECTION('',(0.5,-0.866025403784437,0.));
#11643=DIRECTION('',(0.,0.,1.));
#11644=DIRECTION('',(0.5,-0.866025403784437,0.));
#11645=DIRECTION('',(0.,-1.,0.));
#11646=DIRECTION('',(0.,0.,-1.));
#11647=DIRECTION('',(1.,0.,0.));
#11648=DIRECTION('',(0.866025403784439,-0.5,0.));
#11649=DIRECTION('',(0.5,0.866025403784439,0.));
#11650=DIRECTION('',(0.,0.,1.));
#11651=DIRECTION('',(0.5,0.866025403784439,0.));
#11652=DIRECTION('',(0.,0.,1.));
#11653=DIRECTION('',(0.866025403784438,0.5,0.));
#11654=DIRECTION('',(-0.5,0.866025403784437,0.));
#11655=DIRECTION('',(0.,0.,1.));
#11656=DIRECTION('',(-0.5,0.866025403784437,0.));
#11657=DIRECTION('',(0.,1.,0.));
#11658=DIRECTION('',(0.,0.,1.));
#11659=DIRECTION('',(0.,0.,1.));
#11660=DIRECTION('',(-1.,0.,0.));
#11661=DIRECTION('',(-0.866025403784439,0.5,0.));
#11662=DIRECTION('',(-0.5,-0.866025403784439,0.));
#11663=DIRECTION('',(0.,0.,1.));
#11664=DIRECTION('',(-0.5,-0.866025403784439,0.));
#11665=DIRECTION('',(-0.866025403784438,-0.5,0.));
#11666=DIRECTION('',(0.5,-0.866025403784437,0.));
#11667=DIRECTION('',(0.,0.,1.));
#11668=DIRECTION('',(0.5,-0.866025403784437,0.));
#11669=DIRECTION('',(0.,-1.,0.));
#11670=DIRECTION('',(0.,0.,-1.));
#11671=DIRECTION('',(1.,0.,0.));
#11672=DIRECTION('',(0.866025403784439,-0.5,0.));
#11673=DIRECTION('',(0.5,0.866025403784439,0.));
#11674=DIRECTION('',(0.,0.,1.));
#11675=DIRECTION('',(0.5,0.866025403784439,0.));
#11676=DIRECTION('',(0.,0.,1.));
#11677=DIRECTION('',(0.866025403784438,0.5,0.));
#11678=DIRECTION('',(-0.5,0.866025403784437,0.));
#11679=DIRECTION('',(0.,0.,1.));
#11680=DIRECTION('',(-0.5,0.866025403784437,0.));
#11681=DIRECTION('',(0.,1.,0.));
#11682=DIRECTION('',(0.,0.,1.));
#11683=DIRECTION('',(0.,0.,1.));
#11684=DIRECTION('',(-1.,0.,0.));
#11685=DIRECTION('',(-0.866025403784439,0.5,0.));
#11686=DIRECTION('',(-0.5,-0.866025403784439,0.));
#11687=DIRECTION('',(0.,0.,1.));
#11688=DIRECTION('',(-0.5,-0.866025403784439,0.));
#11689=DIRECTION('',(-0.866025403784438,-0.5,0.));
#11690=DIRECTION('',(0.5,-0.866025403784437,0.));
#11691=DIRECTION('',(0.,0.,1.));
#11692=DIRECTION('',(0.5,-0.866025403784437,0.));
#11693=DIRECTION('',(0.,-1.,0.));
#11694=DIRECTION('',(0.,0.,-1.));
#11695=DIRECTION('',(1.,0.,0.));
#11696=DIRECTION('',(0.866025403784439,-0.5,0.));
#11697=DIRECTION('',(0.5,0.866025403784439,0.));
#11698=DIRECTION('',(0.,0.,1.));
#11699=DIRECTION('',(0.5,0.866025403784439,0.));
#11700=DIRECTION('',(0.,0.,1.));
#11701=DIRECTION('',(0.866025403784438,0.5,0.));
#11702=DIRECTION('',(-0.5,0.866025403784437,0.));
#11703=DIRECTION('',(0.,0.,1.));
#11704=DIRECTION('',(-0.5,0.866025403784437,0.));
#11705=DIRECTION('',(0.,1.,0.));
#11706=DIRECTION('',(0.,0.,1.));
#11707=DIRECTION('',(0.,0.,1.));
#11708=DIRECTION('',(-1.,0.,0.));
#11709=DIRECTION('',(-0.866025403784439,0.5,0.));
#11710=DIRECTION('',(-0.5,-0.866025403784439,0.));
#11711=DIRECTION('',(0.,0.,1.));
#11712=DIRECTION('',(-0.5,-0.866025403784439,0.));
#11713=DIRECTION('',(-0.866025403784438,-0.5,0.));
#11714=DIRECTION('',(0.5,-0.866025403784437,0.));
#11715=DIRECTION('',(0.,0.,1.));
#11716=DIRECTION('',(0.5,-0.866025403784437,0.));
#11717=DIRECTION('',(0.,-1.,0.));
#11718=DIRECTION('',(0.,0.,-1.));
#11719=DIRECTION('',(1.,0.,0.));
#11720=DIRECTION('',(0.866025403784439,-0.5,0.));
#11721=DIRECTION('',(0.5,0.866025403784439,0.));
#11722=DIRECTION('',(0.,0.,1.));
#11723=DIRECTION('',(0.5,0.866025403784439,0.));
#11724=DIRECTION('',(0.,0.,1.));
#11725=DIRECTION('',(0.866025403784438,0.5,0.));
#11726=DIRECTION('',(-0.5,0.866025403784437,0.));
#11727=DIRECTION('',(0.,0.,1.));
#11728=DIRECTION('',(-0.5,0.866025403784437,0.));
#11729=DIRECTION('',(0.,1.,0.));
#11730=DIRECTION('',(0.,0.,1.));
#11731=DIRECTION('',(0.,0.,1.));
#11732=DIRECTION('',(-1.,0.,0.));
#11733=DIRECTION('',(-0.866025403784439,0.5,0.));
#11734=DIRECTION('',(-0.5,-0.866025403784439,0.));
#11735=DIRECTION('',(0.,0.,1.));
#11736=DIRECTION('',(-0.5,-0.866025403784439,0.));
#11737=DIRECTION('',(-0.866025403784438,-0.5,0.));
#11738=DIRECTION('',(0.5,-0.866025403784437,0.));
#11739=DIRECTION('',(0.,0.,1.));
#11740=DIRECTION('',(0.5,-0.866025403784437,0.));
#11741=DIRECTION('',(0.,-1.,0.));
#11742=DIRECTION('',(0.,0.,-1.));
#11743=DIRECTION('',(1.,0.,0.));
#11744=DIRECTION('',(0.866025403784439,-0.5,0.));
#11745=DIRECTION('',(0.5,0.866025403784439,0.));
#11746=DIRECTION('',(0.,0.,1.));
#11747=DIRECTION('',(0.5,0.866025403784439,0.));
#11748=DIRECTION('',(0.,0.,1.));
#11749=DIRECTION('',(0.866025403784438,0.5,0.));
#11750=DIRECTION('',(-0.5,0.866025403784437,0.));
#11751=DIRECTION('',(0.,0.,1.));
#11752=DIRECTION('',(-0.5,0.866025403784437,0.));
#11753=DIRECTION('',(0.,1.,0.));
#11754=DIRECTION('',(0.,0.,1.));
#11755=DIRECTION('',(0.,0.,1.));
#11756=DIRECTION('',(-1.,0.,0.));
#11757=DIRECTION('',(-0.866025403784439,0.5,0.));
#11758=DIRECTION('',(-0.5,-0.866025403784439,0.));
#11759=DIRECTION('',(0.,0.,1.));
#11760=DIRECTION('',(-0.5,-0.866025403784439,0.));
#11761=DIRECTION('',(-0.866025403784438,-0.5,0.));
#11762=DIRECTION('',(0.5,-0.866025403784437,0.));
#11763=DIRECTION('',(0.,0.,1.));
#11764=DIRECTION('',(0.5,-0.866025403784437,0.));
#11765=DIRECTION('',(0.,-1.,0.));
#11766=DIRECTION('',(0.,0.,-1.));
#11767=DIRECTION('',(1.,0.,0.));
#11768=DIRECTION('',(0.866025403784439,-0.5,0.));
#11769=DIRECTION('',(0.5,0.866025403784439,0.));
#11770=DIRECTION('',(0.,0.,1.));
#11771=DIRECTION('',(0.5,0.866025403784439,0.));
#11772=DIRECTION('',(0.,0.,1.));
#11773=DIRECTION('',(0.866025403784438,0.5,0.));
#11774=DIRECTION('',(-0.5,0.866025403784437,0.));
#11775=DIRECTION('',(0.,0.,1.));
#11776=DIRECTION('',(-0.5,0.866025403784437,0.));
#11777=DIRECTION('',(0.,1.,0.));
#11778=DIRECTION('',(0.,0.,1.));
#11779=DIRECTION('',(0.,0.,1.));
#11780=DIRECTION('',(-1.,0.,0.));
#11781=DIRECTION('',(-0.866025403784439,0.5,0.));
#11782=DIRECTION('',(-0.5,-0.866025403784439,0.));
#11783=DIRECTION('',(0.,0.,1.));
#11784=DIRECTION('',(-0.5,-0.866025403784439,0.));
#11785=DIRECTION('',(-0.866025403784438,-0.5,0.));
#11786=DIRECTION('',(0.5,-0.866025403784437,0.));
#11787=DIRECTION('',(0.,0.,1.));
#11788=DIRECTION('',(0.5,-0.866025403784437,0.));
#11789=DIRECTION('',(0.,-1.,0.));
#11790=DIRECTION('',(0.,0.,-1.));
#11791=DIRECTION('',(1.,0.,0.));
#11792=DIRECTION('',(0.866025403784439,-0.5,0.));
#11793=DIRECTION('',(0.5,0.866025403784439,0.));
#11794=DIRECTION('',(0.,0.,1.));
#11795=DIRECTION('',(0.5,0.866025403784439,0.));
#11796=DIRECTION('',(0.,0.,1.));
#11797=DIRECTION('',(0.866025403784438,0.5,0.));
#11798=DIRECTION('',(-0.5,0.866025403784437,0.));
#11799=DIRECTION('',(0.,0.,1.));
#11800=DIRECTION('',(-0.5,0.866025403784437,0.));
#11801=DIRECTION('',(0.,1.,0.));
#11802=DIRECTION('',(0.,0.,1.));
#11803=DIRECTION('',(0.,0.,1.));
#11804=DIRECTION('',(-1.,0.,0.));
#11805=DIRECTION('',(-0.866025403784439,0.5,0.));
#11806=DIRECTION('',(-0.5,-0.866025403784439,0.));
#11807=DIRECTION('',(0.,0.,1.));
#11808=DIRECTION('',(-0.5,-0.866025403784439,0.));
#11809=DIRECTION('',(-0.866025403784438,-0.5,0.));
#11810=DIRECTION('',(0.5,-0.866025403784437,0.));
#11811=DIRECTION('',(0.,0.,1.));
#11812=DIRECTION('',(0.5,-0.866025403784437,0.));
#11813=DIRECTION('',(0.,-1.,0.));
#11814=DIRECTION('',(0.,0.,-1.));
#11815=DIRECTION('',(1.,0.,0.));
#11816=DIRECTION('',(0.866025403784439,-0.5,0.));
#11817=DIRECTION('',(0.5,0.866025403784439,0.));
#11818=DIRECTION('',(0.,0.,1.));
#11819=DIRECTION('',(0.5,0.866025403784439,0.));
#11820=DIRECTION('',(0.,0.,1.));
#11821=DIRECTION('',(0.866025403784438,0.5,0.));
#11822=DIRECTION('',(-0.5,0.866025403784437,0.));
#11823=DIRECTION('',(0.,0.,1.));
#11824=DIRECTION('',(-0.5,0.866025403784437,0.));
#11825=DIRECTION('',(0.,1.,0.));
#11826=DIRECTION('',(0.,0.,1.));
#11827=DIRECTION('',(0.,0.,1.));
#11828=DIRECTION('',(-1.,0.,0.));
#11829=DIRECTION('',(-0.866025403784439,0.5,0.));
#11830=DIRECTION('',(-0.5,-0.866025403784439,0.));
#11831=DIRECTION('',(0.,0.,1.));
#11832=DIRECTION('',(-0.5,-0.866025403784439,0.));
#11833=DIRECTION('',(-0.866025403784438,-0.5,0.));
#11834=DIRECTION('',(0.5,-0.866025403784437,0.));
#11835=DIRECTION('',(0.,0.,1.));
#11836=DIRECTION('',(0.5,-0.866025403784437,0.));
#11837=DIRECTION('',(0.,-1.,0.));
#11838=DIRECTION('',(0.,0.,-1.));
#11839=DIRECTION('',(1.,0.,0.));
#11840=DIRECTION('',(0.866025403784439,-0.5,0.));
#11841=DIRECTION('',(0.5,0.866025403784439,0.));
#11842=DIRECTION('',(0.,0.,1.));
#11843=DIRECTION('',(0.5,0.866025403784439,0.));
#11844=DIRECTION('',(0.,0.,1.));
#11845=DIRECTION('',(0.866025403784438,0.5,0.));
#11846=DIRECTION('',(-0.5,0.866025403784437,0.));
#11847=DIRECTION('',(0.,0.,1.));
#11848=DIRECTION('',(-0.5,0.866025403784437,0.));
#11849=DIRECTION('',(0.,1.,0.));
#11850=DIRECTION('',(0.,0.,1.));
#11851=DIRECTION('',(0.,0.,1.));
#11852=DIRECTION('',(-1.,0.,0.));
#11853=DIRECTION('',(-0.866025403784439,0.5,0.));
#11854=DIRECTION('',(-0.5,-0.866025403784439,0.));
#11855=DIRECTION('',(0.,0.,1.));
#11856=DIRECTION('',(-0.5,-0.866025403784439,0.));
#11857=DIRECTION('',(-0.866025403784438,-0.5,0.));
#11858=DIRECTION('',(0.5,-0.866025403784437,0.));
#11859=DIRECTION('',(0.,0.,1.));
#11860=DIRECTION('',(0.5,-0.866025403784437,0.));
#11861=DIRECTION('',(0.,-1.,0.));
#11862=DIRECTION('',(0.,0.,-1.));
#11863=DIRECTION('',(1.,0.,0.));
#11864=DIRECTION('',(0.866025403784439,-0.5,0.));
#11865=DIRECTION('',(0.5,0.866025403784439,0.));
#11866=DIRECTION('',(0.,0.,1.));
#11867=DIRECTION('',(0.5,0.866025403784439,0.));
#11868=DIRECTION('',(0.,0.,1.));
#11869=DIRECTION('',(0.866025403784438,0.5,0.));
#11870=DIRECTION('',(-0.5,0.866025403784437,0.));
#11871=DIRECTION('',(0.,0.,1.));
#11872=DIRECTION('',(-0.5,0.866025403784437,0.));
#11873=DIRECTION('',(0.,1.,0.));
#11874=DIRECTION('',(0.,0.,1.));
#11875=DIRECTION('',(0.,0.,1.));
#11876=DIRECTION('',(-1.,0.,0.));
#11877=DIRECTION('',(-0.866025403784439,0.5,0.));
#11878=DIRECTION('',(-0.5,-0.866025403784439,0.));
#11879=DIRECTION('',(0.,0.,1.));
#11880=DIRECTION('',(-0.5,-0.866025403784439,0.));
#11881=DIRECTION('',(-0.866025403784438,-0.5,0.));
#11882=DIRECTION('',(0.5,-0.866025403784437,0.));
#11883=DIRECTION('',(0.,0.,1.));
#11884=DIRECTION('',(0.5,-0.866025403784437,0.));
#11885=DIRECTION('',(0.,-1.,0.));
#11886=DIRECTION('',(0.,0.,-1.));
#11887=DIRECTION('',(1.,0.,0.));
#11888=DIRECTION('',(0.866025403784439,-0.5,0.));
#11889=DIRECTION('',(0.5,0.866025403784439,0.));
#11890=DIRECTION('',(0.,0.,1.));
#11891=DIRECTION('',(0.5,0.866025403784439,0.));
#11892=DIRECTION('',(0.,0.,1.));
#11893=DIRECTION('',(0.866025403784438,0.5,0.));
#11894=DIRECTION('',(-0.5,0.866025403784437,0.));
#11895=DIRECTION('',(0.,0.,1.));
#11896=DIRECTION('',(-0.5,0.866025403784437,0.));
#11897=DIRECTION('',(0.,1.,0.));
#11898=DIRECTION('',(0.,0.,1.));
#11899=DIRECTION('',(0.,0.,1.));
#11900=DIRECTION('',(-1.,0.,0.));
#11901=DIRECTION('',(-0.866025403784439,0.5,0.));
#11902=DIRECTION('',(-0.5,-0.866025403784439,0.));
#11903=DIRECTION('',(0.,0.,1.));
#11904=DIRECTION('',(-0.5,-0.866025403784439,0.));
#11905=DIRECTION('',(-0.866025403784438,-0.5,0.));
#11906=DIRECTION('',(0.5,-0.866025403784437,0.));
#11907=DIRECTION('',(0.,0.,1.));
#11908=DIRECTION('',(0.5,-0.866025403784437,0.));
#11909=DIRECTION('',(0.,-1.,0.));
#11910=DIRECTION('',(0.,0.,-1.));
#11911=DIRECTION('',(1.,0.,0.));
#11912=DIRECTION('',(0.866025403784439,-0.5,0.));
#11913=DIRECTION('',(0.5,0.866025403784439,0.));
#11914=DIRECTION('',(0.,0.,1.));
#11915=DIRECTION('',(0.5,0.866025403784439,0.));
#11916=DIRECTION('',(0.,0.,1.));
#11917=DIRECTION('',(0.866025403784438,0.5,0.));
#11918=DIRECTION('',(-0.5,0.866025403784437,0.));
#11919=DIRECTION('',(0.,0.,1.));
#11920=DIRECTION('',(-0.5,0.866025403784437,0.));
#11921=DIRECTION('',(0.,1.,0.));
#11922=DIRECTION('',(0.,0.,1.));
#11923=DIRECTION('',(0.,0.,1.));
#11924=DIRECTION('',(-1.,0.,0.));
#11925=DIRECTION('',(-0.866025403784439,0.5,0.));
#11926=DIRECTION('',(-0.5,-0.866025403784439,0.));
#11927=DIRECTION('',(0.,0.,1.));
#11928=DIRECTION('',(-0.5,-0.866025403784439,0.));
#11929=DIRECTION('',(-0.866025403784438,-0.5,0.));
#11930=DIRECTION('',(0.5,-0.866025403784437,0.));
#11931=DIRECTION('',(0.,0.,1.));
#11932=DIRECTION('',(0.5,-0.866025403784437,0.));
#11933=DIRECTION('',(0.,-1.,0.));
#11934=DIRECTION('',(0.,0.,-1.));
#11935=DIRECTION('',(1.,0.,0.));
#11936=DIRECTION('',(0.866025403784439,-0.5,0.));
#11937=DIRECTION('',(0.5,0.866025403784439,0.));
#11938=DIRECTION('',(0.,0.,1.));
#11939=DIRECTION('',(0.5,0.866025403784439,0.));
#11940=DIRECTION('',(0.,0.,1.));
#11941=DIRECTION('',(0.866025403784438,0.5,0.));
#11942=DIRECTION('',(-0.5,0.866025403784437,0.));
#11943=DIRECTION('',(0.,0.,1.));
#11944=DIRECTION('',(-0.5,0.866025403784437,0.));
#11945=DIRECTION('',(0.,1.,0.));
#11946=DIRECTION('',(0.,0.,1.));
#11947=DIRECTION('',(0.,0.,1.));
#11948=DIRECTION('',(-1.,0.,0.));
#11949=DIRECTION('',(-0.866025403784439,0.5,0.));
#11950=DIRECTION('',(-0.5,-0.866025403784439,0.));
#11951=DIRECTION('',(0.,0.,1.));
#11952=DIRECTION('',(-0.5,-0.866025403784439,0.));
#11953=DIRECTION('',(-0.866025403784438,-0.5,0.));
#11954=DIRECTION('',(0.5,-0.866025403784437,0.));
#11955=DIRECTION('',(0.,0.,1.));
#11956=DIRECTION('',(0.5,-0.866025403784437,0.));
#11957=DIRECTION('',(0.,-1.,0.));
#11958=DIRECTION('',(0.,0.,-1.));
#11959=DIRECTION('',(1.,0.,0.));
#11960=DIRECTION('',(0.866025403784439,-0.5,0.));
#11961=DIRECTION('',(0.5,0.866025403784439,0.));
#11962=DIRECTION('',(0.,0.,1.));
#11963=DIRECTION('',(0.5,0.866025403784439,0.));
#11964=DIRECTION('',(0.,0.,1.));
#11965=DIRECTION('',(0.866025403784438,0.5,0.));
#11966=DIRECTION('',(-0.5,0.866025403784437,0.));
#11967=DIRECTION('',(0.,0.,1.));
#11968=DIRECTION('',(-0.5,0.866025403784437,0.));
#11969=DIRECTION('',(0.,1.,0.));
#11970=DIRECTION('',(0.,0.,1.));
#11971=DIRECTION('',(0.,0.,1.));
#11972=DIRECTION('',(-1.,0.,0.));
#11973=DIRECTION('',(-0.866025403784439,0.5,0.));
#11974=DIRECTION('',(-0.5,-0.866025403784439,0.));
#11975=DIRECTION('',(0.,0.,1.));
#11976=DIRECTION('',(-0.5,-0.866025403784439,0.));
#11977=DIRECTION('',(-0.866025403784438,-0.5,0.));
#11978=DIRECTION('',(0.5,-0.866025403784437,0.));
#11979=DIRECTION('',(0.,0.,1.));
#11980=DIRECTION('',(0.5,-0.866025403784437,0.));
#11981=DIRECTION('',(0.,-1.,0.));
#11982=DIRECTION('',(0.,0.,-1.));
#11983=DIRECTION('',(1.,0.,0.));
#11984=DIRECTION('',(0.866025403784439,-0.5,0.));
#11985=DIRECTION('',(0.5,0.866025403784439,0.));
#11986=DIRECTION('',(0.,0.,1.));
#11987=DIRECTION('',(0.5,0.866025403784439,0.));
#11988=DIRECTION('',(0.,0.,1.));
#11989=DIRECTION('',(0.866025403784438,0.5,0.));
#11990=DIRECTION('',(-0.5,0.866025403784437,0.));
#11991=DIRECTION('',(0.,0.,1.));
#11992=DIRECTION('',(-0.5,0.866025403784437,0.));
#11993=DIRECTION('',(0.,1.,0.));
#11994=DIRECTION('',(0.,0.,1.));
#11995=DIRECTION('',(0.,0.,1.));
#11996=DIRECTION('',(-1.,0.,0.));
#11997=DIRECTION('',(-0.866025403784439,0.5,0.));
#11998=DIRECTION('',(-0.5,-0.866025403784439,0.));
#11999=DIRECTION('',(0.,0.,1.));
#12000=DIRECTION('',(-0.5,-0.866025403784439,0.));
#12001=DIRECTION('',(-0.866025403784438,-0.5,0.));
#12002=DIRECTION('',(0.5,-0.866025403784437,0.));
#12003=DIRECTION('',(0.,0.,1.));
#12004=DIRECTION('',(0.5,-0.866025403784437,0.));
#12005=DIRECTION('',(0.,-1.,0.));
#12006=DIRECTION('',(0.,0.,-1.));
#12007=DIRECTION('',(1.,0.,0.));
#12008=DIRECTION('',(0.866025403784439,-0.5,0.));
#12009=DIRECTION('',(0.5,0.866025403784439,0.));
#12010=DIRECTION('',(0.,0.,1.));
#12011=DIRECTION('',(0.5,0.866025403784439,0.));
#12012=DIRECTION('',(0.,0.,1.));
#12013=DIRECTION('',(0.866025403784438,0.5,0.));
#12014=DIRECTION('',(-0.5,0.866025403784437,0.));
#12015=DIRECTION('',(0.,0.,1.));
#12016=DIRECTION('',(-0.5,0.866025403784437,0.));
#12017=DIRECTION('',(0.,1.,0.));
#12018=DIRECTION('',(0.,0.,1.));
#12019=DIRECTION('',(0.,0.,1.));
#12020=DIRECTION('',(-1.,0.,0.));
#12021=DIRECTION('',(-0.866025403784439,0.5,0.));
#12022=DIRECTION('',(-0.5,-0.866025403784439,0.));
#12023=DIRECTION('',(0.,0.,1.));
#12024=DIRECTION('',(-0.5,-0.866025403784439,0.));
#12025=DIRECTION('',(-0.866025403784438,-0.5,0.));
#12026=DIRECTION('',(0.5,-0.866025403784437,0.));
#12027=DIRECTION('',(0.,0.,1.));
#12028=DIRECTION('',(0.5,-0.866025403784437,0.));
#12029=DIRECTION('',(0.,-1.,0.));
#12030=DIRECTION('',(0.,0.,-1.));
#12031=DIRECTION('',(1.,0.,0.));
#12032=DIRECTION('',(0.866025403784439,-0.5,0.));
#12033=DIRECTION('',(0.5,0.866025403784439,0.));
#12034=DIRECTION('',(0.,0.,1.));
#12035=DIRECTION('',(0.5,0.866025403784439,0.));
#12036=DIRECTION('',(0.,0.,1.));
#12037=DIRECTION('',(0.866025403784438,0.5,0.));
#12038=DIRECTION('',(-0.5,0.866025403784437,0.));
#12039=DIRECTION('',(0.,0.,1.));
#12040=DIRECTION('',(-0.5,0.866025403784437,0.));
#12041=DIRECTION('',(0.,1.,0.));
#12042=DIRECTION('',(0.,0.,1.));
#12043=DIRECTION('',(0.,0.,1.));
#12044=DIRECTION('',(-1.,0.,0.));
#12045=DIRECTION('',(-0.866025403784439,0.5,0.));
#12046=DIRECTION('',(-0.5,-0.866025403784439,0.));
#12047=DIRECTION('',(0.,0.,1.));
#12048=DIRECTION('',(-0.5,-0.866025403784439,0.));
#12049=DIRECTION('',(-0.866025403784438,-0.5,0.));
#12050=DIRECTION('',(0.5,-0.866025403784437,0.));
#12051=DIRECTION('',(0.,0.,1.));
#12052=DIRECTION('',(0.5,-0.866025403784437,0.));
#12053=DIRECTION('',(0.,-1.,0.));
#12054=DIRECTION('',(0.,0.,-1.));
#12055=DIRECTION('',(1.,0.,0.));
#12056=DIRECTION('',(0.866025403784439,-0.5,0.));
#12057=DIRECTION('',(0.5,0.866025403784439,0.));
#12058=DIRECTION('',(0.,0.,1.));
#12059=DIRECTION('',(0.5,0.866025403784439,0.));
#12060=DIRECTION('',(0.,0.,1.));
#12061=DIRECTION('',(0.866025403784438,0.5,0.));
#12062=DIRECTION('',(-0.5,0.866025403784437,0.));
#12063=DIRECTION('',(0.,0.,1.));
#12064=DIRECTION('',(-0.5,0.866025403784437,0.));
#12065=DIRECTION('',(0.,1.,0.));
#12066=DIRECTION('',(0.,0.,1.));
#12067=DIRECTION('',(0.,0.,1.));
#12068=DIRECTION('',(-1.,0.,0.));
#12069=DIRECTION('',(-0.866025403784439,0.5,0.));
#12070=DIRECTION('',(-0.5,-0.866025403784439,0.));
#12071=DIRECTION('',(0.,0.,1.));
#12072=DIRECTION('',(-0.5,-0.866025403784439,0.));
#12073=DIRECTION('',(-0.866025403784438,-0.5,0.));
#12074=DIRECTION('',(0.5,-0.866025403784437,0.));
#12075=DIRECTION('',(0.,0.,1.));
#12076=DIRECTION('',(0.5,-0.866025403784437,0.));
#12077=DIRECTION('',(0.,-1.,0.));
#12078=DIRECTION('',(0.,0.,-1.));
#12079=DIRECTION('',(1.,0.,0.));
#12080=DIRECTION('',(0.866025403784439,-0.5,0.));
#12081=DIRECTION('',(0.5,0.866025403784439,0.));
#12082=DIRECTION('',(0.,0.,1.));
#12083=DIRECTION('',(0.5,0.866025403784439,0.));
#12084=DIRECTION('',(0.,0.,1.));
#12085=DIRECTION('',(0.866025403784438,0.5,0.));
#12086=DIRECTION('',(-0.5,0.866025403784437,0.));
#12087=DIRECTION('',(0.,0.,1.));
#12088=DIRECTION('',(-0.5,0.866025403784437,0.));
#12089=DIRECTION('',(0.,1.,0.));
#12090=DIRECTION('',(0.,0.,1.));
#12091=DIRECTION('',(0.,0.,1.));
#12092=DIRECTION('',(-1.,0.,0.));
#12093=DIRECTION('',(-0.866025403784439,0.5,0.));
#12094=DIRECTION('',(-0.5,-0.866025403784439,0.));
#12095=DIRECTION('',(0.,0.,1.));
#12096=DIRECTION('',(-0.5,-0.866025403784439,0.));
#12097=DIRECTION('',(-0.866025403784438,-0.5,0.));
#12098=DIRECTION('',(0.5,-0.866025403784437,0.));
#12099=DIRECTION('',(0.,0.,1.));
#12100=DIRECTION('',(0.5,-0.866025403784437,0.));
#12101=DIRECTION('',(0.,-1.,0.));
#12102=DIRECTION('',(0.,0.,-1.));
#12103=DIRECTION('',(1.,0.,0.));
#12104=DIRECTION('',(0.866025403784439,-0.5,0.));
#12105=DIRECTION('',(0.5,0.866025403784439,0.));
#12106=DIRECTION('',(0.,0.,1.));
#12107=DIRECTION('',(0.5,0.866025403784439,0.));
#12108=DIRECTION('',(0.,0.,1.));
#12109=DIRECTION('',(0.866025403784438,0.5,0.));
#12110=DIRECTION('',(-0.5,0.866025403784437,0.));
#12111=DIRECTION('',(0.,0.,1.));
#12112=DIRECTION('',(-0.5,0.866025403784437,0.));
#12113=DIRECTION('',(0.,1.,0.));
#12114=DIRECTION('',(0.,0.,1.));
#12115=DIRECTION('',(0.,0.,1.));
#12116=DIRECTION('',(-1.,0.,0.));
#12117=DIRECTION('',(-0.866025403784439,0.5,0.));
#12118=DIRECTION('',(-0.5,-0.866025403784439,0.));
#12119=DIRECTION('',(0.,0.,1.));
#12120=DIRECTION('',(-0.5,-0.866025403784439,0.));
#12121=DIRECTION('',(-0.866025403784438,-0.5,0.));
#12122=DIRECTION('',(0.5,-0.866025403784437,0.));
#12123=DIRECTION('',(0.,0.,1.));
#12124=DIRECTION('',(0.5,-0.866025403784437,0.));
#12125=DIRECTION('',(0.,-1.,0.));
#12126=DIRECTION('',(0.,0.,-1.));
#12127=DIRECTION('',(1.,0.,0.));
#12128=DIRECTION('',(0.866025403784439,-0.5,0.));
#12129=DIRECTION('',(0.5,0.866025403784439,0.));
#12130=DIRECTION('',(0.,0.,1.));
#12131=DIRECTION('',(0.5,0.866025403784439,0.));
#12132=DIRECTION('',(0.,0.,1.));
#12133=DIRECTION('',(0.866025403784438,0.5,0.));
#12134=DIRECTION('',(-0.5,0.866025403784437,0.));
#12135=DIRECTION('',(0.,0.,1.));
#12136=DIRECTION('',(-0.5,0.866025403784437,0.));
#12137=DIRECTION('',(0.,1.,0.));
#12138=DIRECTION('',(0.,0.,1.));
#12139=DIRECTION('',(0.,0.,1.));
#12140=DIRECTION('',(-1.,0.,0.));
#12141=DIRECTION('',(-0.866025403784439,0.5,0.));
#12142=DIRECTION('',(-0.5,-0.866025403784439,0.));
#12143=DIRECTION('',(0.,0.,1.));
#12144=DIRECTION('',(-0.5,-0.866025403784439,0.));
#12145=DIRECTION('',(-0.866025403784438,-0.5,0.));
#12146=DIRECTION('',(0.5,-0.866025403784437,0.));
#12147=DIRECTION('',(0.,0.,1.));
#12148=DIRECTION('',(0.5,-0.866025403784437,0.));
#12149=DIRECTION('',(0.,-1.,0.));
#12150=DIRECTION('',(0.,0.,-1.));
#12151=DIRECTION('',(1.,0.,0.));
#12152=DIRECTION('',(0.866025403784439,-0.5,0.));
#12153=DIRECTION('',(0.5,0.866025403784439,0.));
#12154=DIRECTION('',(0.,0.,1.));
#12155=DIRECTION('',(0.5,0.866025403784439,0.));
#12156=DIRECTION('',(0.,0.,1.));
#12157=DIRECTION('',(0.866025403784438,0.5,0.));
#12158=DIRECTION('',(-0.5,0.866025403784437,0.));
#12159=DIRECTION('',(0.,0.,1.));
#12160=DIRECTION('',(-0.5,0.866025403784437,0.));
#12161=DIRECTION('',(0.,1.,0.));
#12162=DIRECTION('',(0.,0.,1.));
#12163=DIRECTION('',(0.,0.,1.));
#12164=DIRECTION('',(-1.,0.,0.));
#12165=DIRECTION('',(-0.866025403784439,0.5,0.));
#12166=DIRECTION('',(-0.5,-0.866025403784439,0.));
#12167=DIRECTION('',(0.,0.,1.));
#12168=DIRECTION('',(-0.5,-0.866025403784439,0.));
#12169=DIRECTION('',(-0.866025403784438,-0.5,0.));
#12170=DIRECTION('',(0.5,-0.866025403784437,0.));
#12171=DIRECTION('',(0.,0.,1.));
#12172=DIRECTION('',(0.5,-0.866025403784437,0.));
#12173=DIRECTION('',(0.,-1.,0.));
#12174=DIRECTION('',(0.,0.,-1.));
#12175=DIRECTION('',(1.,0.,0.));
#12176=DIRECTION('',(0.866025403784439,-0.5,0.));
#12177=DIRECTION('',(0.5,0.866025403784439,0.));
#12178=DIRECTION('',(0.,0.,1.));
#12179=DIRECTION('',(0.5,0.866025403784439,0.));
#12180=DIRECTION('',(0.,0.,1.));
#12181=DIRECTION('',(0.866025403784438,0.5,0.));
#12182=DIRECTION('',(-0.5,0.866025403784437,0.));
#12183=DIRECTION('',(0.,0.,1.));
#12184=DIRECTION('',(-0.5,0.866025403784437,0.));
#12185=DIRECTION('',(0.,1.,0.));
#12186=DIRECTION('',(0.,0.,1.));
#12187=DIRECTION('',(0.,0.,1.));
#12188=DIRECTION('',(-1.,0.,0.));
#12189=DIRECTION('',(-0.866025403784439,0.5,0.));
#12190=DIRECTION('',(-0.5,-0.866025403784439,0.));
#12191=DIRECTION('',(0.,0.,1.));
#12192=DIRECTION('',(-0.5,-0.866025403784439,0.));
#12193=DIRECTION('',(-0.866025403784438,-0.5,0.));
#12194=DIRECTION('',(0.5,-0.866025403784437,0.));
#12195=DIRECTION('',(0.,0.,1.));
#12196=DIRECTION('',(0.5,-0.866025403784437,0.));
#12197=DIRECTION('',(0.,-1.,0.));
#12198=DIRECTION('',(0.,0.,-1.));
#12199=DIRECTION('',(1.,0.,0.));
#12200=DIRECTION('',(0.866025403784439,-0.5,0.));
#12201=DIRECTION('',(0.5,0.866025403784439,0.));
#12202=DIRECTION('',(0.,0.,1.));
#12203=DIRECTION('',(0.5,0.866025403784439,0.));
#12204=DIRECTION('',(0.,0.,1.));
#12205=DIRECTION('',(0.866025403784438,0.5,0.));
#12206=DIRECTION('',(-0.5,0.866025403784437,0.));
#12207=DIRECTION('',(0.,0.,1.));
#12208=DIRECTION('',(-0.5,0.866025403784437,0.));
#12209=DIRECTION('',(0.,1.,0.));
#12210=DIRECTION('',(0.,0.,1.));
#12211=DIRECTION('',(0.,0.,1.));
#12212=DIRECTION('',(-1.,0.,0.));
#12213=DIRECTION('',(-0.866025403784439,0.5,0.));
#12214=DIRECTION('',(-0.5,-0.866025403784439,0.));
#12215=DIRECTION('',(0.,0.,1.));
#12216=DIRECTION('',(-0.5,-0.866025403784439,0.));
#12217=DIRECTION('',(-0.866025403784438,-0.5,0.));
#12218=DIRECTION('',(0.5,-0.866025403784437,0.));
#12219=DIRECTION('',(0.,0.,1.));
#12220=DIRECTION('',(0.5,-0.866025403784437,0.));
#12221=DIRECTION('',(0.,-1.,0.));
#12222=DIRECTION('',(0.,0.,-1.));
#12223=DIRECTION('',(1.,0.,0.));
#12224=DIRECTION('',(0.866025403784439,-0.5,0.));
#12225=DIRECTION('',(0.5,0.866025403784439,0.));
#12226=DIRECTION('',(0.,0.,1.));
#12227=DIRECTION('',(0.5,0.866025403784439,0.));
#12228=DIRECTION('',(0.,0.,1.));
#12229=DIRECTION('',(0.866025403784438,0.5,0.));
#12230=DIRECTION('',(-0.5,0.866025403784437,0.));
#12231=DIRECTION('',(0.,0.,1.));
#12232=DIRECTION('',(-0.5,0.866025403784437,0.));
#12233=DIRECTION('',(0.,1.,0.));
#12234=DIRECTION('',(0.,0.,1.));
#12235=DIRECTION('',(0.,0.,1.));
#12236=DIRECTION('',(-1.,0.,0.));
#12237=DIRECTION('',(-0.866025403784439,0.5,0.));
#12238=DIRECTION('',(-0.5,-0.866025403784439,0.));
#12239=DIRECTION('',(0.,0.,1.));
#12240=DIRECTION('',(-0.5,-0.866025403784439,0.));
#12241=DIRECTION('',(-0.866025403784438,-0.5,0.));
#12242=DIRECTION('',(0.5,-0.866025403784437,0.));
#12243=DIRECTION('',(0.,0.,1.));
#12244=DIRECTION('',(0.5,-0.866025403784437,0.));
#12245=DIRECTION('',(0.,-1.,0.));
#12246=DIRECTION('',(0.,0.,-1.));
#12247=DIRECTION('',(1.,0.,0.));
#12248=DIRECTION('',(0.866025403784439,-0.5,0.));
#12249=DIRECTION('',(0.5,0.866025403784439,0.));
#12250=DIRECTION('',(0.,0.,1.));
#12251=DIRECTION('',(0.5,0.866025403784439,0.));
#12252=DIRECTION('',(0.,0.,1.));
#12253=DIRECTION('',(0.866025403784438,0.5,0.));
#12254=DIRECTION('',(-0.5,0.866025403784437,0.));
#12255=DIRECTION('',(0.,0.,1.));
#12256=DIRECTION('',(-0.5,0.866025403784437,0.));
#12257=DIRECTION('',(0.,1.,0.));
#12258=DIRECTION('',(0.,0.,1.));
#12259=DIRECTION('',(0.,0.,1.));
#12260=DIRECTION('',(-1.,0.,0.));
#12261=DIRECTION('',(-0.866025403784439,0.5,0.));
#12262=DIRECTION('',(-0.5,-0.866025403784439,0.));
#12263=DIRECTION('',(0.,0.,1.));
#12264=DIRECTION('',(-0.5,-0.866025403784439,0.));
#12265=DIRECTION('',(-0.866025403784438,-0.5,0.));
#12266=DIRECTION('',(0.5,-0.866025403784437,0.));
#12267=DIRECTION('',(0.,0.,1.));
#12268=DIRECTION('',(0.5,-0.866025403784437,0.));
#12269=DIRECTION('',(0.,-1.,0.));
#12270=DIRECTION('',(0.,0.,-1.));
#12271=DIRECTION('',(1.,0.,0.));
#12272=DIRECTION('',(0.866025403784439,-0.5,0.));
#12273=DIRECTION('',(0.5,0.866025403784439,0.));
#12274=DIRECTION('',(0.,0.,1.));
#12275=DIRECTION('',(0.5,0.866025403784439,0.));
#12276=DIRECTION('',(0.,0.,1.));
#12277=DIRECTION('',(0.866025403784438,0.5,0.));
#12278=DIRECTION('',(-0.5,0.866025403784437,0.));
#12279=DIRECTION('',(0.,0.,1.));
#12280=DIRECTION('',(-0.5,0.866025403784437,0.));
#12281=DIRECTION('',(0.,1.,0.));
#12282=DIRECTION('',(0.,0.,1.));
#12283=DIRECTION('',(0.,0.,1.));
#12284=DIRECTION('',(-1.,0.,0.));
#12285=DIRECTION('',(-0.866025403784439,0.5,0.));
#12286=DIRECTION('',(-0.5,-0.866025403784439,0.));
#12287=DIRECTION('',(0.,0.,1.));
#12288=DIRECTION('',(-0.5,-0.866025403784439,0.));
#12289=DIRECTION('',(-0.866025403784438,-0.5,0.));
#12290=DIRECTION('',(0.5,-0.866025403784437,0.));
#12291=DIRECTION('',(0.,0.,1.));
#12292=DIRECTION('',(0.5,-0.866025403784437,0.));
#12293=DIRECTION('',(0.,-1.,0.));
#12294=DIRECTION('',(0.,0.,-1.));
#12295=DIRECTION('',(1.,0.,0.));
#12296=DIRECTION('',(0.866025403784439,-0.5,0.));
#12297=DIRECTION('',(0.5,0.866025403784439,0.));
#12298=DIRECTION('',(0.,0.,1.));
#12299=DIRECTION('',(0.5,0.866025403784439,0.));
#12300=DIRECTION('',(0.,0.,1.));
#12301=DIRECTION('',(0.866025403784438,0.5,0.));
#12302=DIRECTION('',(-0.5,0.866025403784437,0.));
#12303=DIRECTION('',(0.,0.,1.));
#12304=DIRECTION('',(-0.5,0.866025403784437,0.));
#12305=DIRECTION('',(0.,1.,0.));
#12306=DIRECTION('',(0.,0.,1.));
#12307=DIRECTION('',(0.,0.,1.));
#12308=DIRECTION('',(-1.,0.,0.));
#12309=DIRECTION('',(-0.866025403784439,0.5,0.));
#12310=DIRECTION('',(-0.5,-0.866025403784439,0.));
#12311=DIRECTION('',(0.,0.,1.));
#12312=DIRECTION('',(-0.5,-0.866025403784439,0.));
#12313=DIRECTION('',(-0.866025403784438,-0.5,0.));
#12314=DIRECTION('',(0.5,-0.866025403784437,0.));
#12315=DIRECTION('',(0.,0.,1.));
#12316=DIRECTION('',(0.5,-0.866025403784437,0.));
#12317=DIRECTION('',(0.,-1.,0.));
#12318=DIRECTION('',(0.,0.,-1.));
#12319=DIRECTION('',(1.,0.,0.));
#12320=DIRECTION('',(0.866025403784439,-0.5,0.));
#12321=DIRECTION('',(0.5,0.866025403784439,0.));
#12322=DIRECTION('',(0.,0.,1.));
#12323=DIRECTION('',(0.5,0.866025403784439,0.));
#12324=DIRECTION('',(0.,0.,1.));
#12325=DIRECTION('',(0.866025403784438,0.5,0.));
#12326=DIRECTION('',(-0.5,0.866025403784437,0.));
#12327=DIRECTION('',(0.,0.,1.));
#12328=DIRECTION('',(-0.5,0.866025403784437,0.));
#12329=DIRECTION('',(0.,1.,0.));
#12330=DIRECTION('',(0.,0.,1.));
#12331=DIRECTION('',(0.,0.,1.));
#12332=DIRECTION('',(-1.,0.,0.));
#12333=DIRECTION('',(-0.866025403784439,0.5,0.));
#12334=DIRECTION('',(-0.5,-0.866025403784439,0.));
#12335=DIRECTION('',(0.,0.,1.));
#12336=DIRECTION('',(-0.5,-0.866025403784439,0.));
#12337=DIRECTION('',(-0.866025403784438,-0.5,0.));
#12338=DIRECTION('',(0.5,-0.866025403784437,0.));
#12339=DIRECTION('',(0.,0.,1.));
#12340=DIRECTION('',(0.5,-0.866025403784437,0.));
#12341=DIRECTION('',(0.,-1.,0.));
#12342=DIRECTION('',(0.,0.,-1.));
#12343=DIRECTION('',(1.,0.,0.));
#12344=DIRECTION('',(0.866025403784439,-0.5,0.));
#12345=DIRECTION('',(0.5,0.866025403784439,0.));
#12346=DIRECTION('',(0.,0.,1.));
#12347=DIRECTION('',(0.5,0.866025403784439,0.));
#12348=DIRECTION('',(0.,0.,1.));
#12349=DIRECTION('',(0.866025403784438,0.5,0.));
#12350=DIRECTION('',(-0.5,0.866025403784437,0.));
#12351=DIRECTION('',(0.,0.,1.));
#12352=DIRECTION('',(-0.5,0.866025403784437,0.));
#12353=DIRECTION('',(0.,1.,0.));
#12354=DIRECTION('',(0.,0.,1.));
#12355=DIRECTION('',(0.,0.,1.));
#12356=DIRECTION('',(-1.,0.,0.));
#12357=DIRECTION('',(-0.866025403784439,0.5,0.));
#12358=DIRECTION('',(-0.5,-0.866025403784439,0.));
#12359=DIRECTION('',(0.,0.,1.));
#12360=DIRECTION('',(-0.5,-0.866025403784439,0.));
#12361=DIRECTION('',(-0.866025403784438,-0.5,0.));
#12362=DIRECTION('',(0.5,-0.866025403784437,0.));
#12363=DIRECTION('',(0.,0.,1.));
#12364=DIRECTION('',(0.5,-0.866025403784437,0.));
#12365=DIRECTION('',(0.,-1.,0.));
#12366=DIRECTION('',(0.,0.,-1.));
#12367=DIRECTION('',(1.,0.,0.));
#12368=DIRECTION('',(-1.,-5.9818050895752E-17,0.));
#12369=DIRECTION('',(5.9818050895752E-17,-1.,0.));
#12370=DIRECTION('',(0.,0.,1.));
#12371=DIRECTION('',(5.9818050895752E-17,-1.,0.));
#12372=DIRECTION('',(0.,0.,1.));
#12373=DIRECTION('',(0.,-1.,0.));
#12374=DIRECTION('',(0.,0.,-1.));
#12375=DIRECTION('',(0.,0.,1.));
#12376=DIRECTION('',(1.,0.,0.));
#12377=DIRECTION('',(0.,0.,1.));
#12378=DIRECTION('',(-1.,0.,0.));
#12379=DIRECTION('',(0.,0.,1.));
#12380=DIRECTION('',(0.,-1.,0.));
#12381=DIRECTION('',(0.,0.,1.));
#12382=DIRECTION('',(0.,0.,1.));
#12383=DIRECTION('',(0.,-1.,0.));
#12384=DIRECTION('',(0.,0.,-1.));
#12385=DIRECTION('',(1.,0.,0.));
#12386=DIRECTION('',(0.,0.,1.));
#12387=DIRECTION('',(0.,0.,-1.));
#12388=DIRECTION('',(1.,0.,0.));
#12389=DIRECTION('',(0.,0.,-1.));
#12390=DIRECTION('',(0.,0.,-1.));
#12391=DIRECTION('',(-1.,0.,0.));
#12392=DIRECTION('',(0.,0.,-1.));
#12393=DIRECTION('',(0.,0.,1.));
#12394=DIRECTION('',(0.,0.,1.));
#12395=DIRECTION('',(1.,0.,0.));
#12396=DIRECTION('',(1.,0.,0.));
#12397=DIRECTION('',(0.5,0.866025403784439,0.));
#12398=DIRECTION('',(-0.5,0.866025403784437,0.));
#12399=DIRECTION('',(-1.,0.,0.));
#12400=DIRECTION('',(-0.5,-0.866025403784439,0.));
#12401=DIRECTION('',(0.5,-0.866025403784437,0.));
#12402=DIRECTION('',(0.,0.,1.));
#12403=DIRECTION('',(1.,0.,0.));
#12404=DIRECTION('',(0.,0.,1.));
#12405=DIRECTION('',(1.,0.,0.));
#12406=DIRECTION('',(0.,0.,1.));
#12407=DIRECTION('',(1.,0.,0.));
#12408=DIRECTION('',(0.,0.,1.));
#12409=DIRECTION('',(1.,0.,0.));
#12410=DIRECTION('',(0.,0.,-1.));
#12411=DIRECTION('',(-1.,0.,0.));
#12412=DIRECTION('',(0.,0.,1.));
#12413=DIRECTION('',(1.,0.,0.));
#12414=DIRECTION('',(0.,0.,1.));
#12415=DIRECTION('',(1.,0.,0.));
#12416=DIRECTION('',(0.,0.,-1.));
#12417=DIRECTION('',(-1.,0.,0.));
#12418=DIRECTION('',(0.866025403784439,-0.5,0.));
#12419=DIRECTION('',(0.5,0.866025403784439,0.));
#12420=DIRECTION('',(0.,0.,1.));
#12421=DIRECTION('',(0.,0.,1.));
#12422=DIRECTION('',(0.866025403784438,0.5,0.));
#12423=DIRECTION('',(-0.5,0.866025403784437,0.));
#12424=DIRECTION('',(0.,0.,1.));
#12425=DIRECTION('',(0.,1.,0.));
#12426=DIRECTION('',(0.,0.,1.));
#12427=DIRECTION('',(0.,0.,1.));
#12428=DIRECTION('',(-0.866025403784439,0.5,0.));
#12429=DIRECTION('',(-0.5,-0.866025403784439,0.));
#12430=DIRECTION('',(0.,0.,1.));
#12431=DIRECTION('',(-0.866025403784438,-0.5,0.));
#12432=DIRECTION('',(0.5,-0.866025403784437,0.));
#12433=DIRECTION('',(0.,0.,1.));
#12434=DIRECTION('',(0.,-1.,0.));
#12435=DIRECTION('',(0.,0.,-1.));
#12436=DIRECTION('',(1.,0.,0.));
#12437=DIRECTION('',(0.,0.,-1.));
#12438=DIRECTION('',(0.,0.5,0.866025403784439));
#12439=DIRECTION('',(0.,0.,-1.));
#12440=DIRECTION('',(0.,-1.,0.));
#12441=DIRECTION('',(0.,0.371390676354103,-0.92847669088526));
#12442=DIRECTION('',(0.,-1.,0.));
#12443=DIRECTION('',(0.,1.,0.));
#12444=DIRECTION('',(0.,0.,1.));
#12445=DIRECTION('',(1.,0.,0.));
#12446=DIRECTION('',(0.,0.,-1.));
#12447=DIRECTION('',(1.,0.,0.));
#12448=DIRECTION('',(1.,0.,0.));
#12449=DIRECTION('',(0.,0.,-1.));
#12450=DIRECTION('',(0.,-1.,0.));
#12451=DIRECTION('',(0.,0.371390676354103,-0.92847669088526));
#12452=DIRECTION('',(0.,-1.,0.));
#12453=DIRECTION('',(0.,0.5,0.866025403784439));
#12454=DIRECTION('',(0.,0.,1.));
#12455=DIRECTION('',(1.,0.,0.));
#12456=DIRECTION('',(1.,0.,0.));
#12457=DIRECTION('',(0.,0.866025403784439,-0.5));
#12458=DIRECTION('',(0.,0.5,0.866025403784439));
#12459=DIRECTION('',(0.,-0.92847669088526,-0.371390676354103));
#12460=DIRECTION('',(0.,0.371390676354103,-0.92847669088526));
#12461=DIRECTION('',(1.,0.,0.));
#12462=DIRECTION('',(0.,0.,1.));
#12463=DIRECTION('',(1.,0.,0.));
#12464=DIRECTION('',(0.,-1.,0.));
#12465=DIRECTION('',(0.,0.,1.));
#12466=DIRECTION('',(0.,0.,-1.));
#12467=DIRECTION('',(-1.,0.,0.));
#12468=DIRECTION('',(0.,0.,-1.));
#12469=DIRECTION('',(-1.,0.,0.));
#12470=DIRECTION('',(0.,0.,-1.));
#12471=DIRECTION('',(0.,-0.5,0.866025403784439));
#12472=DIRECTION('',(0.,0.,-1.));
#12473=DIRECTION('',(0.,1.,0.));
#12474=DIRECTION('',(0.,-0.371390676354103,-0.92847669088526));
#12475=DIRECTION('',(0.,1.,0.));
#12476=DIRECTION('',(0.,-1.,0.));
#12477=DIRECTION('',(0.,0.,1.));
#12478=DIRECTION('',(-1.,0.,0.));
#12479=DIRECTION('',(0.,0.,-1.));
#12480=DIRECTION('',(-1.,0.,0.));
#12481=DIRECTION('',(-1.,0.,0.));
#12482=DIRECTION('',(0.,0.,-1.));
#12483=DIRECTION('',(0.,1.,0.));
#12484=DIRECTION('',(0.,-0.371390676354103,-0.92847669088526));
#12485=DIRECTION('',(0.,1.,0.));
#12486=DIRECTION('',(0.,-0.5,0.866025403784439));
#12487=DIRECTION('',(0.,0.,1.));
#12488=DIRECTION('',(-1.,0.,0.));
#12489=DIRECTION('',(-1.,0.,0.));
#12490=DIRECTION('',(0.,-0.866025403784439,-0.5));
#12491=DIRECTION('',(0.,-0.5,0.866025403784439));
#12492=DIRECTION('',(0.,0.92847669088526,-0.371390676354103));
#12493=DIRECTION('',(0.,-0.371390676354103,-0.92847669088526));
#12494=DIRECTION('',(-1.,0.,0.));
#12495=DIRECTION('',(0.,0.,1.));
#12496=DIRECTION('',(-1.,0.,0.));
#12497=DIRECTION('',(0.,-1.,0.));
#12498=DIRECTION('',(0.,0.,1.));
#12499=DIRECTION('',(0.,0.,-1.));
#12500=DIRECTION('',(0.,0.,-1.));
#12501=DIRECTION('',(1.,0.,0.));
#12502=DIRECTION('',(1.,0.,0.));
#12503=DIRECTION('',(0.,0.,-1.));
#12504=DIRECTION('',(0.,1.,0.));
#12505=DIRECTION('',(0.,-0.371390676354103,-0.92847669088526));
#12506=DIRECTION('',(0.,1.,0.));
#12507=DIRECTION('',(0.,0.,-1.));
#12508=DIRECTION('',(0.,-0.5,0.866025403784439));
#12509=DIRECTION('',(0.,-1.,0.));
#12510=DIRECTION('',(0.,0.,1.));
#12511=DIRECTION('',(1.,0.,0.));
#12512=DIRECTION('',(0.,0.,-1.));
#12513=DIRECTION('',(1.,0.,0.));
#12514=DIRECTION('',(1.,0.,0.));
#12515=DIRECTION('',(0.,0.,-1.));
#12516=DIRECTION('',(0.,-0.5,0.866025403784439));
#12517=DIRECTION('',(0.,1.,0.));
#12518=DIRECTION('',(0.,-0.371390676354103,-0.92847669088526));
#12519=DIRECTION('',(0.,1.,0.));
#12520=DIRECTION('',(0.,0.,1.));
#12521=DIRECTION('',(1.,0.,0.));
#12522=DIRECTION('',(1.,0.,0.));
#12523=DIRECTION('',(0.,-0.866025403784439,-0.5));
#12524=DIRECTION('',(0.,-0.5,0.866025403784439));
#12525=DIRECTION('',(0.,0.92847669088526,-0.371390676354103));
#12526=DIRECTION('',(0.,-0.371390676354103,-0.92847669088526));
#12527=DIRECTION('',(1.,0.,0.));
#12528=DIRECTION('',(0.,0.,1.));
#12529=DIRECTION('',(1.,0.,0.));
#12530=DIRECTION('',(-1.,0.,0.));
#12531=DIRECTION('',(0.,0.,-1.));
#12532=DIRECTION('',(0.,-1.,0.));
#12533=DIRECTION('',(0.,0.371390676354103,-0.92847669088526));
#12534=DIRECTION('',(0.,-1.,0.));
#12535=DIRECTION('',(0.,0.,-1.));
#12536=DIRECTION('',(0.,0.5,0.866025403784439));
#12537=DIRECTION('',(0.,1.,0.));
#12538=DIRECTION('',(0.,0.,1.));
#12539=DIRECTION('',(-1.,0.,0.));
#12540=DIRECTION('',(0.,0.,-1.));
#12541=DIRECTION('',(-1.,0.,0.));
#12542=DIRECTION('',(-1.,0.,0.));
#12543=DIRECTION('',(0.,0.,-1.));
#12544=DIRECTION('',(0.,0.5,0.866025403784439));
#12545=DIRECTION('',(0.,-1.,0.));
#12546=DIRECTION('',(0.,0.371390676354103,-0.92847669088526));
#12547=DIRECTION('',(0.,-1.,0.));
#12548=DIRECTION('',(0.,0.,1.));
#12549=DIRECTION('',(-1.,0.,0.));
#12550=DIRECTION('',(-1.,0.,0.));
#12551=DIRECTION('',(0.,0.866025403784439,-0.5));
#12552=DIRECTION('',(0.,0.5,0.866025403784439));
#12553=DIRECTION('',(0.,-0.92847669088526,-0.371390676354103));
#12554=DIRECTION('',(0.,0.371390676354103,-0.92847669088526));
#12555=DIRECTION('',(-1.,0.,0.));
#12556=DIRECTION('',(0.,0.,1.));
#12557=DIRECTION('',(-1.,0.,0.));
#12558=DIRECTION('',(0.,0.,1.));
#12559=DIRECTION('',(1.,0.,0.));
#12560=DIRECTION('',(1.,-1.79454152687256E-16,0.));
#12561=DIRECTION('',(1.79454152687256E-16,1.,0.));
#12562=DIRECTION('',(6.12323399573677E-17,-1.,0.));
#12563=DIRECTION('',(0.,0.,-1.));
#12564=DIRECTION('',(-1.79454152687256E-16,-1.,0.));
#12565=DIRECTION('',(0.,0.,-1.));
#12566=DIRECTION('',(6.12323399573677E-17,1.,0.));
#12567=DIRECTION('',(-3.06161699786838E-17,-0.5,0.866025403784439));
#12568=DIRECTION('',(0.,0.,-1.));
#12569=DIRECTION('',(-1.79454152687256E-16,-1.,0.));
#12570=DIRECTION('',(0.,0.,-1.));
#12571=DIRECTION('',(-3.06161699786838E-17,0.5,0.866025403784439));
#12572=DIRECTION('',(-1.,1.79454152687256E-16,0.));
#12573=DIRECTION('',(-1.79454152687256E-16,-1.,0.));
#12574=DIRECTION('',(0.,0.,1.));
#12575=DIRECTION('',(0.,1.,0.));
#12576=DIRECTION('',(0.,0.,1.));
#12577=DIRECTION('',(0.,1.,0.));
#12578=DIRECTION('',(0.,1.,0.));
#12579=DIRECTION('',(0.,0.,1.));
#12580=DIRECTION('',(1.,0.,0.));
#12581=DIRECTION('',(0.,0.,-1.));
#12582=DIRECTION('',(1.,0.,0.));
#12583=DIRECTION('',(-0.5,0.,0.866025403784439));
#12584=DIRECTION('',(0.,0.,-1.));
#12585=DIRECTION('',(1.,0.,0.));
#12586=DIRECTION('',(0.,0.,-1.));
#12587=DIRECTION('',(1.,0.,0.));
#12588=DIRECTION('',(0.,0.,-1.));
#12589=DIRECTION('',(0.5,0.,0.866025403784438));
#12590=DIRECTION('',(-1.,0.,0.));
#12591=DIRECTION('',(0.,0.,-1.));
#12592=DIRECTION('',(1.,0.,0.));
#12593=DIRECTION('',(0.,0.,-1.));
#12594=DIRECTION('',(0.,1.,0.));
#12595=DIRECTION('',(0.,0.,1.));
#12596=DIRECTION('',(1.,0.,0.));
#12597=DIRECTION('',(0.,1.,0.));
#12598=DIRECTION('',(0.,0.,1.));
#12599=DIRECTION('',(0.,0.,-1.));
#12600=DIRECTION('',(0.,1.,0.));
#12601=DIRECTION('',(0.,0.,1.));
#12602=DIRECTION('',(0.,0.,-1.));
#12603=DIRECTION('',(-1.,0.,0.));
#12604=DIRECTION('',(0.,0.,-1.));
#12605=DIRECTION('',(-1.,0.,0.));
#12606=DIRECTION('',(0.,0.,-1.));
#12607=DIRECTION('',(1.,0.,0.));
#12608=DIRECTION('',(0.,0.,-1.));
#12609=DIRECTION('',(1.,0.,0.));
#12610=DIRECTION('',(0.,1.,0.));
#12611=DIRECTION('',(0.,0.,1.));
#12612=DIRECTION('',(1.,0.,0.));
#12613=DIRECTION('',(0.,0.,-1.));
#12614=DIRECTION('',(1.,0.,0.));
#12615=DIRECTION('',(0.,0.,-1.));
#12616=DIRECTION('',(1.,0.,0.));
#12617=DIRECTION('',(0.,0.,-1.));
#12618=DIRECTION('',(-0.5,0.,0.866025403784439));
#12619=DIRECTION('',(1.,0.,0.));
#12620=DIRECTION('',(0.,0.,-1.));
#12621=DIRECTION('',(1.,0.,0.));
#12622=DIRECTION('',(0.,0.,-1.));
#12623=DIRECTION('',(-1.,0.,0.));
#12624=DIRECTION('',(0.5,0.,0.866025403784439));
#12625=DIRECTION('',(0.,0.,-1.));
#12626=DIRECTION('',(-1.,0.,0.));
#12627=DIRECTION('',(0.,0.,-1.));
#12628=DIRECTION('',(-1.,0.,0.));
#12629=DIRECTION('',(0.,0.,-1.));
#12630=DIRECTION('',(0.,0.,1.));
#12631=DIRECTION('',(1.,0.,0.));
#12632=DIRECTION('',(0.,0.,1.));
#12633=DIRECTION('',(1.,0.,0.));
#12634=DIRECTION('',(1.,0.,0.));
#12635=DIRECTION('',(0.,-1.,0.));
#12636=DIRECTION('',(0.,0.,1.));
#12637=DIRECTION('',(1.,0.,0.));
#12638=DIRECTION('',(-1.89242561015651E-16,-1.,0.));
#12639=DIRECTION('',(0.,0.,1.));
#12640=DIRECTION('',(1.,0.,0.));
#12641=DIRECTION('',(0.,0.,1.));
#12642=DIRECTION('',(1.,0.,0.));
#12643=DIRECTION('',(0.,0.,1.));
#12644=DIRECTION('',(1.,0.,0.));
#12645=DIRECTION('',(0.,-1.,0.));
#12646=DIRECTION('',(1.,0.,0.));
#12647=DIRECTION('',(0.,0.,1.));
#12648=DIRECTION('',(1.,0.,0.));
#12649=DIRECTION('',(-1.7347234759768E-16,-1.,0.));
#12650=DIRECTION('',(0.,0.,1.));
#12651=DIRECTION('',(1.,0.,0.));
#12652=DIRECTION('',(1.,0.,0.));
#12653=DIRECTION('',(0.,0.,1.));
#12654=DIRECTION('',(1.,0.,0.));
#12655=DIRECTION('',(-1.7347234759768E-16,-1.,0.));
#12656=DIRECTION('',(1.,-1.89242561015651E-16,0.));
#12657=DIRECTION('',(1.89242561015651E-16,1.,0.));
#12658=DIRECTION('',(0.,0.,1.));
#12659=DIRECTION('',(0.,1.,0.));
#12660=DIRECTION('',(0.,0.,1.));
#12661=DIRECTION('',(0.,1.,0.));
#12662=DIRECTION('',(0.,0.,-1.));
#12663=DIRECTION('',(-6.12323399573677E-17,-1.,0.));
#12664=DIRECTION('',(3.06161699786838E-17,0.5,0.866025403784438));
#12665=DIRECTION('',(0.,0.,-1.));
#12666=DIRECTION('',(-1.89242561015651E-16,-1.,0.));
#12667=DIRECTION('',(0.,0.,-1.));
#12668=DIRECTION('',(-1.89242561015651E-16,-1.,0.));
#12669=DIRECTION('',(0.,0.,-1.));
#12670=DIRECTION('',(3.06161699786838E-17,-0.5,0.866025403784439));
#12671=DIRECTION('',(-6.12323399573677E-17,1.,0.));
#12672=DIRECTION('',(0.,0.,-1.));
#12673=DIRECTION('',(0.,0.,-1.));
#12674=DIRECTION('',(1.,-1.89242561015651E-16,0.));
#12675=DIRECTION('',(1.89242561015651E-16,1.,0.));
#12676=DIRECTION('',(1.89242561015651E-16,1.,0.));
#12677=DIRECTION('',(1.,-1.89242561015651E-16,0.));
#12678=DIRECTION('',(1.89242561015651E-16,1.,0.));
#12679=DIRECTION('',(0.,0.,-1.));
#12680=DIRECTION('',(1.,-1.89242561015651E-16,0.));
#12681=DIRECTION('',(1.89242561015651E-16,1.,0.));
#12682=DIRECTION('',(1.89242561015651E-16,1.,0.));
#12683=DIRECTION('',(1.,-1.89242561015651E-16,0.));
#12684=DIRECTION('',(1.89242561015651E-16,1.,0.));
#12685=DIRECTION('',(1.,-1.89242561015651E-16,0.));
#12686=DIRECTION('',(1.89242561015651E-16,1.,0.));
#12687=DIRECTION('',(0.,0.,1.));
#12688=DIRECTION('',(1.,0.,0.));
#12689=DIRECTION('',(0.,0.,1.));
#12690=DIRECTION('',(1.,0.,0.));
#12691=DIRECTION('',(0.,0.,1.));
#12692=DIRECTION('',(1.,0.,0.));
#12693=DIRECTION('',(0.,0.,1.));
#12694=DIRECTION('',(1.,0.,0.));
#12695=DIRECTION('',(1.,0.,0.));
#12696=DIRECTION('',(0.,1.,0.));
#12697=DIRECTION('',(1.,0.,0.));
#12698=DIRECTION('',(0.,1.,0.));
#12699=DIRECTION('',(1.,0.,0.));
#12700=DIRECTION('',(0.,-1.,0.));
#12701=DIRECTION('',(1.,0.,0.));
#12702=DIRECTION('',(0.,-1.,0.));
#12703=DIRECTION('',(1.,0.,0.));
#12704=DIRECTION('',(-2.16840434497101E-16,1.,0.));
#12705=DIRECTION('',(1.,0.,0.));
#12706=DIRECTION('',(7.2280144832367E-17,-1.,0.));
#12707=DIRECTION('',(1.,0.,0.));
#12708=DIRECTION('',(4.8186763221578E-17,-1.,0.));
#12709=DIRECTION('',(1.,0.,0.));
#12710=DIRECTION('',(4.8186763221578E-17,-1.,0.));
#12711=DIRECTION('',(1.,0.,0.));
#12712=DIRECTION('',(9.63735264431559E-17,-1.,0.));
#12713=DIRECTION('',(1.,0.,0.));
#12714=DIRECTION('',(7.2280144832367E-17,-1.,0.));
#12715=DIRECTION('',(1.,0.,0.));
#12716=DIRECTION('',(4.8186763221578E-17,-1.,0.));
#12717=DIRECTION('',(0.,0.,1.));
#12718=DIRECTION('',(1.,0.,0.));
#12719=DIRECTION('',(0.,-1.,0.));
#12720=DIRECTION('',(0.,0.,-1.));
#12721=DIRECTION('',(0.,0.,1.));
#12722=DIRECTION('',(1.,0.,0.));
#12723=DIRECTION('',(0.,0.,1.));
#12724=DIRECTION('',(1.,0.,0.));
#12725=DIRECTION('',(-1.,1.7347234759768E-16,0.));
#12726=DIRECTION('',(-1.7347234759768E-16,-1.,0.));
#12727=DIRECTION('',(1.89242561015651E-16,1.,0.));
#12728=DIRECTION('',(-1.,1.7347234759768E-16,0.));
#12729=DIRECTION('',(-1.7347234759768E-16,-1.,0.));
#12730=DIRECTION('',(0.,0.,-1.));
#12731=DIRECTION('',(-1.,1.7347234759768E-16,0.));
#12732=DIRECTION('',(-1.7347234759768E-16,-1.,0.));
#12733=DIRECTION('',(1.89242561015651E-16,1.,0.));
#12734=DIRECTION('',(-1.,1.7347234759768E-16,0.));
#12735=DIRECTION('',(-1.7347234759768E-16,-1.,0.));
#12736=DIRECTION('',(0.,0.,-1.));
#12737=DIRECTION('',(-1.,1.7347234759768E-16,0.));
#12738=DIRECTION('',(-1.7347234759768E-16,-1.,0.));
#12739=DIRECTION('',(1.,-1.89242561015651E-16,0.));
#12740=DIRECTION('',(1.89242561015651E-16,1.,0.));
#12741=DIRECTION('',(0.,0.,1.));
#12742=DIRECTION('',(-1.7347234759768E-16,-1.,0.));
#12743=DIRECTION('',(0.,0.,1.));
#12744=DIRECTION('',(-1.7347234759768E-16,-1.,0.));
#12745=DIRECTION('',(0.,-1.,0.));
#12746=DIRECTION('',(0.,0.,-1.));
#12747=DIRECTION('',(0.,0.,-1.));
#12748=DIRECTION('',(1.,0.,0.));
#12749=DIRECTION('',(0.,0.,1.));
#12750=DIRECTION('',(1.,0.,0.));
#12751=DIRECTION('',(0.,0.,1.));
#12752=DIRECTION('',(1.,0.,0.));
#12753=DIRECTION('',(0.,0.,-1.));
#12754=DIRECTION('',(0.,-1.,0.));
#12755=DIRECTION('',(0.,0.,-1.));
#12756=DIRECTION('',(1.,0.,0.));
#12757=DIRECTION('',(0.,-1.,0.));
#12758=DIRECTION('',(0.,0.,-1.));
#12759=DIRECTION('',(0.,1.,0.));
#12760=DIRECTION('',(0.,0.,1.));
#12761=DIRECTION('',(-1.,1.7347234759768E-16,0.));
#12762=DIRECTION('',(-1.7347234759768E-16,-1.,0.));
#12763=DIRECTION('',(-1.,1.79454152687256E-16,0.));
#12764=DIRECTION('',(-1.79454152687256E-16,-1.,0.));
#12765=DIRECTION('',(0.,0.,1.));
#12766=DIRECTION('',(-1.7347234759768E-16,-1.,0.));
#12767=DIRECTION('',(0.,0.,1.));
#12768=DIRECTION('',(-1.7347234759768E-16,-1.,0.));
#12769=DIRECTION('',(0.,0.,1.));
#12770=DIRECTION('',(1.,0.,0.));
#12771=DIRECTION('',(0.,0.,1.));
#12772=DIRECTION('',(1.,0.,0.));
#12773=DIRECTION('',(-1.7347234759768E-16,-1.,0.));
#12774=DIRECTION('',(0.,0.,1.));
#12775=DIRECTION('',(1.,0.,0.));
#12776=DIRECTION('',(1.,0.,0.));
#12777=DIRECTION('',(0.,0.,1.));
#12778=DIRECTION('',(1.,0.,0.));
#12779=DIRECTION('',(-1.7347234759768E-16,-1.,0.));
#12780=DIRECTION('',(0.,0.,1.));
#12781=DIRECTION('',(1.,0.,0.));
#12782=DIRECTION('',(1.,0.,0.));
#12783=DIRECTION('',(0.,0.,-1.));
#12784=DIRECTION('',(-1.,0.,0.));
#12785=DIRECTION('',(0.,0.,1.));
#12786=DIRECTION('',(1.,0.,0.));
#12787=DIRECTION('',(0.,0.,1.));
#12788=DIRECTION('',(1.,0.,0.));
#12789=DIRECTION('',(0.,0.,-1.));
#12790=DIRECTION('',(-1.,0.,0.));
#12791=DIRECTION('',(0.,0.,1.));
#12792=DIRECTION('',(1.,0.,0.));
#12793=DIRECTION('',(0.,0.,1.));
#12794=DIRECTION('',(1.,0.,0.));
#12795=DIRECTION('',(0.,0.,1.));
#12796=DIRECTION('',(1.,0.,0.));
#12797=DIRECTION('',(0.,0.,1.));
#12798=DIRECTION('',(1.,0.,0.));
#12799=DIRECTION('',(0.,1.,0.));
#12800=DIRECTION('',(0.,0.,1.));
#12801=DIRECTION('',(0.,0.,-1.));
#12802=DIRECTION('',(1.,0.,0.));
#12803=DIRECTION('',(0.,0.,-1.));
#12804=DIRECTION('',(1.,4.8186763221578E-17,0.));
#12805=DIRECTION('',(-4.8186763221578E-17,1.,0.));
#12806=DIRECTION('',(0.,0.,-1.));
#12807=DIRECTION('',(4.8186763221578E-17,-1.,0.));
#12808=DIRECTION('',(0.,1.,0.));
#12809=DIRECTION('',(0.,0.,1.));
#12810=DIRECTION('',(0.,0.,-1.));
#12811=DIRECTION('',(1.,0.,0.));
#12812=DIRECTION('',(1.,7.2280144832367E-17,0.));
#12813=DIRECTION('',(-7.2280144832367E-17,1.,0.));
#12814=DIRECTION('',(7.2280144832367E-17,-1.,0.));
#12815=DIRECTION('',(0.,0.,1.));
#12816=DIRECTION('',(1.,0.,0.));
#12817=DIRECTION('',(0.,1.,0.));
#12818=DIRECTION('',(0.,0.,1.));
#12819=DIRECTION('',(0.,0.,-1.));
#12820=DIRECTION('',(1.,0.,0.));
#12821=DIRECTION('',(0.,0.,-1.));
#12822=DIRECTION('',(1.,9.63735264431559E-17,0.));
#12823=DIRECTION('',(-9.63735264431559E-17,1.,0.));
#12824=DIRECTION('',(0.,0.,-1.));
#12825=DIRECTION('',(9.63735264431559E-17,-1.,0.));
#12826=DIRECTION('',(0.,1.,0.));
#12827=DIRECTION('',(0.,0.,1.));
#12828=DIRECTION('',(0.,0.,-1.));
#12829=DIRECTION('',(1.,0.,0.));
#12830=DIRECTION('',(1.,4.8186763221578E-17,0.));
#12831=DIRECTION('',(-4.8186763221578E-17,1.,0.));
#12832=DIRECTION('',(4.8186763221578E-17,-1.,0.));
#12833=DIRECTION('',(0.,0.,1.));
#12834=DIRECTION('',(1.,0.,0.));
#12835=DIRECTION('',(0.,1.,0.));
#12836=DIRECTION('',(0.,0.,1.));
#12837=DIRECTION('',(0.,0.,-1.));
#12838=DIRECTION('',(1.,0.,0.));
#12839=DIRECTION('',(0.,0.,-1.));
#12840=DIRECTION('',(1.,4.8186763221578E-17,0.));
#12841=DIRECTION('',(-4.8186763221578E-17,1.,0.));
#12842=DIRECTION('',(0.,0.,-1.));
#12843=DIRECTION('',(4.8186763221578E-17,-1.,0.));
#12844=DIRECTION('',(0.,1.,0.));
#12845=DIRECTION('',(0.,0.,1.));
#12846=DIRECTION('',(0.,0.,-1.));
#12847=DIRECTION('',(1.,0.,0.));
#12848=DIRECTION('',(1.,7.2280144832367E-17,0.));
#12849=DIRECTION('',(-7.2280144832367E-17,1.,0.));
#12850=DIRECTION('',(7.2280144832367E-17,-1.,0.));
#12851=DIRECTION('',(0.,0.,1.));
#12852=DIRECTION('',(1.,0.,0.));
#12853=DIRECTION('',(-1.,0.,0.));
#12854=DIRECTION('',(0.,0.,1.));
#12855=DIRECTION('',(0.,0.,-1.));
#12856=DIRECTION('',(0.,0.,-1.));
#12857=DIRECTION('',(0.,1.,0.));
#12858=DIRECTION('',(0.,0.,-1.));
#12859=DIRECTION('',(0.,1.,0.));
#12860=DIRECTION('',(0.,0.,1.));
#12861=DIRECTION('',(1.,0.,0.));
#12862=DIRECTION('',(0.,0.,-1.));
#12863=DIRECTION('',(1.,0.,0.));
#12864=DIRECTION('',(-1.,0.,0.));
#12865=DIRECTION('',(0.,0.,1.));
#12866=DIRECTION('',(0.,0.,-1.));
#12867=DIRECTION('',(0.,1.,0.));
#12868=DIRECTION('',(0.,0.,-1.));
#12869=DIRECTION('',(0.,1.,0.));
#12870=DIRECTION('',(0.,0.,1.));
#12871=DIRECTION('',(1.,0.,0.));
#12872=DIRECTION('',(0.,0.,1.));
#12873=DIRECTION('',(1.,0.,0.));
#12874=DIRECTION('',(0.,1.,0.));
#12875=DIRECTION('',(0.,0.,1.));
#12876=DIRECTION('',(1.,0.,0.));
#12877=DIRECTION('',(0.,0.,-1.));
#12878=DIRECTION('',(0.,1.,0.));
#12879=DIRECTION('',(0.,0.,1.));
#12880=DIRECTION('',(1.,0.,0.));
#12881=DIRECTION('',(-1.,0.,0.));
#12882=DIRECTION('',(0.,0.,-1.));
#12883=DIRECTION('',(0.,1.,0.));
#12884=DIRECTION('',(0.,0.,1.));
#12885=DIRECTION('',(0.,0.,-1.));
#12886=DIRECTION('',(1.,0.,0.));
#12887=DIRECTION('',(0.,0.,-1.));
#12888=DIRECTION('',(1.,0.,0.));
#12889=DIRECTION('',(0.,0.,-1.));
#12890=DIRECTION('',(0.,-1.,0.));
#12891=DIRECTION('',(0.,0.,1.));
#12892=DIRECTION('',(1.,0.,0.));
#12893=DIRECTION('',(0.,-1.,0.));
#12894=DIRECTION('',(0.,1.,0.));
#12895=DIRECTION('',(0.,0.,1.));
#12896=DIRECTION('',(0.,0.,-1.));
#12897=DIRECTION('',(1.,0.,0.));
#12898=DIRECTION('',(0.,0.,-1.));
#12899=DIRECTION('',(-1.,-2.16840434497101E-16,0.));
#12900=DIRECTION('',(2.16840434497101E-16,-1.,0.));
#12901=DIRECTION('',(-2.16840434497101E-16,1.,0.));
#12902=DIRECTION('',(0.,0.,1.));
#12903=DIRECTION('',(1.,0.,0.));
#12904=DIRECTION('',(1.,0.,0.));
#12905=DIRECTION('',(0.,0.,1.));
#12906=DIRECTION('',(1.,0.,0.));
#12907=DIRECTION('',(0.,1.,0.));
#12908=DIRECTION('',(0.,0.,1.));
#12909=DIRECTION('',(0.,0.,-1.));
#12910=DIRECTION('',(0.,0.,-1.));
#12911=DIRECTION('',(1.,0.,0.));
#12912=DIRECTION('',(1.,0.,0.));
#12913=DIRECTION('',(0.,0.,-1.));
#12914=DIRECTION('',(0.,-1.,0.));
#12915=DIRECTION('',(0.,0.,1.));
#12916=DIRECTION('',(1.,0.,0.));
#12917=DIRECTION('',(1.,-1.89242561015651E-16,0.));
#12918=DIRECTION('',(1.89242561015651E-16,1.,0.));
#12919=DIRECTION('',(-1.89242561015651E-16,-1.,0.));
#12920=DIRECTION('',(1.,-1.89242561015651E-16,0.));
#12921=DIRECTION('',(1.,-1.89242561015651E-16,0.));
#12922=DIRECTION('',(1.,-1.89242561015651E-16,0.));
#12923=DIRECTION('',(0.,0.,-1.));
#12924=DIRECTION('',(-1.,0.,0.));
#12925=DIRECTION('',(1.,-1.89242561015651E-16,0.));
#12926=DIRECTION('',(1.,-1.89242561015651E-16,0.));
#12927=DIRECTION('',(-1.89242561015651E-16,-1.,0.));
#12928=DIRECTION('',(1.,-1.89242561015651E-16,0.));
#12929=DIRECTION('',(1.,-1.89242561015651E-16,0.));
#12930=DIRECTION('',(1.,-1.89242561015651E-16,0.));
#12931=DIRECTION('',(0.,0.,-1.));
#12932=DIRECTION('',(-1.,0.,0.));
#12933=DIRECTION('',(1.,-1.89242561015651E-16,0.));
#12934=DIRECTION('',(1.,-1.89242561015651E-16,0.));
#12935=DIRECTION('',(0.,1.,0.));
#12936=DIRECTION('',(0.,0.,1.));
#12937=DIRECTION('',(-1.,1.79454152687256E-16,0.));
#12938=DIRECTION('',(-1.79454152687256E-16,-1.,0.));
#12939=DIRECTION('',(0.,0.,1.));
#12940=DIRECTION('',(1.,0.,0.));
#12941=DIRECTION('',(0.,0.,1.));
#12942=DIRECTION('',(1.,0.,0.));
#12943=DIRECTION('',(0.,0.,-1.));
#12944=DIRECTION('',(-1.,0.,0.));
#12945=DIRECTION('',(0.,0.,-1.));
#12946=DIRECTION('',(-1.,0.,0.));
#12947=DIRECTION('',(0.,0.,1.));
#12948=DIRECTION('',(1.,0.,0.));
#12949=DIRECTION('',(0.,0.,-1.));
#12950=DIRECTION('',(-1.,0.,0.));
#12951=DIRECTION('',(0.,0.,1.));
#12952=DIRECTION('',(1.,0.,0.));
#12953=DIRECTION('',(0.,0.,1.));
#12954=DIRECTION('',(1.,0.,0.));
#12955=DIRECTION('',(0.,0.,1.));
#12956=DIRECTION('',(1.,0.,0.));
#12957=DIRECTION('',(0.,0.,1.));
#12958=DIRECTION('',(1.,0.,0.));
#12959=DIRECTION('',(0.,0.,-1.));
#12960=DIRECTION('',(-1.,0.,0.));
#12961=DIRECTION('',(0.,0.,-1.));
#12962=DIRECTION('',(-1.,0.,0.));
#12963=DIRECTION('',(0.,0.,1.));
#12964=DIRECTION('',(1.,0.,0.));
#12965=DIRECTION('',(0.,0.,-1.));
#12966=DIRECTION('',(-1.,0.,0.));
#12967=DIRECTION('',(0.,0.,1.));
#12968=DIRECTION('',(1.,0.,0.));
#12969=DIRECTION('',(0.,0.,1.));
#12970=DIRECTION('',(1.,0.,0.));
#12971=DIRECTION('',(-1.,0.,0.));
#12972=DIRECTION('',(0.,0.,1.));
#12973=DIRECTION('',(-1.,0.,0.));
#12974=DIRECTION('',(0.,0.,1.));
#12975=DIRECTION('',(0.,-1.,0.));
#12976=DIRECTION('',(0.,0.,-1.));
#12977=DIRECTION('',(-1.,0.,0.));
#12978=DIRECTION('',(0.,-1.,0.));
#12979=DIRECTION('',(0.,-1.,0.));
#12980=DIRECTION('',(-1.,0.,0.));
#12981=DIRECTION('',(0.,0.,1.));
#12982=DIRECTION('',(-1.,0.,0.));
#12983=DIRECTION('',(0.,0.,1.));
#12984=DIRECTION('',(0.,-1.,0.));
#12985=DIRECTION('',(0.,0.,-1.));
#12986=DIRECTION('',(-1.,0.,0.));
#12987=DIRECTION('',(0.,0.,-1.));
#12988=DIRECTION('',(-1.,0.,0.));
#12989=DIRECTION('',(0.,0.,1.));
#12990=DIRECTION('',(1.,0.,0.));
#12991=DIRECTION('',(0.,0.,1.));
#12992=DIRECTION('',(1.,0.,0.));
#12993=DIRECTION('',(0.,0.,1.));
#12994=DIRECTION('',(1.,0.,0.));
#12995=DIRECTION('',(0.,0.,1.));
#12996=DIRECTION('',(1.,0.,0.));
#12997=DIRECTION('',(0.,0.,-1.));
#12998=DIRECTION('',(-1.,0.,0.));
#12999=DIRECTION('',(0.,0.,-1.));
#13000=DIRECTION('',(-1.,0.,0.));
#13001=DIRECTION('',(0.,0.,1.));
#13002=DIRECTION('',(1.,0.,0.));
#13003=DIRECTION('',(0.,0.,1.));
#13004=DIRECTION('',(1.,0.,0.));
#13005=DIRECTION('',(0.,0.,1.));
#13006=DIRECTION('',(1.,0.,0.));
#13007=DIRECTION('',(0.,0.,-1.));
#13008=DIRECTION('',(-1.,0.,0.));
#13009=DIRECTION('',(0.,0.,1.));
#13010=DIRECTION('',(1.,0.,0.));
#13011=DIRECTION('',(0.,0.,1.));
#13012=DIRECTION('',(1.,0.,0.));
#13013=DIRECTION('',(0.,0.,1.));
#13014=DIRECTION('',(1.,0.,0.));
#13015=DIRECTION('',(0.,0.,1.));
#13016=DIRECTION('',(1.,0.,0.));
#13017=DIRECTION('',(0.,0.,1.));
#13018=DIRECTION('',(1.,0.,0.));
#13019=DIRECTION('',(0.,0.,-1.));
#13020=DIRECTION('',(-1.,0.,0.));
#13021=DIRECTION('',(0.,0.,1.));
#13022=DIRECTION('',(1.,0.,0.));
#13023=DIRECTION('',(0.,0.,1.));
#13024=DIRECTION('',(1.,0.,0.));
#13025=DIRECTION('',(-1.,1.89242561015651E-16,0.));
#13026=DIRECTION('',(-1.89242561015651E-16,-1.,0.));
#13027=DIRECTION('',(1.,-1.89242561015651E-16,0.));
#13028=DIRECTION('',(1.89242561015651E-16,1.,0.));
#13029=DIRECTION('',(-1.,1.89242561015651E-16,0.));
#13030=DIRECTION('',(-1.89242561015651E-16,-1.,0.));
#13031=DIRECTION('',(1.,-1.89242561015651E-16,0.));
#13032=DIRECTION('',(1.89242561015651E-16,1.,0.));
#13033=DIRECTION('',(0.,-1.,0.));
#13034=DIRECTION('',(0.,0.,-1.));
#13035=DIRECTION('',(0.,1.,0.));
#13036=DIRECTION('',(0.,0.,1.));
#13037=DIRECTION('',(1.,0.,0.));
#13038=DIRECTION('',(0.,0.,-1.));
#13039=DIRECTION('',(1.,0.,0.));
#13040=DIRECTION('',(0.,0.,-1.));
#13041=DIRECTION('',(0.,0.,1.));
#13042=DIRECTION('',(1.,0.,0.));
#13043=DIRECTION('',(0.,1.,0.));
#13044=DIRECTION('',(0.,0.,1.));
#13045=DIRECTION('',(1.7347234759768E-16,1.,0.));
#13046=DIRECTION('',(-1.,1.7347234759768E-16,0.));
#13047=DIRECTION('',(0.,1.,0.));
#13048=DIRECTION('',(0.,0.,1.));
#13049=DIRECTION('',(0.,0.,1.));
#13050=DIRECTION('',(1.,0.,0.));
#13051=DIRECTION('',(-1.,0.,0.));
#13052=DIRECTION('',(0.,0.,1.));
#13053=DIRECTION('',(-1.,0.,0.));
#13054=DIRECTION('',(0.,0.,1.));
#13055=DIRECTION('',(-1.,0.,0.));
#13056=DIRECTION('',(0.,0.,1.));
#13057=DIRECTION('',(0.,0.,1.));
#13058=DIRECTION('',(1.,0.,0.));
#13059=DIRECTION('',(0.,-1.,0.));
#13060=DIRECTION('',(0.,0.,-1.));
#13061=DIRECTION('',(-1.7347234759768E-16,-1.,0.));
#13062=DIRECTION('',(1.,-1.7347234759768E-16,0.));
#13063=DIRECTION('',(0.,-1.,0.));
#13064=DIRECTION('',(0.,0.,-1.));
#13065=DIRECTION('',(0.,0.,1.));
#13066=DIRECTION('',(1.,0.,0.));
#13067=DIRECTION('',(1.,0.,0.));
#13068=DIRECTION('',(0.,0.,-1.));
#13069=DIRECTION('',(1.,0.,0.));
#13070=DIRECTION('',(0.,0.,-1.));
#13071=DIRECTION('',(1.7347234759768E-16,1.,0.));
#13072=DIRECTION('',(-1.,1.7347234759768E-16,0.));
#13073=DIRECTION('',(0.,-1.,0.));
#13074=DIRECTION('',(0.,0.,-1.));
#13075=DIRECTION('',(0.,1.,0.));
#13076=DIRECTION('',(0.,0.,1.));
#13077=DIRECTION('',(0.,0.,1.));
#13078=DIRECTION('',(1.,0.,0.));
#13079=DIRECTION('',(1.,0.,0.));
#13080=DIRECTION('',(0.,0.,-1.));
#13081=DIRECTION('',(0.,0.,1.));
#13082=DIRECTION('',(1.,0.,0.));
#13083=DIRECTION('',(1.,0.,0.));
#13084=DIRECTION('',(0.,0.,-1.));
#13085=DIRECTION('',(1.,0.,0.));
#13086=DIRECTION('',(0.,0.,-1.));
#13087=DIRECTION('',(1.,0.,0.));
#13088=DIRECTION('',(0.,0.,-1.));
#13089=DIRECTION('',(-1.,0.,0.));
#13090=DIRECTION('',(0.,0.,1.));
#13091=DIRECTION('',(1.,0.,0.));
#13092=DIRECTION('',(0.,0.,-1.));
#13093=DIRECTION('',(0.,0.,1.));
#13094=DIRECTION('',(1.,0.,0.));
#13095=DIRECTION('',(0.,-1.,0.));
#13096=DIRECTION('',(0.,0.,-1.));
#13097=DIRECTION('',(0.,0.,1.));
#13098=DIRECTION('',(1.,0.,0.));
#13099=DIRECTION('',(0.,1.,0.));
#13100=DIRECTION('',(0.,0.,1.));
#13101=DIRECTION('',(-1.7347234759768E-16,-1.,0.));
#13102=DIRECTION('',(1.,-1.7347234759768E-16,0.));
#13103=DIRECTION('',(0.,0.,1.));
#13104=DIRECTION('',(1.,0.,0.));
#13105=DIRECTION('',(0.,0.,-1.));
#13106=DIRECTION('',(-1.,0.,0.));
#13107=DIRECTION('',(0.,-1.,0.));
#13108=DIRECTION('',(1.,0.,0.));
#13109=DIRECTION('',(0.,-1.,0.));
#13110=DIRECTION('',(-1.,0.,0.));
#13111=DIRECTION('',(0.,0.,1.));
#13112=DIRECTION('',(0.,-1.,0.));
#13113=DIRECTION('',(0.,0.,-1.));
#13114=DIRECTION('',(0.,0.,-1.));
#13115=DIRECTION('',(-1.,0.,0.));
#13116=DIRECTION('',(0.,-1.,0.));
#13117=DIRECTION('',(1.,0.,0.));
#13118=DIRECTION('',(-1.,0.,0.));
#13119=DIRECTION('',(0.,0.,1.));
#13120=DIRECTION('',(0.,0.,-1.));
#13121=DIRECTION('',(0.,-1.,0.));
#13122=DIRECTION('',(1.,0.,0.));
#13123=DIRECTION('',(0.,0.,-1.));
#13124=DIRECTION('',(1.,0.,0.));
#13125=DIRECTION('',(0.,-1.,0.));
#13126=DIRECTION('',(-1.,0.,0.));
#13127=DIRECTION('',(0.,-1.,0.));
#13128=DIRECTION('',(1.,0.,0.));
#13129=DIRECTION('',(0.,0.,1.));
#13130=DIRECTION('',(0.,0.,-1.));
#13131=DIRECTION('',(0.,-1.,0.));
#13132=DIRECTION('',(0.,0.,-1.));
#13133=DIRECTION('',(1.,0.,0.));
#13134=DIRECTION('',(-1.,0.,0.));
#13135=DIRECTION('',(0.,-1.,0.));
#13136=DIRECTION('',(1.,0.,0.));
#13137=DIRECTION('',(0.,0.,1.));
#13138=DIRECTION('',(0.,0.,-1.));
#13139=DIRECTION('',(0.,-1.,0.));
#13140=DIRECTION('',(-1.,0.,0.));
#13141=DIRECTION('',(0.,0.,-1.));
#13142=DIRECTION('',(1.,0.,0.));
#13143=DIRECTION('',(0.,1.,0.));
#13144=DIRECTION('',(-1.,0.,0.));
#13145=DIRECTION('',(0.,1.,0.));
#13146=DIRECTION('',(1.,0.,0.));
#13147=DIRECTION('',(0.,0.,1.));
#13148=DIRECTION('',(0.,1.,0.));
#13149=DIRECTION('',(0.,0.,-1.));
#13150=DIRECTION('',(0.,0.,-1.));
#13151=DIRECTION('',(1.,0.,0.));
#13152=DIRECTION('',(0.,1.,0.));
#13153=DIRECTION('',(-1.,0.,0.));
#13154=DIRECTION('',(1.,0.,0.));
#13155=DIRECTION('',(0.,0.,1.));
#13156=DIRECTION('',(0.,0.,-1.));
#13157=DIRECTION('',(0.,1.,0.));
#13158=DIRECTION('',(-1.,0.,0.));
#13159=DIRECTION('',(0.,0.,-1.));
#13160=DIRECTION('',(-1.,0.,0.));
#13161=DIRECTION('',(0.,1.,0.));
#13162=DIRECTION('',(1.,0.,0.));
#13163=DIRECTION('',(0.,1.,0.));
#13164=DIRECTION('',(-1.,0.,0.));
#13165=DIRECTION('',(0.,0.,1.));
#13166=DIRECTION('',(0.,0.,-1.));
#13167=DIRECTION('',(0.,1.,0.));
#13168=DIRECTION('',(0.,0.,-1.));
#13169=DIRECTION('',(-1.,0.,0.));
#13170=DIRECTION('',(1.,0.,0.));
#13171=DIRECTION('',(0.,1.,0.));
#13172=DIRECTION('',(-1.,0.,0.));
#13173=DIRECTION('',(0.,0.,1.));
#13174=DIRECTION('',(0.,0.,-1.));
#13175=DIRECTION('',(0.,1.,0.));
#13176=DIRECTION('',(1.,0.,0.));
#13177=DIRECTION('',(0.,0.,1.));
#13178=DIRECTION('',(1.,0.,0.));
#13179=DIRECTION('',(1.,0.,0.));
#13180=DIRECTION('',(0.,1.,0.));
#13181=DIRECTION('',(1.,0.,0.));
#13182=DIRECTION('',(0.866025403784438,0.,-0.5));
#13183=DIRECTION('',(-0.5,0.,-0.866025403784438));
#13184=DIRECTION('',(-0.5,0.,-0.866025403784438));
#13185=DIRECTION('',(0.,-1.,0.));
#13186=DIRECTION('',(-0.5,0.,-0.866025403784438));
#13187=DIRECTION('',(0.,-1.,0.));
#13188=DIRECTION('',(1.,0.,0.));
#13189=DIRECTION('',(0.,0.,-1.));
#13190=DIRECTION('',(0.,-1.,0.));
#13191=DIRECTION('',(1.,0.,0.));
#13192=DIRECTION('',(0.,0.,1.));
#13193=DIRECTION('',(-1.,0.,0.));
#13194=DIRECTION('',(0.,1.,0.));
#13195=DIRECTION('',(0.,0.,1.));
#13196=DIRECTION('',(-1.,0.,0.));
#13197=DIRECTION('',(-1.,0.,0.));
#13198=DIRECTION('',(-1.,0.,0.));
#13199=DIRECTION('',(0.,1.,0.));
#13200=DIRECTION('',(-0.866025403784438,0.,-0.5));
#13201=DIRECTION('',(0.5,0.,-0.866025403784438));
#13202=DIRECTION('',(0.5,0.,-0.866025403784438));
#13203=DIRECTION('',(0.5,0.,-0.866025403784438));
#13204=DIRECTION('',(0.,-1.,0.));
#13205=DIRECTION('',(0.,-1.,0.));
#13206=DIRECTION('',(-1.,0.,0.));
#13207=DIRECTION('',(0.,0.,-1.));
#13208=DIRECTION('',(0.,-1.,0.));
#13209=DIRECTION('',(-1.,0.,0.));
#13210=DIRECTION('',(0.,0.,1.));
#13211=DIRECTION('',(1.,0.,0.));
#13212=DIRECTION('',(0.,1.,0.));
#13213=DIRECTION('',(0.,0.,1.));
#13214=DIRECTION('',(1.,0.,0.));
#13215=CARTESIAN_POINT('',(0.,0.,0.));
#13216=CARTESIAN_POINT('',(85.0771035465795,-0.0405065390901571,0.));
#13217=CARTESIAN_POINT('',(66.5771035465795,-57.9594934609099,0.));
#13218=CARTESIAN_POINT('',(64.0771035465795,-57.9594934609099,0.));
#13219=CARTESIAN_POINT('',(69.0771035465795,-57.9594934609099,0.));
#13220=CARTESIAN_POINT('',(64.0771035465795,-57.4594934609099,0.));
#13221=CARTESIAN_POINT('',(64.0771035465795,-55.8047929225306,1.95156391047391E-15));
#13222=CARTESIAN_POINT('',(64.0751035465795,-55.8047929225306,1.95156391047391E-15));
#13223=CARTESIAN_POINT('',(69.0771035465795,-55.8047929225306,0.));
#13224=CARTESIAN_POINT('',(69.0771035465795,-57.4594934609099,0.));
#13225=CARTESIAN_POINT('',(103.577103546579,-57.9594934609099,0.));
#13226=CARTESIAN_POINT('',(106.077103546579,-57.9594934609099,0.));
#13227=CARTESIAN_POINT('',(101.077103546579,-57.9594934609099,0.));
#13228=CARTESIAN_POINT('',(101.077103546579,-57.4594934609099,0.));
#13229=CARTESIAN_POINT('',(101.077103546579,-55.8047929225306,1.95156391047391E-15));
#13230=CARTESIAN_POINT('',(106.079103546579,-55.8047929225306,1.95156391047391E-15));
#13231=CARTESIAN_POINT('',(106.077103546579,-55.8047929225306,0.));
#13232=CARTESIAN_POINT('',(106.077103546579,-57.4594934609099,0.));
#13233=CARTESIAN_POINT('',(108.096762329582,-39.0733763505809,0.));
#13234=CARTESIAN_POINT('',(107.346762329582,-40.3724144562577,0.));
#13235=CARTESIAN_POINT('',(108.846762329582,-37.7743382449043,0.));
#13236=CARTESIAN_POINT('',(105.846762329581,-40.3724144562577,0.));
#13237=CARTESIAN_POINT('',(104.346762329581,-40.3724144562577,0.));
#13238=CARTESIAN_POINT('',(103.596762329581,-39.0733763505809,0.));
#13239=CARTESIAN_POINT('',(102.846762329581,-37.7743382449043,0.));
#13240=CARTESIAN_POINT('',(103.596762329581,-36.4753001392276,0.));
#13241=CARTESIAN_POINT('',(104.346762329581,-35.1762620335509,0.));
#13242=CARTESIAN_POINT('',(105.846762329582,-35.1762620335509,0.));
#13243=CARTESIAN_POINT('',(107.346762329582,-35.1762620335509,0.));
#13244=CARTESIAN_POINT('',(108.096762329582,-36.4753001392276,0.));
#13245=CARTESIAN_POINT('',(103.096762329582,-47.7336303884253,0.));
#13246=CARTESIAN_POINT('',(102.346762329582,-49.032668494102,0.));
#13247=CARTESIAN_POINT('',(103.846762329582,-46.4345922827487,0.));
#13248=CARTESIAN_POINT('',(100.846762329581,-49.032668494102,0.));
#13249=CARTESIAN_POINT('',(99.3467623295815,-49.032668494102,0.));
#13250=CARTESIAN_POINT('',(98.5967623295815,-47.7336303884253,0.));
#13251=CARTESIAN_POINT('',(97.8467623295815,-46.4345922827487,0.));
#13252=CARTESIAN_POINT('',(98.5967623295815,-45.135554177072,0.));
#13253=CARTESIAN_POINT('',(99.3467623295815,-43.8365160713953,0.));
#13254=CARTESIAN_POINT('',(100.846762329582,-43.8365160713953,0.));
#13255=CARTESIAN_POINT('',(102.346762329582,-43.8365160713953,0.));
#13256=CARTESIAN_POINT('',(103.096762329582,-45.135554177072,0.));
#13257=CARTESIAN_POINT('',(108.096762329582,-21.7528682748922,0.));
#13258=CARTESIAN_POINT('',(107.346762329582,-23.0519063805689,0.));
#13259=CARTESIAN_POINT('',(108.846762329582,-20.4538301692155,0.));
#13260=CARTESIAN_POINT('',(105.846762329581,-23.0519063805689,0.));
#13261=CARTESIAN_POINT('',(104.346762329581,-23.0519063805689,0.));
#13262=CARTESIAN_POINT('',(103.596762329581,-21.7528682748922,0.));
#13263=CARTESIAN_POINT('',(102.846762329581,-20.4538301692155,0.));
#13264=CARTESIAN_POINT('',(103.596762329581,-19.1547920635389,0.));
#13265=CARTESIAN_POINT('',(104.346762329581,-17.8557539578622,0.));
#13266=CARTESIAN_POINT('',(105.846762329582,-17.8557539578622,0.));
#13267=CARTESIAN_POINT('',(107.346762329582,-17.8557539578622,0.));
#13268=CARTESIAN_POINT('',(108.096762329582,-19.1547920635388,0.));
#13269=CARTESIAN_POINT('',(103.096762329582,-30.4131223127366,0.));
#13270=CARTESIAN_POINT('',(102.346762329582,-31.7121604184133,0.));
#13271=CARTESIAN_POINT('',(103.846762329582,-29.1140842070599,0.));
#13272=CARTESIAN_POINT('',(100.846762329581,-31.7121604184133,0.));
#13273=CARTESIAN_POINT('',(99.3467623295815,-31.7121604184133,0.));
#13274=CARTESIAN_POINT('',(98.5967623295815,-30.4131223127366,0.));
#13275=CARTESIAN_POINT('',(97.8467623295815,-29.1140842070599,0.));
#13276=CARTESIAN_POINT('',(98.5967623295815,-27.8150461013833,0.));
#13277=CARTESIAN_POINT('',(99.3467623295815,-26.5160079957066,0.));
#13278=CARTESIAN_POINT('',(100.846762329582,-26.5160079957066,0.));
#13279=CARTESIAN_POINT('',(102.346762329582,-26.5160079957066,0.));
#13280=CARTESIAN_POINT('',(103.096762329582,-27.8150461013833,0.));
#13281=CARTESIAN_POINT('',(98.0967623295816,-39.0733763505809,0.));
#13282=CARTESIAN_POINT('',(97.3467623295816,-40.3724144562577,0.));
#13283=CARTESIAN_POINT('',(98.8467623295816,-37.7743382449043,0.));
#13284=CARTESIAN_POINT('',(95.8467623295815,-40.3724144562577,0.));
#13285=CARTESIAN_POINT('',(94.3467623295815,-40.3724144562577,0.));
#13286=CARTESIAN_POINT('',(93.5967623295815,-39.0733763505809,0.));
#13287=CARTESIAN_POINT('',(92.8467623295815,-37.7743382449043,0.));
#13288=CARTESIAN_POINT('',(93.5967623295815,-36.4753001392276,0.));
#13289=CARTESIAN_POINT('',(94.3467623295815,-35.1762620335509,0.));
#13290=CARTESIAN_POINT('',(95.8467623295816,-35.1762620335509,0.));
#13291=CARTESIAN_POINT('',(97.3467623295816,-35.1762620335509,0.));
#13292=CARTESIAN_POINT('',(98.0967623295816,-36.4753001392276,0.));
#13293=CARTESIAN_POINT('',(93.0967623295816,-47.7336303884253,0.));
#13294=CARTESIAN_POINT('',(92.3467623295816,-49.032668494102,0.));
#13295=CARTESIAN_POINT('',(93.8467623295816,-46.4345922827487,0.));
#13296=CARTESIAN_POINT('',(90.8467623295815,-49.032668494102,0.));
#13297=CARTESIAN_POINT('',(89.3467623295815,-49.032668494102,0.));
#13298=CARTESIAN_POINT('',(88.5967623295815,-47.7336303884253,0.));
#13299=CARTESIAN_POINT('',(87.8467623295815,-46.4345922827487,0.));
#13300=CARTESIAN_POINT('',(88.5967623295815,-45.135554177072,0.));
#13301=CARTESIAN_POINT('',(89.3467623295815,-43.8365160713953,0.));
#13302=CARTESIAN_POINT('',(90.8467623295816,-43.8365160713953,0.));
#13303=CARTESIAN_POINT('',(92.3467623295816,-43.8365160713953,0.));
#13304=CARTESIAN_POINT('',(93.0967623295816,-45.135554177072,0.));
#13305=CARTESIAN_POINT('',(108.096762329582,-4.43236019920341,0.));
#13306=CARTESIAN_POINT('',(107.346762329582,-5.73139830488009,0.));
#13307=CARTESIAN_POINT('',(108.846762329582,-3.13332209352675,0.));
#13308=CARTESIAN_POINT('',(105.846762329581,-5.73139830488009,0.));
#13309=CARTESIAN_POINT('',(104.346762329581,-5.73139830488009,0.));
#13310=CARTESIAN_POINT('',(103.596762329581,-4.43236019920343,0.));
#13311=CARTESIAN_POINT('',(102.846762329581,-3.13332209352676,0.));
#13312=CARTESIAN_POINT('',(103.596762329581,-1.8342839878501,0.));
#13313=CARTESIAN_POINT('',(104.346762329581,-0.535245882173428,0.));
#13314=CARTESIAN_POINT('',(105.846762329582,-0.535245882173414,0.));
#13315=CARTESIAN_POINT('',(107.346762329582,-0.535245882173414,0.));
#13316=CARTESIAN_POINT('',(108.096762329582,-1.83428398785008,0.));
#13317=CARTESIAN_POINT('',(103.096762329582,-13.0926142370478,0.));
#13318=CARTESIAN_POINT('',(102.346762329582,-14.3916523427245,0.));
#13319=CARTESIAN_POINT('',(103.846762329582,-11.7935761313711,0.));
#13320=CARTESIAN_POINT('',(100.846762329581,-14.3916523427245,0.));
#13321=CARTESIAN_POINT('',(99.3467623295815,-14.3916523427245,0.));
#13322=CARTESIAN_POINT('',(98.5967623295815,-13.0926142370478,0.));
#13323=CARTESIAN_POINT('',(97.8467623295815,-11.7935761313712,0.));
#13324=CARTESIAN_POINT('',(98.5967623295815,-10.4945380256945,0.));
#13325=CARTESIAN_POINT('',(99.3467623295815,-9.19549992001782,0.));
#13326=CARTESIAN_POINT('',(100.846762329582,-9.19549992001781,0.));
#13327=CARTESIAN_POINT('',(102.346762329582,-9.19549992001781,0.));
#13328=CARTESIAN_POINT('',(103.096762329582,-10.4945380256945,0.));
#13329=CARTESIAN_POINT('',(98.0967623295816,-21.7528682748922,0.));
#13330=CARTESIAN_POINT('',(97.3467623295816,-23.0519063805689,0.));
#13331=CARTESIAN_POINT('',(98.8467623295816,-20.4538301692155,0.));
#13332=CARTESIAN_POINT('',(95.8467623295815,-23.0519063805689,0.));
#13333=CARTESIAN_POINT('',(94.3467623295815,-23.0519063805689,0.));
#13334=CARTESIAN_POINT('',(93.5967623295815,-21.7528682748922,0.));
#13335=CARTESIAN_POINT('',(92.8467623295815,-20.4538301692155,0.));
#13336=CARTESIAN_POINT('',(93.5967623295815,-19.1547920635389,0.));
#13337=CARTESIAN_POINT('',(94.3467623295815,-17.8557539578622,0.));
#13338=CARTESIAN_POINT('',(95.8467623295816,-17.8557539578622,0.));
#13339=CARTESIAN_POINT('',(97.3467623295816,-17.8557539578622,0.));
#13340=CARTESIAN_POINT('',(98.0967623295816,-19.1547920635388,0.));
#13341=CARTESIAN_POINT('',(93.0967623295816,-30.4131223127366,0.));
#13342=CARTESIAN_POINT('',(92.3467623295816,-31.7121604184133,0.));
#13343=CARTESIAN_POINT('',(93.8467623295816,-29.1140842070599,0.));
#13344=CARTESIAN_POINT('',(90.8467623295815,-31.7121604184133,0.));
#13345=CARTESIAN_POINT('',(89.3467623295815,-31.7121604184133,0.));
#13346=CARTESIAN_POINT('',(88.5967623295815,-30.4131223127366,0.));
#13347=CARTESIAN_POINT('',(87.8467623295815,-29.1140842070599,0.));
#13348=CARTESIAN_POINT('',(88.5967623295815,-27.8150461013833,0.));
#13349=CARTESIAN_POINT('',(89.3467623295815,-26.5160079957066,0.));
#13350=CARTESIAN_POINT('',(90.8467623295816,-26.5160079957066,0.));
#13351=CARTESIAN_POINT('',(92.3467623295816,-26.5160079957066,0.));
#13352=CARTESIAN_POINT('',(93.0967623295816,-27.8150461013833,0.));
#13353=CARTESIAN_POINT('',(88.0967623295816,-39.0733763505809,0.));
#13354=CARTESIAN_POINT('',(87.3467623295816,-40.3724144562577,0.));
#13355=CARTESIAN_POINT('',(88.8467623295816,-37.7743382449043,0.));
#13356=CARTESIAN_POINT('',(85.8467623295815,-40.3724144562577,0.));
#13357=CARTESIAN_POINT('',(84.3467623295815,-40.3724144562577,0.));
#13358=CARTESIAN_POINT('',(83.5967623295815,-39.0733763505809,0.));
#13359=CARTESIAN_POINT('',(82.8467623295815,-37.7743382449043,0.));
#13360=CARTESIAN_POINT('',(83.5967623295815,-36.4753001392276,0.));
#13361=CARTESIAN_POINT('',(84.3467623295815,-35.1762620335509,0.));
#13362=CARTESIAN_POINT('',(85.8467623295816,-35.1762620335509,0.));
#13363=CARTESIAN_POINT('',(87.3467623295816,-35.1762620335509,0.));
#13364=CARTESIAN_POINT('',(88.0967623295816,-36.4753001392276,0.));
#13365=CARTESIAN_POINT('',(83.0967623295816,-47.7336303884253,0.));
#13366=CARTESIAN_POINT('',(82.3467623295816,-49.032668494102,0.));
#13367=CARTESIAN_POINT('',(83.8467623295816,-46.4345922827487,0.));
#13368=CARTESIAN_POINT('',(80.8467623295815,-49.032668494102,0.));
#13369=CARTESIAN_POINT('',(79.3467623295815,-49.032668494102,0.));
#13370=CARTESIAN_POINT('',(78.5967623295815,-47.7336303884253,0.));
#13371=CARTESIAN_POINT('',(77.8467623295815,-46.4345922827487,0.));
#13372=CARTESIAN_POINT('',(78.5967623295815,-45.135554177072,0.));
#13373=CARTESIAN_POINT('',(79.3467623295815,-43.8365160713953,0.));
#13374=CARTESIAN_POINT('',(80.8467623295816,-43.8365160713953,0.));
#13375=CARTESIAN_POINT('',(82.3467623295816,-43.8365160713953,0.));
#13376=CARTESIAN_POINT('',(83.0967623295816,-45.135554177072,0.));
#13377=CARTESIAN_POINT('',(108.096762329582,12.8881478764853,0.));
#13378=CARTESIAN_POINT('',(107.346762329582,11.5891097708087,0.));
#13379=CARTESIAN_POINT('',(108.846762329582,14.187185982162,0.));
#13380=CARTESIAN_POINT('',(105.846762329581,11.5891097708087,0.));
#13381=CARTESIAN_POINT('',(104.346762329581,11.5891097708087,0.));
#13382=CARTESIAN_POINT('',(103.596762329581,12.8881478764853,0.));
#13383=CARTESIAN_POINT('',(102.846762329581,14.187185982162,0.));
#13384=CARTESIAN_POINT('',(103.596762329581,15.4862240878387,0.));
#13385=CARTESIAN_POINT('',(104.346762329581,16.7852621935154,0.));
#13386=CARTESIAN_POINT('',(105.846762329582,16.7852621935154,0.));
#13387=CARTESIAN_POINT('',(107.346762329582,16.7852621935154,0.));
#13388=CARTESIAN_POINT('',(108.096762329582,15.4862240878387,0.));
#13389=CARTESIAN_POINT('',(103.096762329582,4.22789383864096,0.));
#13390=CARTESIAN_POINT('',(102.346762329582,2.9288557329643,0.));
#13391=CARTESIAN_POINT('',(103.846762329582,5.52693194431764,0.));
#13392=CARTESIAN_POINT('',(100.846762329581,2.9288557329643,0.));
#13393=CARTESIAN_POINT('',(99.3467623295815,2.9288557329643,0.));
#13394=CARTESIAN_POINT('',(98.5967623295815,4.22789383864095,0.));
#13395=CARTESIAN_POINT('',(97.8467623295815,5.52693194431762,0.));
#13396=CARTESIAN_POINT('',(98.5967623295815,6.82597004999428,0.));
#13397=CARTESIAN_POINT('',(99.3467623295815,8.12500815567095,0.));
#13398=CARTESIAN_POINT('',(100.846762329582,8.12500815567097,0.));
#13399=CARTESIAN_POINT('',(102.346762329582,8.12500815567097,0.));
#13400=CARTESIAN_POINT('',(103.096762329582,6.8259700499943,0.));
#13401=CARTESIAN_POINT('',(98.0967623295816,-4.43236019920341,0.));
#13402=CARTESIAN_POINT('',(97.3467623295816,-5.73139830488009,0.));
#13403=CARTESIAN_POINT('',(98.8467623295816,-3.13332209352675,0.));
#13404=CARTESIAN_POINT('',(95.8467623295815,-5.73139830488009,0.));
#13405=CARTESIAN_POINT('',(94.3467623295815,-5.73139830488009,0.));
#13406=CARTESIAN_POINT('',(93.5967623295815,-4.43236019920343,0.));
#13407=CARTESIAN_POINT('',(92.8467623295815,-3.13332209352676,0.));
#13408=CARTESIAN_POINT('',(93.5967623295815,-1.8342839878501,0.));
#13409=CARTESIAN_POINT('',(94.3467623295815,-0.535245882173428,0.));
#13410=CARTESIAN_POINT('',(95.8467623295816,-0.535245882173414,0.));
#13411=CARTESIAN_POINT('',(97.3467623295816,-0.535245882173414,0.));
#13412=CARTESIAN_POINT('',(98.0967623295816,-1.83428398785008,0.));
#13413=CARTESIAN_POINT('',(93.0967623295816,-13.0926142370478,0.));
#13414=CARTESIAN_POINT('',(92.3467623295816,-14.3916523427245,0.));
#13415=CARTESIAN_POINT('',(93.8467623295816,-11.7935761313711,0.));
#13416=CARTESIAN_POINT('',(90.8467623295815,-14.3916523427245,0.));
#13417=CARTESIAN_POINT('',(89.3467623295815,-14.3916523427245,0.));
#13418=CARTESIAN_POINT('',(88.5967623295815,-13.0926142370478,0.));
#13419=CARTESIAN_POINT('',(87.8467623295815,-11.7935761313712,0.));
#13420=CARTESIAN_POINT('',(88.5967623295815,-10.4945380256945,0.));
#13421=CARTESIAN_POINT('',(89.3467623295815,-9.19549992001782,0.));
#13422=CARTESIAN_POINT('',(90.8467623295816,-9.19549992001781,0.));
#13423=CARTESIAN_POINT('',(92.3467623295816,-9.19549992001781,0.));
#13424=CARTESIAN_POINT('',(93.0967623295816,-10.4945380256945,0.));
#13425=CARTESIAN_POINT('',(88.0967623295816,-21.7528682748922,0.));
#13426=CARTESIAN_POINT('',(87.3467623295816,-23.0519063805689,0.));
#13427=CARTESIAN_POINT('',(88.8467623295816,-20.4538301692155,0.));
#13428=CARTESIAN_POINT('',(85.8467623295815,-23.0519063805689,0.));
#13429=CARTESIAN_POINT('',(84.3467623295815,-23.0519063805689,0.));
#13430=CARTESIAN_POINT('',(83.5967623295815,-21.7528682748922,0.));
#13431=CARTESIAN_POINT('',(82.8467623295815,-20.4538301692155,0.));
#13432=CARTESIAN_POINT('',(83.5967623295815,-19.1547920635389,0.));
#13433=CARTESIAN_POINT('',(84.3467623295815,-17.8557539578622,0.));
#13434=CARTESIAN_POINT('',(85.8467623295816,-17.8557539578622,0.));
#13435=CARTESIAN_POINT('',(87.3467623295816,-17.8557539578622,0.));
#13436=CARTESIAN_POINT('',(88.0967623295816,-19.1547920635388,0.));
#13437=CARTESIAN_POINT('',(83.0967623295816,-30.4131223127366,0.));
#13438=CARTESIAN_POINT('',(82.3467623295816,-31.7121604184133,0.));
#13439=CARTESIAN_POINT('',(83.8467623295816,-29.1140842070599,0.));
#13440=CARTESIAN_POINT('',(80.8467623295815,-31.7121604184133,0.));
#13441=CARTESIAN_POINT('',(79.3467623295815,-31.7121604184133,0.));
#13442=CARTESIAN_POINT('',(78.5967623295815,-30.4131223127366,0.));
#13443=CARTESIAN_POINT('',(77.8467623295815,-29.1140842070599,0.));
#13444=CARTESIAN_POINT('',(78.5967623295815,-27.8150461013833,0.));
#13445=CARTESIAN_POINT('',(79.3467623295815,-26.5160079957066,0.));
#13446=CARTESIAN_POINT('',(80.8467623295816,-26.5160079957066,0.));
#13447=CARTESIAN_POINT('',(82.3467623295816,-26.5160079957066,0.));
#13448=CARTESIAN_POINT('',(83.0967623295816,-27.8150461013833,0.));
#13449=CARTESIAN_POINT('',(78.0967623295816,-39.0733763505809,0.));
#13450=CARTESIAN_POINT('',(77.3467623295816,-40.3724144562577,0.));
#13451=CARTESIAN_POINT('',(78.8467623295816,-37.7743382449043,0.));
#13452=CARTESIAN_POINT('',(75.8467623295815,-40.3724144562577,0.));
#13453=CARTESIAN_POINT('',(74.3467623295815,-40.3724144562577,0.));
#13454=CARTESIAN_POINT('',(73.5967623295815,-39.0733763505809,0.));
#13455=CARTESIAN_POINT('',(72.8467623295815,-37.7743382449043,0.));
#13456=CARTESIAN_POINT('',(73.5967623295815,-36.4753001392276,0.));
#13457=CARTESIAN_POINT('',(74.3467623295815,-35.1762620335509,0.));
#13458=CARTESIAN_POINT('',(75.8467623295816,-35.1762620335509,0.));
#13459=CARTESIAN_POINT('',(77.3467623295816,-35.1762620335509,0.));
#13460=CARTESIAN_POINT('',(78.0967623295816,-36.4753001392276,0.));
#13461=CARTESIAN_POINT('',(73.0967623295816,-47.7336303884253,0.));
#13462=CARTESIAN_POINT('',(72.3467623295816,-49.032668494102,0.));
#13463=CARTESIAN_POINT('',(73.8467623295816,-46.4345922827487,0.));
#13464=CARTESIAN_POINT('',(70.8467623295815,-49.032668494102,0.));
#13465=CARTESIAN_POINT('',(69.3467623295815,-49.032668494102,0.));
#13466=CARTESIAN_POINT('',(68.5967623295815,-47.7336303884253,0.));
#13467=CARTESIAN_POINT('',(67.8467623295815,-46.4345922827487,0.));
#13468=CARTESIAN_POINT('',(68.5967623295815,-45.135554177072,0.));
#13469=CARTESIAN_POINT('',(69.3467623295815,-43.8365160713953,0.));
#13470=CARTESIAN_POINT('',(70.8467623295816,-43.8365160713953,0.));
#13471=CARTESIAN_POINT('',(72.3467623295816,-43.8365160713953,0.));
#13472=CARTESIAN_POINT('',(73.0967623295816,-45.135554177072,0.));
#13473=CARTESIAN_POINT('',(108.096762329582,30.2086559521741,0.));
#13474=CARTESIAN_POINT('',(107.346762329582,28.9096178464975,0.));
#13475=CARTESIAN_POINT('',(108.846762329582,31.5076940578508,0.));
#13476=CARTESIAN_POINT('',(105.846762329581,28.9096178464975,0.));
#13477=CARTESIAN_POINT('',(104.346762329581,28.9096178464975,0.));
#13478=CARTESIAN_POINT('',(103.596762329581,30.2086559521741,0.));
#13479=CARTESIAN_POINT('',(102.846762329581,31.5076940578508,0.));
#13480=CARTESIAN_POINT('',(103.596762329581,32.8067321635274,0.));
#13481=CARTESIAN_POINT('',(104.346762329581,34.1057702692041,0.));
#13482=CARTESIAN_POINT('',(105.846762329582,34.1057702692042,0.));
#13483=CARTESIAN_POINT('',(107.346762329582,34.1057702692042,0.));
#13484=CARTESIAN_POINT('',(108.096762329582,32.8067321635274,0.));
#13485=CARTESIAN_POINT('',(103.096762329582,21.5484019143297,0.));
#13486=CARTESIAN_POINT('',(102.346762329582,20.2493638086531,0.));
#13487=CARTESIAN_POINT('',(103.846762329582,22.8474400200064,0.));
#13488=CARTESIAN_POINT('',(100.846762329581,20.2493638086531,0.));
#13489=CARTESIAN_POINT('',(99.3467623295815,20.2493638086531,0.));
#13490=CARTESIAN_POINT('',(98.5967623295815,21.5484019143297,0.));
#13491=CARTESIAN_POINT('',(97.8467623295815,22.8474400200064,0.));
#13492=CARTESIAN_POINT('',(98.5967623295815,24.146478125683,0.));
#13493=CARTESIAN_POINT('',(99.3467623295815,25.4455162313598,0.));
#13494=CARTESIAN_POINT('',(100.846762329582,25.4455162313598,0.));
#13495=CARTESIAN_POINT('',(102.346762329582,25.4455162313598,0.));
#13496=CARTESIAN_POINT('',(103.096762329582,24.1464781256831,0.));
#13497=CARTESIAN_POINT('',(98.0967623295816,12.8881478764853,0.));
#13498=CARTESIAN_POINT('',(97.3467623295816,11.5891097708087,0.));
#13499=CARTESIAN_POINT('',(98.8467623295816,14.187185982162,0.));
#13500=CARTESIAN_POINT('',(95.8467623295815,11.5891097708087,0.));
#13501=CARTESIAN_POINT('',(94.3467623295815,11.5891097708087,0.));
#13502=CARTESIAN_POINT('',(93.5967623295815,12.8881478764853,0.));
#13503=CARTESIAN_POINT('',(92.8467623295815,14.187185982162,0.));
#13504=CARTESIAN_POINT('',(93.5967623295815,15.4862240878387,0.));
#13505=CARTESIAN_POINT('',(94.3467623295815,16.7852621935154,0.));
#13506=CARTESIAN_POINT('',(95.8467623295816,16.7852621935154,0.));
#13507=CARTESIAN_POINT('',(97.3467623295816,16.7852621935154,0.));
#13508=CARTESIAN_POINT('',(98.0967623295816,15.4862240878387,0.));
#13509=CARTESIAN_POINT('',(93.0967623295816,4.22789383864096,0.));
#13510=CARTESIAN_POINT('',(92.3467623295816,2.9288557329643,0.));
#13511=CARTESIAN_POINT('',(93.8467623295816,5.52693194431764,0.));
#13512=CARTESIAN_POINT('',(90.8467623295815,2.9288557329643,0.));
#13513=CARTESIAN_POINT('',(89.3467623295815,2.9288557329643,0.));
#13514=CARTESIAN_POINT('',(88.5967623295815,4.22789383864095,0.));
#13515=CARTESIAN_POINT('',(87.8467623295815,5.52693194431762,0.));
#13516=CARTESIAN_POINT('',(88.5967623295815,6.82597004999428,0.));
#13517=CARTESIAN_POINT('',(89.3467623295815,8.12500815567095,0.));
#13518=CARTESIAN_POINT('',(90.8467623295816,8.12500815567097,0.));
#13519=CARTESIAN_POINT('',(92.3467623295816,8.12500815567097,0.));
#13520=CARTESIAN_POINT('',(93.0967623295816,6.8259700499943,0.));
#13521=CARTESIAN_POINT('',(88.0967623295816,-4.43236019920341,0.));
#13522=CARTESIAN_POINT('',(87.3467623295816,-5.73139830488009,0.));
#13523=CARTESIAN_POINT('',(88.8467623295816,-3.13332209352675,0.));
#13524=CARTESIAN_POINT('',(85.8467623295815,-5.73139830488009,0.));
#13525=CARTESIAN_POINT('',(84.3467623295815,-5.73139830488009,0.));
#13526=CARTESIAN_POINT('',(83.5967623295815,-4.43236019920343,0.));
#13527=CARTESIAN_POINT('',(82.8467623295815,-3.13332209352676,0.));
#13528=CARTESIAN_POINT('',(83.5967623295815,-1.8342839878501,0.));
#13529=CARTESIAN_POINT('',(84.3467623295815,-0.535245882173428,0.));
#13530=CARTESIAN_POINT('',(85.8467623295816,-0.535245882173414,0.));
#13531=CARTESIAN_POINT('',(87.3467623295816,-0.535245882173414,0.));
#13532=CARTESIAN_POINT('',(88.0967623295816,-1.83428398785008,0.));
#13533=CARTESIAN_POINT('',(83.0967623295816,-13.0926142370478,0.));
#13534=CARTESIAN_POINT('',(82.3467623295816,-14.3916523427245,0.));
#13535=CARTESIAN_POINT('',(83.8467623295816,-11.7935761313711,0.));
#13536=CARTESIAN_POINT('',(80.8467623295815,-14.3916523427245,0.));
#13537=CARTESIAN_POINT('',(79.3467623295815,-14.3916523427245,0.));
#13538=CARTESIAN_POINT('',(78.5967623295815,-13.0926142370478,0.));
#13539=CARTESIAN_POINT('',(77.8467623295815,-11.7935761313712,0.));
#13540=CARTESIAN_POINT('',(78.5967623295815,-10.4945380256945,0.));
#13541=CARTESIAN_POINT('',(79.3467623295815,-9.19549992001782,0.));
#13542=CARTESIAN_POINT('',(80.8467623295816,-9.19549992001781,0.));
#13543=CARTESIAN_POINT('',(82.3467623295816,-9.19549992001781,0.));
#13544=CARTESIAN_POINT('',(83.0967623295816,-10.4945380256945,0.));
#13545=CARTESIAN_POINT('',(78.0967623295816,-21.7528682748922,0.));
#13546=CARTESIAN_POINT('',(77.3467623295816,-23.0519063805689,0.));
#13547=CARTESIAN_POINT('',(78.8467623295816,-20.4538301692155,0.));
#13548=CARTESIAN_POINT('',(75.8467623295815,-23.0519063805689,0.));
#13549=CARTESIAN_POINT('',(74.3467623295815,-23.0519063805689,0.));
#13550=CARTESIAN_POINT('',(73.5967623295815,-21.7528682748922,0.));
#13551=CARTESIAN_POINT('',(72.8467623295815,-20.4538301692155,0.));
#13552=CARTESIAN_POINT('',(73.5967623295815,-19.1547920635389,0.));
#13553=CARTESIAN_POINT('',(74.3467623295815,-17.8557539578622,0.));
#13554=CARTESIAN_POINT('',(75.8467623295816,-17.8557539578622,0.));
#13555=CARTESIAN_POINT('',(77.3467623295816,-17.8557539578622,0.));
#13556=CARTESIAN_POINT('',(78.0967623295816,-19.1547920635388,0.));
#13557=CARTESIAN_POINT('',(73.0967623295816,-30.4131223127366,0.));
#13558=CARTESIAN_POINT('',(72.3467623295816,-31.7121604184133,0.));
#13559=CARTESIAN_POINT('',(73.8467623295816,-29.1140842070599,0.));
#13560=CARTESIAN_POINT('',(70.8467623295815,-31.7121604184133,0.));
#13561=CARTESIAN_POINT('',(69.3467623295815,-31.7121604184133,0.));
#13562=CARTESIAN_POINT('',(68.5967623295815,-30.4131223127366,0.));
#13563=CARTESIAN_POINT('',(67.8467623295815,-29.1140842070599,0.));
#13564=CARTESIAN_POINT('',(68.5967623295815,-27.8150461013833,0.));
#13565=CARTESIAN_POINT('',(69.3467623295815,-26.5160079957066,0.));
#13566=CARTESIAN_POINT('',(70.8467623295816,-26.5160079957066,0.));
#13567=CARTESIAN_POINT('',(72.3467623295816,-26.5160079957066,0.));
#13568=CARTESIAN_POINT('',(73.0967623295816,-27.8150461013833,0.));
#13569=CARTESIAN_POINT('',(68.0967623295816,-39.0733763505809,0.));
#13570=CARTESIAN_POINT('',(67.3467623295816,-40.3724144562577,0.));
#13571=CARTESIAN_POINT('',(68.8467623295816,-37.7743382449043,0.));
#13572=CARTESIAN_POINT('',(65.8467623295815,-40.3724144562577,0.));
#13573=CARTESIAN_POINT('',(64.3467623295815,-40.3724144562577,0.));
#13574=CARTESIAN_POINT('',(63.5967623295815,-39.0733763505809,0.));
#13575=CARTESIAN_POINT('',(62.8467623295815,-37.7743382449043,0.));
#13576=CARTESIAN_POINT('',(63.5967623295815,-36.4753001392276,0.));
#13577=CARTESIAN_POINT('',(64.3467623295815,-35.1762620335509,0.));
#13578=CARTESIAN_POINT('',(65.8467623295816,-35.1762620335509,0.));
#13579=CARTESIAN_POINT('',(67.3467623295816,-35.1762620335509,0.));
#13580=CARTESIAN_POINT('',(68.0967623295816,-36.4753001392276,0.));
#13581=CARTESIAN_POINT('',(108.096762329582,47.5291640278629,0.));
#13582=CARTESIAN_POINT('',(107.346762329582,46.2301259221862,0.));
#13583=CARTESIAN_POINT('',(108.846762329582,48.8282021335396,0.));
#13584=CARTESIAN_POINT('',(105.846762329581,46.2301259221862,0.));
#13585=CARTESIAN_POINT('',(104.346762329581,46.2301259221862,0.));
#13586=CARTESIAN_POINT('',(103.596762329581,47.5291640278629,0.));
#13587=CARTESIAN_POINT('',(102.846762329581,48.8282021335396,0.));
#13588=CARTESIAN_POINT('',(103.596762329581,50.1272402392162,0.));
#13589=CARTESIAN_POINT('',(104.346762329581,51.4262783448929,0.));
#13590=CARTESIAN_POINT('',(105.846762329582,51.4262783448929,0.));
#13591=CARTESIAN_POINT('',(107.346762329582,51.4262783448929,0.));
#13592=CARTESIAN_POINT('',(108.096762329582,50.1272402392162,0.));
#13593=CARTESIAN_POINT('',(103.096762329582,38.8689099900185,0.));
#13594=CARTESIAN_POINT('',(102.346762329582,37.5698718843419,0.));
#13595=CARTESIAN_POINT('',(103.846762329582,40.1679480956952,0.));
#13596=CARTESIAN_POINT('',(100.846762329581,37.5698718843419,0.));
#13597=CARTESIAN_POINT('',(99.3467623295815,37.5698718843419,0.));
#13598=CARTESIAN_POINT('',(98.5967623295815,38.8689099900185,0.));
#13599=CARTESIAN_POINT('',(97.8467623295815,40.1679480956952,0.));
#13600=CARTESIAN_POINT('',(98.5967623295815,41.4669862013718,0.));
#13601=CARTESIAN_POINT('',(99.3467623295815,42.7660243070485,0.));
#13602=CARTESIAN_POINT('',(100.846762329582,42.7660243070485,0.));
#13603=CARTESIAN_POINT('',(102.346762329582,42.7660243070485,0.));
#13604=CARTESIAN_POINT('',(103.096762329582,41.4669862013718,0.));
#13605=CARTESIAN_POINT('',(98.0967623295816,30.2086559521741,0.));
#13606=CARTESIAN_POINT('',(97.3467623295816,28.9096178464975,0.));
#13607=CARTESIAN_POINT('',(98.8467623295816,31.5076940578508,0.));
#13608=CARTESIAN_POINT('',(95.8467623295815,28.9096178464975,0.));
#13609=CARTESIAN_POINT('',(94.3467623295815,28.9096178464975,0.));
#13610=CARTESIAN_POINT('',(93.5967623295815,30.2086559521741,0.));
#13611=CARTESIAN_POINT('',(92.8467623295815,31.5076940578508,0.));
#13612=CARTESIAN_POINT('',(93.5967623295815,32.8067321635274,0.));
#13613=CARTESIAN_POINT('',(94.3467623295815,34.1057702692041,0.));
#13614=CARTESIAN_POINT('',(95.8467623295816,34.1057702692042,0.));
#13615=CARTESIAN_POINT('',(97.3467623295816,34.1057702692042,0.));
#13616=CARTESIAN_POINT('',(98.0967623295816,32.8067321635274,0.));
#13617=CARTESIAN_POINT('',(93.0967623295816,21.5484019143297,0.));
#13618=CARTESIAN_POINT('',(92.3467623295816,20.2493638086531,0.));
#13619=CARTESIAN_POINT('',(93.8467623295816,22.8474400200064,0.));
#13620=CARTESIAN_POINT('',(90.8467623295815,20.2493638086531,0.));
#13621=CARTESIAN_POINT('',(89.3467623295815,20.2493638086531,0.));
#13622=CARTESIAN_POINT('',(88.5967623295815,21.5484019143297,0.));
#13623=CARTESIAN_POINT('',(87.8467623295815,22.8474400200064,0.));
#13624=CARTESIAN_POINT('',(88.5967623295815,24.146478125683,0.));
#13625=CARTESIAN_POINT('',(89.3467623295815,25.4455162313598,0.));
#13626=CARTESIAN_POINT('',(90.8467623295816,25.4455162313598,0.));
#13627=CARTESIAN_POINT('',(92.3467623295816,25.4455162313598,0.));
#13628=CARTESIAN_POINT('',(93.0967623295816,24.1464781256831,0.));
#13629=CARTESIAN_POINT('',(88.0967623295816,12.8881478764853,0.));
#13630=CARTESIAN_POINT('',(87.3467623295816,11.5891097708087,0.));
#13631=CARTESIAN_POINT('',(88.8467623295816,14.187185982162,0.));
#13632=CARTESIAN_POINT('',(85.8467623295815,11.5891097708087,0.));
#13633=CARTESIAN_POINT('',(84.3467623295815,11.5891097708087,0.));
#13634=CARTESIAN_POINT('',(83.5967623295815,12.8881478764853,0.));
#13635=CARTESIAN_POINT('',(82.8467623295815,14.187185982162,0.));
#13636=CARTESIAN_POINT('',(83.5967623295815,15.4862240878387,0.));
#13637=CARTESIAN_POINT('',(84.3467623295815,16.7852621935154,0.));
#13638=CARTESIAN_POINT('',(85.8467623295816,16.7852621935154,0.));
#13639=CARTESIAN_POINT('',(87.3467623295816,16.7852621935154,0.));
#13640=CARTESIAN_POINT('',(88.0967623295816,15.4862240878387,0.));
#13641=CARTESIAN_POINT('',(83.0967623295816,4.22789383864096,0.));
#13642=CARTESIAN_POINT('',(82.3467623295816,2.9288557329643,0.));
#13643=CARTESIAN_POINT('',(83.8467623295816,5.52693194431764,0.));
#13644=CARTESIAN_POINT('',(80.8467623295815,2.9288557329643,0.));
#13645=CARTESIAN_POINT('',(79.3467623295815,2.9288557329643,0.));
#13646=CARTESIAN_POINT('',(78.5967623295815,4.22789383864095,0.));
#13647=CARTESIAN_POINT('',(77.8467623295815,5.52693194431762,0.));
#13648=CARTESIAN_POINT('',(78.5967623295815,6.82597004999428,0.));
#13649=CARTESIAN_POINT('',(79.3467623295815,8.12500815567095,0.));
#13650=CARTESIAN_POINT('',(80.8467623295816,8.12500815567097,0.));
#13651=CARTESIAN_POINT('',(82.3467623295816,8.12500815567097,0.));
#13652=CARTESIAN_POINT('',(83.0967623295816,6.8259700499943,0.));
#13653=CARTESIAN_POINT('',(78.0967623295816,-4.43236019920341,0.));
#13654=CARTESIAN_POINT('',(77.3467623295816,-5.73139830488009,0.));
#13655=CARTESIAN_POINT('',(78.8467623295816,-3.13332209352675,0.));
#13656=CARTESIAN_POINT('',(75.8467623295815,-5.73139830488009,0.));
#13657=CARTESIAN_POINT('',(74.3467623295815,-5.73139830488009,0.));
#13658=CARTESIAN_POINT('',(73.5967623295815,-4.43236019920343,0.));
#13659=CARTESIAN_POINT('',(72.8467623295815,-3.13332209352676,0.));
#13660=CARTESIAN_POINT('',(73.5967623295815,-1.8342839878501,0.));
#13661=CARTESIAN_POINT('',(74.3467623295815,-0.535245882173428,0.));
#13662=CARTESIAN_POINT('',(75.8467623295816,-0.535245882173414,0.));
#13663=CARTESIAN_POINT('',(77.3467623295816,-0.535245882173414,0.));
#13664=CARTESIAN_POINT('',(78.0967623295816,-1.83428398785008,0.));
#13665=CARTESIAN_POINT('',(73.0967623295816,-13.0926142370478,0.));
#13666=CARTESIAN_POINT('',(72.3467623295816,-14.3916523427245,0.));
#13667=CARTESIAN_POINT('',(73.8467623295816,-11.7935761313711,0.));
#13668=CARTESIAN_POINT('',(70.8467623295815,-14.3916523427245,0.));
#13669=CARTESIAN_POINT('',(69.3467623295815,-14.3916523427245,0.));
#13670=CARTESIAN_POINT('',(68.5967623295815,-13.0926142370478,0.));
#13671=CARTESIAN_POINT('',(67.8467623295815,-11.7935761313712,0.));
#13672=CARTESIAN_POINT('',(68.5967623295815,-10.4945380256945,0.));
#13673=CARTESIAN_POINT('',(69.3467623295815,-9.19549992001782,0.));
#13674=CARTESIAN_POINT('',(70.8467623295816,-9.19549992001781,0.));
#13675=CARTESIAN_POINT('',(72.3467623295816,-9.19549992001781,0.));
#13676=CARTESIAN_POINT('',(73.0967623295816,-10.4945380256945,0.));
#13677=CARTESIAN_POINT('',(68.0967623295816,-21.7528682748922,0.));
#13678=CARTESIAN_POINT('',(67.3467623295816,-23.0519063805689,0.));
#13679=CARTESIAN_POINT('',(68.8467623295816,-20.4538301692155,0.));
#13680=CARTESIAN_POINT('',(65.8467623295815,-23.0519063805689,0.));
#13681=CARTESIAN_POINT('',(64.3467623295815,-23.0519063805689,0.));
#13682=CARTESIAN_POINT('',(63.5967623295815,-21.7528682748922,0.));
#13683=CARTESIAN_POINT('',(62.8467623295815,-20.4538301692155,0.));
#13684=CARTESIAN_POINT('',(63.5967623295815,-19.1547920635389,0.));
#13685=CARTESIAN_POINT('',(64.3467623295815,-17.8557539578622,0.));
#13686=CARTESIAN_POINT('',(65.8467623295816,-17.8557539578622,0.));
#13687=CARTESIAN_POINT('',(67.3467623295816,-17.8557539578622,0.));
#13688=CARTESIAN_POINT('',(68.0967623295816,-19.1547920635388,0.));
#13689=CARTESIAN_POINT('',(98.0967623295816,47.5291640278629,0.));
#13690=CARTESIAN_POINT('',(97.3467623295816,46.2301259221862,0.));
#13691=CARTESIAN_POINT('',(98.8467623295816,48.8282021335396,0.));
#13692=CARTESIAN_POINT('',(95.8467623295815,46.2301259221862,0.));
#13693=CARTESIAN_POINT('',(94.3467623295815,46.2301259221862,0.));
#13694=CARTESIAN_POINT('',(93.5967623295815,47.5291640278629,0.));
#13695=CARTESIAN_POINT('',(92.8467623295815,48.8282021335396,0.));
#13696=CARTESIAN_POINT('',(93.5967623295815,50.1272402392162,0.));
#13697=CARTESIAN_POINT('',(94.3467623295815,51.4262783448929,0.));
#13698=CARTESIAN_POINT('',(95.8467623295816,51.4262783448929,0.));
#13699=CARTESIAN_POINT('',(97.3467623295816,51.4262783448929,0.));
#13700=CARTESIAN_POINT('',(98.0967623295816,50.1272402392162,0.));
#13701=CARTESIAN_POINT('',(93.0967623295816,38.8689099900185,0.));
#13702=CARTESIAN_POINT('',(92.3467623295816,37.5698718843419,0.));
#13703=CARTESIAN_POINT('',(93.8467623295816,40.1679480956952,0.));
#13704=CARTESIAN_POINT('',(90.8467623295815,37.5698718843419,0.));
#13705=CARTESIAN_POINT('',(89.3467623295815,37.5698718843419,0.));
#13706=CARTESIAN_POINT('',(88.5967623295815,38.8689099900185,0.));
#13707=CARTESIAN_POINT('',(87.8467623295815,40.1679480956952,0.));
#13708=CARTESIAN_POINT('',(88.5967623295815,41.4669862013718,0.));
#13709=CARTESIAN_POINT('',(89.3467623295815,42.7660243070485,0.));
#13710=CARTESIAN_POINT('',(90.8467623295816,42.7660243070485,0.));
#13711=CARTESIAN_POINT('',(92.3467623295816,42.7660243070485,0.));
#13712=CARTESIAN_POINT('',(93.0967623295816,41.4669862013718,0.));
#13713=CARTESIAN_POINT('',(88.0967623295816,30.2086559521741,0.));
#13714=CARTESIAN_POINT('',(87.3467623295816,28.9096178464975,0.));
#13715=CARTESIAN_POINT('',(88.8467623295816,31.5076940578508,0.));
#13716=CARTESIAN_POINT('',(85.8467623295815,28.9096178464975,0.));
#13717=CARTESIAN_POINT('',(84.3467623295815,28.9096178464975,0.));
#13718=CARTESIAN_POINT('',(83.5967623295815,30.2086559521741,0.));
#13719=CARTESIAN_POINT('',(82.8467623295815,31.5076940578508,0.));
#13720=CARTESIAN_POINT('',(83.5967623295815,32.8067321635274,0.));
#13721=CARTESIAN_POINT('',(84.3467623295815,34.1057702692041,0.));
#13722=CARTESIAN_POINT('',(85.8467623295816,34.1057702692042,0.));
#13723=CARTESIAN_POINT('',(87.3467623295816,34.1057702692042,0.));
#13724=CARTESIAN_POINT('',(88.0967623295816,32.8067321635274,0.));
#13725=CARTESIAN_POINT('',(83.0967623295816,21.5484019143297,0.));
#13726=CARTESIAN_POINT('',(82.3467623295816,20.2493638086531,0.));
#13727=CARTESIAN_POINT('',(83.8467623295816,22.8474400200064,0.));
#13728=CARTESIAN_POINT('',(80.8467623295815,20.2493638086531,0.));
#13729=CARTESIAN_POINT('',(79.3467623295815,20.2493638086531,0.));
#13730=CARTESIAN_POINT('',(78.5967623295815,21.5484019143297,0.));
#13731=CARTESIAN_POINT('',(77.8467623295815,22.8474400200064,0.));
#13732=CARTESIAN_POINT('',(78.5967623295815,24.146478125683,0.));
#13733=CARTESIAN_POINT('',(79.3467623295815,25.4455162313598,0.));
#13734=CARTESIAN_POINT('',(80.8467623295816,25.4455162313598,0.));
#13735=CARTESIAN_POINT('',(82.3467623295816,25.4455162313598,0.));
#13736=CARTESIAN_POINT('',(83.0967623295816,24.1464781256831,0.));
#13737=CARTESIAN_POINT('',(78.0967623295816,12.8881478764853,0.));
#13738=CARTESIAN_POINT('',(77.3467623295816,11.5891097708087,0.));
#13739=CARTESIAN_POINT('',(78.8467623295816,14.187185982162,0.));
#13740=CARTESIAN_POINT('',(75.8467623295815,11.5891097708087,0.));
#13741=CARTESIAN_POINT('',(74.3467623295815,11.5891097708087,0.));
#13742=CARTESIAN_POINT('',(73.5967623295815,12.8881478764853,0.));
#13743=CARTESIAN_POINT('',(72.8467623295815,14.187185982162,0.));
#13744=CARTESIAN_POINT('',(73.5967623295815,15.4862240878387,0.));
#13745=CARTESIAN_POINT('',(74.3467623295815,16.7852621935154,0.));
#13746=CARTESIAN_POINT('',(75.8467623295816,16.7852621935154,0.));
#13747=CARTESIAN_POINT('',(77.3467623295816,16.7852621935154,0.));
#13748=CARTESIAN_POINT('',(78.0967623295816,15.4862240878387,0.));
#13749=CARTESIAN_POINT('',(73.0967623295816,4.22789383864096,0.));
#13750=CARTESIAN_POINT('',(72.3467623295816,2.9288557329643,0.));
#13751=CARTESIAN_POINT('',(73.8467623295816,5.52693194431764,0.));
#13752=CARTESIAN_POINT('',(70.8467623295815,2.9288557329643,0.));
#13753=CARTESIAN_POINT('',(69.3467623295815,2.9288557329643,0.));
#13754=CARTESIAN_POINT('',(68.5967623295815,4.22789383864095,0.));
#13755=CARTESIAN_POINT('',(67.8467623295815,5.52693194431762,0.));
#13756=CARTESIAN_POINT('',(68.5967623295815,6.82597004999428,0.));
#13757=CARTESIAN_POINT('',(69.3467623295815,8.12500815567095,0.));
#13758=CARTESIAN_POINT('',(70.8467623295816,8.12500815567097,0.));
#13759=CARTESIAN_POINT('',(72.3467623295816,8.12500815567097,0.));
#13760=CARTESIAN_POINT('',(73.0967623295816,6.8259700499943,0.));
#13761=CARTESIAN_POINT('',(68.0967623295816,-4.43236019920341,0.));
#13762=CARTESIAN_POINT('',(67.3467623295816,-5.73139830488009,0.));
#13763=CARTESIAN_POINT('',(68.8467623295816,-3.13332209352675,0.));
#13764=CARTESIAN_POINT('',(65.8467623295815,-5.73139830488009,0.));
#13765=CARTESIAN_POINT('',(64.3467623295815,-5.73139830488009,0.));
#13766=CARTESIAN_POINT('',(63.5967623295815,-4.43236019920343,0.));
#13767=CARTESIAN_POINT('',(62.8467623295815,-3.13332209352676,0.));
#13768=CARTESIAN_POINT('',(63.5967623295815,-1.8342839878501,0.));
#13769=CARTESIAN_POINT('',(64.3467623295815,-0.535245882173428,0.));
#13770=CARTESIAN_POINT('',(65.8467623295816,-0.535245882173414,0.));
#13771=CARTESIAN_POINT('',(67.3467623295816,-0.535245882173414,0.));
#13772=CARTESIAN_POINT('',(68.0967623295816,-1.83428398785008,0.));
#13773=CARTESIAN_POINT('',(88.0967623295816,47.5291640278629,0.));
#13774=CARTESIAN_POINT('',(87.3467623295816,46.2301259221862,0.));
#13775=CARTESIAN_POINT('',(88.8467623295816,48.8282021335396,0.));
#13776=CARTESIAN_POINT('',(85.8467623295815,46.2301259221862,0.));
#13777=CARTESIAN_POINT('',(84.3467623295815,46.2301259221862,0.));
#13778=CARTESIAN_POINT('',(83.5967623295815,47.5291640278629,0.));
#13779=CARTESIAN_POINT('',(82.8467623295815,48.8282021335396,0.));
#13780=CARTESIAN_POINT('',(83.5967623295815,50.1272402392162,0.));
#13781=CARTESIAN_POINT('',(84.3467623295815,51.4262783448929,0.));
#13782=CARTESIAN_POINT('',(85.8467623295816,51.4262783448929,0.));
#13783=CARTESIAN_POINT('',(87.3467623295816,51.4262783448929,0.));
#13784=CARTESIAN_POINT('',(88.0967623295816,50.1272402392162,0.));
#13785=CARTESIAN_POINT('',(83.0967623295816,38.8689099900185,0.));
#13786=CARTESIAN_POINT('',(82.3467623295816,37.5698718843419,0.));
#13787=CARTESIAN_POINT('',(83.8467623295816,40.1679480956952,0.));
#13788=CARTESIAN_POINT('',(80.8467623295815,37.5698718843419,0.));
#13789=CARTESIAN_POINT('',(79.3467623295815,37.5698718843419,0.));
#13790=CARTESIAN_POINT('',(78.5967623295815,38.8689099900185,0.));
#13791=CARTESIAN_POINT('',(77.8467623295815,40.1679480956952,0.));
#13792=CARTESIAN_POINT('',(78.5967623295815,41.4669862013718,0.));
#13793=CARTESIAN_POINT('',(79.3467623295815,42.7660243070485,0.));
#13794=CARTESIAN_POINT('',(80.8467623295816,42.7660243070485,0.));
#13795=CARTESIAN_POINT('',(82.3467623295816,42.7660243070485,0.));
#13796=CARTESIAN_POINT('',(83.0967623295816,41.4669862013718,0.));
#13797=CARTESIAN_POINT('',(78.0967623295816,30.2086559521741,0.));
#13798=CARTESIAN_POINT('',(77.3467623295816,28.9096178464975,0.));
#13799=CARTESIAN_POINT('',(78.8467623295816,31.5076940578508,0.));
#13800=CARTESIAN_POINT('',(75.8467623295815,28.9096178464975,0.));
#13801=CARTESIAN_POINT('',(74.3467623295815,28.9096178464975,0.));
#13802=CARTESIAN_POINT('',(73.5967623295815,30.2086559521741,0.));
#13803=CARTESIAN_POINT('',(72.8467623295815,31.5076940578508,0.));
#13804=CARTESIAN_POINT('',(73.5967623295815,32.8067321635274,0.));
#13805=CARTESIAN_POINT('',(74.3467623295815,34.1057702692041,0.));
#13806=CARTESIAN_POINT('',(75.8467623295816,34.1057702692042,0.));
#13807=CARTESIAN_POINT('',(77.3467623295816,34.1057702692042,0.));
#13808=CARTESIAN_POINT('',(78.0967623295816,32.8067321635274,0.));
#13809=CARTESIAN_POINT('',(73.0967623295816,21.5484019143297,0.));
#13810=CARTESIAN_POINT('',(72.3467623295816,20.2493638086531,0.));
#13811=CARTESIAN_POINT('',(73.8467623295816,22.8474400200064,0.));
#13812=CARTESIAN_POINT('',(70.8467623295815,20.2493638086531,0.));
#13813=CARTESIAN_POINT('',(69.3467623295815,20.2493638086531,0.));
#13814=CARTESIAN_POINT('',(68.5967623295815,21.5484019143297,0.));
#13815=CARTESIAN_POINT('',(67.8467623295815,22.8474400200064,0.));
#13816=CARTESIAN_POINT('',(68.5967623295815,24.146478125683,0.));
#13817=CARTESIAN_POINT('',(69.3467623295815,25.4455162313598,0.));
#13818=CARTESIAN_POINT('',(70.8467623295816,25.4455162313598,0.));
#13819=CARTESIAN_POINT('',(72.3467623295816,25.4455162313598,0.));
#13820=CARTESIAN_POINT('',(73.0967623295816,24.1464781256831,0.));
#13821=CARTESIAN_POINT('',(68.0967623295816,12.8881478764853,0.));
#13822=CARTESIAN_POINT('',(67.3467623295816,11.5891097708087,0.));
#13823=CARTESIAN_POINT('',(68.8467623295816,14.187185982162,0.));
#13824=CARTESIAN_POINT('',(65.8467623295815,11.5891097708087,0.));
#13825=CARTESIAN_POINT('',(64.3467623295815,11.5891097708087,0.));
#13826=CARTESIAN_POINT('',(63.5967623295815,12.8881478764853,0.));
#13827=CARTESIAN_POINT('',(62.8467623295815,14.187185982162,0.));
#13828=CARTESIAN_POINT('',(63.5967623295815,15.4862240878387,0.));
#13829=CARTESIAN_POINT('',(64.3467623295815,16.7852621935154,0.));
#13830=CARTESIAN_POINT('',(65.8467623295816,16.7852621935154,0.));
#13831=CARTESIAN_POINT('',(67.3467623295816,16.7852621935154,0.));
#13832=CARTESIAN_POINT('',(68.0967623295816,15.4862240878387,0.));
#13833=CARTESIAN_POINT('',(78.0967623295816,47.5291640278629,0.));
#13834=CARTESIAN_POINT('',(77.3467623295816,46.2301259221862,0.));
#13835=CARTESIAN_POINT('',(78.8467623295816,48.8282021335396,0.));
#13836=CARTESIAN_POINT('',(75.8467623295815,46.2301259221862,0.));
#13837=CARTESIAN_POINT('',(74.3467623295815,46.2301259221862,0.));
#13838=CARTESIAN_POINT('',(73.5967623295815,47.5291640278629,0.));
#13839=CARTESIAN_POINT('',(72.8467623295815,48.8282021335396,0.));
#13840=CARTESIAN_POINT('',(73.5967623295815,50.1272402392162,0.));
#13841=CARTESIAN_POINT('',(74.3467623295815,51.4262783448929,0.));
#13842=CARTESIAN_POINT('',(75.8467623295816,51.4262783448929,0.));
#13843=CARTESIAN_POINT('',(77.3467623295816,51.4262783448929,0.));
#13844=CARTESIAN_POINT('',(78.0967623295816,50.1272402392162,0.));
#13845=CARTESIAN_POINT('',(68.0967623295816,30.2086559521741,0.));
#13846=CARTESIAN_POINT('',(67.3467623295816,28.9096178464975,0.));
#13847=CARTESIAN_POINT('',(68.8467623295816,31.5076940578508,0.));
#13848=CARTESIAN_POINT('',(65.8467623295815,28.9096178464975,0.));
#13849=CARTESIAN_POINT('',(64.3467623295815,28.9096178464975,0.));
#13850=CARTESIAN_POINT('',(63.5967623295815,30.2086559521741,0.));
#13851=CARTESIAN_POINT('',(62.8467623295815,31.5076940578508,0.));
#13852=CARTESIAN_POINT('',(63.5967623295815,32.8067321635274,0.));
#13853=CARTESIAN_POINT('',(64.3467623295815,34.1057702692041,0.));
#13854=CARTESIAN_POINT('',(65.8467623295816,34.1057702692042,0.));
#13855=CARTESIAN_POINT('',(67.3467623295816,34.1057702692042,0.));
#13856=CARTESIAN_POINT('',(68.0967623295816,32.8067321635274,0.));
#13857=CARTESIAN_POINT('',(68.0967623295816,47.5291640278629,0.));
#13858=CARTESIAN_POINT('',(67.3467623295816,46.2301259221862,0.));
#13859=CARTESIAN_POINT('',(68.8467623295816,48.8282021335396,0.));
#13860=CARTESIAN_POINT('',(65.8467623295815,46.2301259221862,0.));
#13861=CARTESIAN_POINT('',(64.3467623295815,46.2301259221862,0.));
#13862=CARTESIAN_POINT('',(63.5967623295815,47.5291640278629,0.));
#13863=CARTESIAN_POINT('',(62.8467623295815,48.8282021335396,0.));
#13864=CARTESIAN_POINT('',(63.5967623295815,50.1272402392162,0.));
#13865=CARTESIAN_POINT('',(64.3467623295815,51.4262783448929,0.));
#13866=CARTESIAN_POINT('',(65.8467623295816,51.4262783448929,0.));
#13867=CARTESIAN_POINT('',(67.3467623295816,51.4262783448929,0.));
#13868=CARTESIAN_POINT('',(68.0967623295816,50.1272402392162,0.));
#13869=CARTESIAN_POINT('',(73.0967623295816,38.8689099900185,0.));
#13870=CARTESIAN_POINT('',(72.3467623295816,37.5698718843419,0.));
#13871=CARTESIAN_POINT('',(73.8467623295816,40.1679480956952,0.));
#13872=CARTESIAN_POINT('',(70.8467623295815,37.5698718843419,0.));
#13873=CARTESIAN_POINT('',(69.3467623295815,37.5698718843419,0.));
#13874=CARTESIAN_POINT('',(68.5967623295815,38.8689099900185,0.));
#13875=CARTESIAN_POINT('',(67.8467623295815,40.1679480956952,0.));
#13876=CARTESIAN_POINT('',(68.5967623295815,41.4669862013718,0.));
#13877=CARTESIAN_POINT('',(69.3467623295815,42.7660243070485,0.));
#13878=CARTESIAN_POINT('',(70.8467623295816,42.7660243070485,0.));
#13879=CARTESIAN_POINT('',(72.3467623295816,42.7660243070485,0.));
#13880=CARTESIAN_POINT('',(73.0967623295816,41.4669862013718,0.));
#13881=CARTESIAN_POINT('',(85.0771035465795,57.9594934609099,0.));
#13882=CARTESIAN_POINT('',(106.077103546579,57.9594934609099,0.));
#13883=CARTESIAN_POINT('',(113.577103546579,57.9594934609099,0.));
#13884=CARTESIAN_POINT('',(106.077103546579,57.4594934609099,0.));
#13885=CARTESIAN_POINT('',(106.077103546579,55.8047929225306,1.95156391047391E-15));
#13886=CARTESIAN_POINT('',(106.079103546579,55.8047929225306,1.95156391047391E-15));
#13887=CARTESIAN_POINT('',(101.077103546579,55.8047929225306,0.));
#13888=CARTESIAN_POINT('',(101.077103546579,57.4594934609099,0.));
#13889=CARTESIAN_POINT('',(101.077103546579,57.9594934609099,0.));
#13890=CARTESIAN_POINT('',(85.0771035465795,57.9594934609099,0.));
#13891=CARTESIAN_POINT('',(69.0771035465795,57.9594934609099,0.));
#13892=CARTESIAN_POINT('',(69.0771035465795,57.4594934609099,0.));
#13893=CARTESIAN_POINT('',(69.0771035465795,55.8047929225306,1.95156391047391E-15));
#13894=CARTESIAN_POINT('',(64.0751035465795,55.8047929225306,1.95156391047391E-15));
#13895=CARTESIAN_POINT('',(64.0771035465795,55.8047929225306,0.));
#13896=CARTESIAN_POINT('',(64.0771035465795,57.4594934609099,0.));
#13897=CARTESIAN_POINT('',(64.0771035465795,57.9594934609099,0.));
#13898=CARTESIAN_POINT('',(85.0771035465795,57.9594934609099,0.));
#13899=CARTESIAN_POINT('',(56.5771035465795,57.9594934609099,0.));
#13900=CARTESIAN_POINT('',(56.5771035465795,55.9594934609099,0.));
#13901=CARTESIAN_POINT('',(54.5771035465795,55.9594934609099,0.));
#13902=CARTESIAN_POINT('',(54.5771035465795,-0.0405065390901571,0.));
#13903=CARTESIAN_POINT('',(54.5771035465795,-56.0405065390902,0.));
#13904=CARTESIAN_POINT('',(56.5771035465795,-56.0405065390902,0.));
#13905=CARTESIAN_POINT('',(56.5771035465795,-58.0405065390902,0.));
#13906=CARTESIAN_POINT('',(85.0771035465795,-58.0405065390902,0.));
#13907=CARTESIAN_POINT('',(113.577103546579,-58.0405065390902,0.));
#13908=CARTESIAN_POINT('',(113.577103546579,-56.0405065390902,0.));
#13909=CARTESIAN_POINT('',(115.577103546579,-56.0405065390902,0.));
#13910=CARTESIAN_POINT('',(115.577103546579,-0.0405065390901502,0.));
#13911=CARTESIAN_POINT('',(115.577103546579,55.9594934609099,0.));
#13912=CARTESIAN_POINT('',(113.577103546579,55.9594934609099,0.));
#13913=CARTESIAN_POINT('',(108.096762329582,-39.0733763505809,-2.));
#13914=CARTESIAN_POINT('',(108.846762329582,-37.7743382449043,-2.));
#13915=CARTESIAN_POINT('',(108.846762329582,-37.7743382449043,-2.));
#13916=CARTESIAN_POINT('',(108.096762329582,-39.0733763505809,-2.));
#13917=CARTESIAN_POINT('',(107.346762329582,-40.3724144562577,-2.));
#13918=CARTESIAN_POINT('',(107.346762329582,-40.3724144562577,-2.));
#13919=CARTESIAN_POINT('',(108.096762329582,-36.4753001392276,-2.));
#13920=CARTESIAN_POINT('',(107.346762329582,-35.1762620335509,-2.));
#13921=CARTESIAN_POINT('',(107.346762329582,-35.1762620335509,-2.));
#13922=CARTESIAN_POINT('',(108.096762329582,-36.4753001392276,-2.));
#13923=CARTESIAN_POINT('',(105.846762329582,-35.1762620335509,-2.));
#13924=CARTESIAN_POINT('',(104.346762329581,-35.1762620335509,-2.));
#13925=CARTESIAN_POINT('',(104.346762329581,-35.1762620335509,-2.));
#13926=CARTESIAN_POINT('',(105.846762329582,-35.1762620335509,-2.));
#13927=CARTESIAN_POINT('',(103.596762329581,-36.4753001392276,-2.));
#13928=CARTESIAN_POINT('',(102.846762329581,-37.7743382449043,-2.));
#13929=CARTESIAN_POINT('',(102.846762329581,-37.7743382449043,-2.));
#13930=CARTESIAN_POINT('',(103.596762329581,-36.4753001392276,-2.));
#13931=CARTESIAN_POINT('',(103.596762329581,-39.0733763505809,-2.));
#13932=CARTESIAN_POINT('',(104.346762329581,-40.3724144562577,-2.));
#13933=CARTESIAN_POINT('',(104.346762329581,-40.3724144562577,-2.));
#13934=CARTESIAN_POINT('',(103.596762329581,-39.0733763505809,-2.));
#13935=CARTESIAN_POINT('',(105.846762329581,-40.3724144562577,-2.));
#13936=CARTESIAN_POINT('',(105.846762329581,-40.3724144562577,-2.));
#13937=CARTESIAN_POINT('',(103.096762329582,-47.7336303884253,-2.));
#13938=CARTESIAN_POINT('',(103.846762329582,-46.4345922827487,-2.));
#13939=CARTESIAN_POINT('',(103.846762329582,-46.4345922827487,-2.));
#13940=CARTESIAN_POINT('',(103.096762329582,-47.7336303884253,-2.));
#13941=CARTESIAN_POINT('',(102.346762329582,-49.032668494102,-2.));
#13942=CARTESIAN_POINT('',(102.346762329582,-49.032668494102,-2.));
#13943=CARTESIAN_POINT('',(103.096762329582,-45.135554177072,-2.));
#13944=CARTESIAN_POINT('',(102.346762329582,-43.8365160713953,-2.));
#13945=CARTESIAN_POINT('',(102.346762329582,-43.8365160713953,-2.));
#13946=CARTESIAN_POINT('',(103.096762329582,-45.135554177072,-2.));
#13947=CARTESIAN_POINT('',(100.846762329582,-43.8365160713953,-2.));
#13948=CARTESIAN_POINT('',(99.3467623295815,-43.8365160713953,-2.));
#13949=CARTESIAN_POINT('',(99.3467623295815,-43.8365160713953,-2.));
#13950=CARTESIAN_POINT('',(100.846762329582,-43.8365160713953,-2.));
#13951=CARTESIAN_POINT('',(98.5967623295815,-45.135554177072,-2.));
#13952=CARTESIAN_POINT('',(97.8467623295815,-46.4345922827487,-2.));
#13953=CARTESIAN_POINT('',(97.8467623295815,-46.4345922827487,-2.));
#13954=CARTESIAN_POINT('',(98.5967623295815,-45.135554177072,-2.));
#13955=CARTESIAN_POINT('',(98.5967623295815,-47.7336303884253,-2.));
#13956=CARTESIAN_POINT('',(99.3467623295815,-49.032668494102,-2.));
#13957=CARTESIAN_POINT('',(99.3467623295815,-49.032668494102,-2.));
#13958=CARTESIAN_POINT('',(98.5967623295815,-47.7336303884253,-2.));
#13959=CARTESIAN_POINT('',(100.846762329581,-49.032668494102,-2.));
#13960=CARTESIAN_POINT('',(100.846762329581,-49.032668494102,-2.));
#13961=CARTESIAN_POINT('',(108.096762329582,-21.7528682748922,-2.));
#13962=CARTESIAN_POINT('',(108.846762329582,-20.4538301692155,-2.));
#13963=CARTESIAN_POINT('',(108.846762329582,-20.4538301692155,-2.));
#13964=CARTESIAN_POINT('',(108.096762329582,-21.7528682748922,-2.));
#13965=CARTESIAN_POINT('',(107.346762329582,-23.0519063805689,-2.));
#13966=CARTESIAN_POINT('',(107.346762329582,-23.0519063805689,-2.));
#13967=CARTESIAN_POINT('',(108.096762329582,-19.1547920635388,-2.));
#13968=CARTESIAN_POINT('',(107.346762329582,-17.8557539578622,-2.));
#13969=CARTESIAN_POINT('',(107.346762329582,-17.8557539578622,-2.));
#13970=CARTESIAN_POINT('',(108.096762329582,-19.1547920635388,-2.));
#13971=CARTESIAN_POINT('',(105.846762329582,-17.8557539578622,-2.));
#13972=CARTESIAN_POINT('',(104.346762329581,-17.8557539578622,-2.));
#13973=CARTESIAN_POINT('',(104.346762329581,-17.8557539578622,-2.));
#13974=CARTESIAN_POINT('',(105.846762329582,-17.8557539578622,-2.));
#13975=CARTESIAN_POINT('',(103.596762329581,-19.1547920635389,-2.));
#13976=CARTESIAN_POINT('',(102.846762329581,-20.4538301692155,-2.));
#13977=CARTESIAN_POINT('',(102.846762329581,-20.4538301692155,-2.));
#13978=CARTESIAN_POINT('',(103.596762329581,-19.1547920635389,-2.));
#13979=CARTESIAN_POINT('',(103.596762329581,-21.7528682748922,-2.));
#13980=CARTESIAN_POINT('',(104.346762329581,-23.0519063805689,-2.));
#13981=CARTESIAN_POINT('',(104.346762329581,-23.0519063805689,-2.));
#13982=CARTESIAN_POINT('',(103.596762329581,-21.7528682748922,-2.));
#13983=CARTESIAN_POINT('',(105.846762329581,-23.0519063805689,-2.));
#13984=CARTESIAN_POINT('',(105.846762329581,-23.0519063805689,-2.));
#13985=CARTESIAN_POINT('',(103.096762329582,-30.4131223127366,-2.));
#13986=CARTESIAN_POINT('',(103.846762329582,-29.1140842070599,-2.));
#13987=CARTESIAN_POINT('',(103.846762329582,-29.1140842070599,-2.));
#13988=CARTESIAN_POINT('',(103.096762329582,-30.4131223127366,-2.));
#13989=CARTESIAN_POINT('',(102.346762329582,-31.7121604184133,-2.));
#13990=CARTESIAN_POINT('',(102.346762329582,-31.7121604184133,-2.));
#13991=CARTESIAN_POINT('',(103.096762329582,-27.8150461013833,-2.));
#13992=CARTESIAN_POINT('',(102.346762329582,-26.5160079957066,-2.));
#13993=CARTESIAN_POINT('',(102.346762329582,-26.5160079957066,-2.));
#13994=CARTESIAN_POINT('',(103.096762329582,-27.8150461013833,-2.));
#13995=CARTESIAN_POINT('',(100.846762329582,-26.5160079957066,-2.));
#13996=CARTESIAN_POINT('',(99.3467623295815,-26.5160079957066,-2.));
#13997=CARTESIAN_POINT('',(99.3467623295815,-26.5160079957066,-2.));
#13998=CARTESIAN_POINT('',(100.846762329582,-26.5160079957066,-2.));
#13999=CARTESIAN_POINT('',(98.5967623295815,-27.8150461013833,-2.));
#14000=CARTESIAN_POINT('',(97.8467623295815,-29.1140842070599,-2.));
#14001=CARTESIAN_POINT('',(97.8467623295815,-29.1140842070599,-2.));
#14002=CARTESIAN_POINT('',(98.5967623295815,-27.8150461013833,-2.));
#14003=CARTESIAN_POINT('',(98.5967623295815,-30.4131223127366,-2.));
#14004=CARTESIAN_POINT('',(99.3467623295815,-31.7121604184133,-2.));
#14005=CARTESIAN_POINT('',(99.3467623295815,-31.7121604184133,-2.));
#14006=CARTESIAN_POINT('',(98.5967623295815,-30.4131223127366,-2.));
#14007=CARTESIAN_POINT('',(100.846762329581,-31.7121604184133,-2.));
#14008=CARTESIAN_POINT('',(100.846762329581,-31.7121604184133,-2.));
#14009=CARTESIAN_POINT('',(98.0967623295816,-39.0733763505809,-2.));
#14010=CARTESIAN_POINT('',(98.8467623295816,-37.7743382449043,-2.));
#14011=CARTESIAN_POINT('',(98.8467623295816,-37.7743382449043,-2.));
#14012=CARTESIAN_POINT('',(98.0967623295816,-39.0733763505809,-2.));
#14013=CARTESIAN_POINT('',(97.3467623295816,-40.3724144562577,-2.));
#14014=CARTESIAN_POINT('',(97.3467623295816,-40.3724144562577,-2.));
#14015=CARTESIAN_POINT('',(98.0967623295816,-36.4753001392276,-2.));
#14016=CARTESIAN_POINT('',(97.3467623295816,-35.1762620335509,-2.));
#14017=CARTESIAN_POINT('',(97.3467623295816,-35.1762620335509,-2.));
#14018=CARTESIAN_POINT('',(98.0967623295816,-36.4753001392276,-2.));
#14019=CARTESIAN_POINT('',(95.8467623295816,-35.1762620335509,-2.));
#14020=CARTESIAN_POINT('',(94.3467623295815,-35.1762620335509,-2.));
#14021=CARTESIAN_POINT('',(94.3467623295815,-35.1762620335509,-2.));
#14022=CARTESIAN_POINT('',(95.8467623295816,-35.1762620335509,-2.));
#14023=CARTESIAN_POINT('',(93.5967623295815,-36.4753001392276,-2.));
#14024=CARTESIAN_POINT('',(92.8467623295815,-37.7743382449043,-2.));
#14025=CARTESIAN_POINT('',(92.8467623295815,-37.7743382449043,-2.));
#14026=CARTESIAN_POINT('',(93.5967623295815,-36.4753001392276,-2.));
#14027=CARTESIAN_POINT('',(93.5967623295815,-39.0733763505809,-2.));
#14028=CARTESIAN_POINT('',(94.3467623295815,-40.3724144562577,-2.));
#14029=CARTESIAN_POINT('',(94.3467623295815,-40.3724144562577,-2.));
#14030=CARTESIAN_POINT('',(93.5967623295815,-39.0733763505809,-2.));
#14031=CARTESIAN_POINT('',(95.8467623295815,-40.3724144562577,-2.));
#14032=CARTESIAN_POINT('',(95.8467623295815,-40.3724144562577,-2.));
#14033=CARTESIAN_POINT('',(93.0967623295816,-47.7336303884253,-2.));
#14034=CARTESIAN_POINT('',(93.8467623295816,-46.4345922827487,-2.));
#14035=CARTESIAN_POINT('',(93.8467623295816,-46.4345922827487,-2.));
#14036=CARTESIAN_POINT('',(93.0967623295816,-47.7336303884253,-2.));
#14037=CARTESIAN_POINT('',(92.3467623295816,-49.032668494102,-2.));
#14038=CARTESIAN_POINT('',(92.3467623295816,-49.032668494102,-2.));
#14039=CARTESIAN_POINT('',(93.0967623295816,-45.135554177072,-2.));
#14040=CARTESIAN_POINT('',(92.3467623295816,-43.8365160713953,-2.));
#14041=CARTESIAN_POINT('',(92.3467623295816,-43.8365160713953,-2.));
#14042=CARTESIAN_POINT('',(93.0967623295816,-45.135554177072,-2.));
#14043=CARTESIAN_POINT('',(90.8467623295816,-43.8365160713953,-2.));
#14044=CARTESIAN_POINT('',(89.3467623295815,-43.8365160713953,-2.));
#14045=CARTESIAN_POINT('',(89.3467623295815,-43.8365160713953,-2.));
#14046=CARTESIAN_POINT('',(90.8467623295816,-43.8365160713953,-2.));
#14047=CARTESIAN_POINT('',(88.5967623295815,-45.135554177072,-2.));
#14048=CARTESIAN_POINT('',(87.8467623295815,-46.4345922827487,-2.));
#14049=CARTESIAN_POINT('',(87.8467623295815,-46.4345922827487,-2.));
#14050=CARTESIAN_POINT('',(88.5967623295815,-45.135554177072,-2.));
#14051=CARTESIAN_POINT('',(88.5967623295815,-47.7336303884253,-2.));
#14052=CARTESIAN_POINT('',(89.3467623295815,-49.032668494102,-2.));
#14053=CARTESIAN_POINT('',(89.3467623295815,-49.032668494102,-2.));
#14054=CARTESIAN_POINT('',(88.5967623295815,-47.7336303884253,-2.));
#14055=CARTESIAN_POINT('',(90.8467623295815,-49.032668494102,-2.));
#14056=CARTESIAN_POINT('',(90.8467623295815,-49.032668494102,-2.));
#14057=CARTESIAN_POINT('',(108.096762329582,-4.43236019920341,-2.));
#14058=CARTESIAN_POINT('',(108.846762329582,-3.13332209352675,-2.));
#14059=CARTESIAN_POINT('',(108.846762329582,-3.13332209352675,-2.));
#14060=CARTESIAN_POINT('',(108.096762329582,-4.43236019920341,-2.));
#14061=CARTESIAN_POINT('',(107.346762329582,-5.73139830488009,-2.));
#14062=CARTESIAN_POINT('',(107.346762329582,-5.73139830488009,-2.));
#14063=CARTESIAN_POINT('',(108.096762329582,-1.83428398785008,-2.));
#14064=CARTESIAN_POINT('',(107.346762329582,-0.535245882173414,-2.));
#14065=CARTESIAN_POINT('',(107.346762329582,-0.535245882173414,-2.));
#14066=CARTESIAN_POINT('',(108.096762329582,-1.83428398785008,-2.));
#14067=CARTESIAN_POINT('',(105.846762329582,-0.535245882173414,-2.));
#14068=CARTESIAN_POINT('',(104.346762329581,-0.535245882173428,-2.));
#14069=CARTESIAN_POINT('',(104.346762329581,-0.535245882173428,-2.));
#14070=CARTESIAN_POINT('',(105.846762329582,-0.535245882173414,-2.));
#14071=CARTESIAN_POINT('',(103.596762329581,-1.8342839878501,-2.));
#14072=CARTESIAN_POINT('',(102.846762329581,-3.13332209352676,-2.));
#14073=CARTESIAN_POINT('',(102.846762329581,-3.13332209352676,-2.));
#14074=CARTESIAN_POINT('',(103.596762329581,-1.8342839878501,-2.));
#14075=CARTESIAN_POINT('',(103.596762329581,-4.43236019920343,-2.));
#14076=CARTESIAN_POINT('',(104.346762329581,-5.73139830488009,-2.));
#14077=CARTESIAN_POINT('',(104.346762329581,-5.73139830488009,-2.));
#14078=CARTESIAN_POINT('',(103.596762329581,-4.43236019920343,-2.));
#14079=CARTESIAN_POINT('',(105.846762329581,-5.73139830488009,-2.));
#14080=CARTESIAN_POINT('',(105.846762329581,-5.73139830488009,-2.));
#14081=CARTESIAN_POINT('',(103.096762329582,-13.0926142370478,-2.));
#14082=CARTESIAN_POINT('',(103.846762329582,-11.7935761313711,-2.));
#14083=CARTESIAN_POINT('',(103.846762329582,-11.7935761313711,-2.));
#14084=CARTESIAN_POINT('',(103.096762329582,-13.0926142370478,-2.));
#14085=CARTESIAN_POINT('',(102.346762329582,-14.3916523427245,-2.));
#14086=CARTESIAN_POINT('',(102.346762329582,-14.3916523427245,-2.));
#14087=CARTESIAN_POINT('',(103.096762329582,-10.4945380256945,-2.));
#14088=CARTESIAN_POINT('',(102.346762329582,-9.19549992001781,-2.));
#14089=CARTESIAN_POINT('',(102.346762329582,-9.19549992001781,-2.));
#14090=CARTESIAN_POINT('',(103.096762329582,-10.4945380256945,-2.));
#14091=CARTESIAN_POINT('',(100.846762329582,-9.19549992001781,-2.));
#14092=CARTESIAN_POINT('',(99.3467623295815,-9.19549992001782,-2.));
#14093=CARTESIAN_POINT('',(99.3467623295815,-9.19549992001782,-2.));
#14094=CARTESIAN_POINT('',(100.846762329582,-9.19549992001781,-2.));
#14095=CARTESIAN_POINT('',(98.5967623295815,-10.4945380256945,-2.));
#14096=CARTESIAN_POINT('',(97.8467623295815,-11.7935761313712,-2.));
#14097=CARTESIAN_POINT('',(97.8467623295815,-11.7935761313712,-2.));
#14098=CARTESIAN_POINT('',(98.5967623295815,-10.4945380256945,-2.));
#14099=CARTESIAN_POINT('',(98.5967623295815,-13.0926142370478,-2.));
#14100=CARTESIAN_POINT('',(99.3467623295815,-14.3916523427245,-2.));
#14101=CARTESIAN_POINT('',(99.3467623295815,-14.3916523427245,-2.));
#14102=CARTESIAN_POINT('',(98.5967623295815,-13.0926142370478,-2.));
#14103=CARTESIAN_POINT('',(100.846762329581,-14.3916523427245,-2.));
#14104=CARTESIAN_POINT('',(100.846762329581,-14.3916523427245,-2.));
#14105=CARTESIAN_POINT('',(98.0967623295816,-21.7528682748922,-2.));
#14106=CARTESIAN_POINT('',(98.8467623295816,-20.4538301692155,-2.));
#14107=CARTESIAN_POINT('',(98.8467623295816,-20.4538301692155,-2.));
#14108=CARTESIAN_POINT('',(98.0967623295816,-21.7528682748922,-2.));
#14109=CARTESIAN_POINT('',(97.3467623295816,-23.0519063805689,-2.));
#14110=CARTESIAN_POINT('',(97.3467623295816,-23.0519063805689,-2.));
#14111=CARTESIAN_POINT('',(98.0967623295816,-19.1547920635388,-2.));
#14112=CARTESIAN_POINT('',(97.3467623295816,-17.8557539578622,-2.));
#14113=CARTESIAN_POINT('',(97.3467623295816,-17.8557539578622,-2.));
#14114=CARTESIAN_POINT('',(98.0967623295816,-19.1547920635388,-2.));
#14115=CARTESIAN_POINT('',(95.8467623295816,-17.8557539578622,-2.));
#14116=CARTESIAN_POINT('',(94.3467623295815,-17.8557539578622,-2.));
#14117=CARTESIAN_POINT('',(94.3467623295815,-17.8557539578622,-2.));
#14118=CARTESIAN_POINT('',(95.8467623295816,-17.8557539578622,-2.));
#14119=CARTESIAN_POINT('',(93.5967623295815,-19.1547920635389,-2.));
#14120=CARTESIAN_POINT('',(92.8467623295815,-20.4538301692155,-2.));
#14121=CARTESIAN_POINT('',(92.8467623295815,-20.4538301692155,-2.));
#14122=CARTESIAN_POINT('',(93.5967623295815,-19.1547920635389,-2.));
#14123=CARTESIAN_POINT('',(93.5967623295815,-21.7528682748922,-2.));
#14124=CARTESIAN_POINT('',(94.3467623295815,-23.0519063805689,-2.));
#14125=CARTESIAN_POINT('',(94.3467623295815,-23.0519063805689,-2.));
#14126=CARTESIAN_POINT('',(93.5967623295815,-21.7528682748922,-2.));
#14127=CARTESIAN_POINT('',(95.8467623295815,-23.0519063805689,-2.));
#14128=CARTESIAN_POINT('',(95.8467623295815,-23.0519063805689,-2.));
#14129=CARTESIAN_POINT('',(93.0967623295816,-30.4131223127366,-2.));
#14130=CARTESIAN_POINT('',(93.8467623295816,-29.1140842070599,-2.));
#14131=CARTESIAN_POINT('',(93.8467623295816,-29.1140842070599,-2.));
#14132=CARTESIAN_POINT('',(93.0967623295816,-30.4131223127366,-2.));
#14133=CARTESIAN_POINT('',(92.3467623295816,-31.7121604184133,-2.));
#14134=CARTESIAN_POINT('',(92.3467623295816,-31.7121604184133,-2.));
#14135=CARTESIAN_POINT('',(93.0967623295816,-27.8150461013833,-2.));
#14136=CARTESIAN_POINT('',(92.3467623295816,-26.5160079957066,-2.));
#14137=CARTESIAN_POINT('',(92.3467623295816,-26.5160079957066,-2.));
#14138=CARTESIAN_POINT('',(93.0967623295816,-27.8150461013833,-2.));
#14139=CARTESIAN_POINT('',(90.8467623295816,-26.5160079957066,-2.));
#14140=CARTESIAN_POINT('',(89.3467623295815,-26.5160079957066,-2.));
#14141=CARTESIAN_POINT('',(89.3467623295815,-26.5160079957066,-2.));
#14142=CARTESIAN_POINT('',(90.8467623295816,-26.5160079957066,-2.));
#14143=CARTESIAN_POINT('',(88.5967623295815,-27.8150461013833,-2.));
#14144=CARTESIAN_POINT('',(87.8467623295815,-29.1140842070599,-2.));
#14145=CARTESIAN_POINT('',(87.8467623295815,-29.1140842070599,-2.));
#14146=CARTESIAN_POINT('',(88.5967623295815,-27.8150461013833,-2.));
#14147=CARTESIAN_POINT('',(88.5967623295815,-30.4131223127366,-2.));
#14148=CARTESIAN_POINT('',(89.3467623295815,-31.7121604184133,-2.));
#14149=CARTESIAN_POINT('',(89.3467623295815,-31.7121604184133,-2.));
#14150=CARTESIAN_POINT('',(88.5967623295815,-30.4131223127366,-2.));
#14151=CARTESIAN_POINT('',(90.8467623295815,-31.7121604184133,-2.));
#14152=CARTESIAN_POINT('',(90.8467623295815,-31.7121604184133,-2.));
#14153=CARTESIAN_POINT('',(88.0967623295816,-39.0733763505809,-2.));
#14154=CARTESIAN_POINT('',(88.8467623295816,-37.7743382449043,-2.));
#14155=CARTESIAN_POINT('',(88.8467623295816,-37.7743382449043,-2.));
#14156=CARTESIAN_POINT('',(88.0967623295816,-39.0733763505809,-2.));
#14157=CARTESIAN_POINT('',(87.3467623295816,-40.3724144562577,-2.));
#14158=CARTESIAN_POINT('',(87.3467623295816,-40.3724144562577,-2.));
#14159=CARTESIAN_POINT('',(88.0967623295816,-36.4753001392276,-2.));
#14160=CARTESIAN_POINT('',(87.3467623295816,-35.1762620335509,-2.));
#14161=CARTESIAN_POINT('',(87.3467623295816,-35.1762620335509,-2.));
#14162=CARTESIAN_POINT('',(88.0967623295816,-36.4753001392276,-2.));
#14163=CARTESIAN_POINT('',(85.8467623295816,-35.1762620335509,-2.));
#14164=CARTESIAN_POINT('',(84.3467623295815,-35.1762620335509,-2.));
#14165=CARTESIAN_POINT('',(84.3467623295815,-35.1762620335509,-2.));
#14166=CARTESIAN_POINT('',(85.8467623295816,-35.1762620335509,-2.));
#14167=CARTESIAN_POINT('',(83.5967623295815,-36.4753001392276,-2.));
#14168=CARTESIAN_POINT('',(82.8467623295815,-37.7743382449043,-2.));
#14169=CARTESIAN_POINT('',(82.8467623295815,-37.7743382449043,-2.));
#14170=CARTESIAN_POINT('',(83.5967623295815,-36.4753001392276,-2.));
#14171=CARTESIAN_POINT('',(83.5967623295815,-39.0733763505809,-2.));
#14172=CARTESIAN_POINT('',(84.3467623295815,-40.3724144562577,-2.));
#14173=CARTESIAN_POINT('',(84.3467623295815,-40.3724144562577,-2.));
#14174=CARTESIAN_POINT('',(83.5967623295815,-39.0733763505809,-2.));
#14175=CARTESIAN_POINT('',(85.8467623295815,-40.3724144562577,-2.));
#14176=CARTESIAN_POINT('',(85.8467623295815,-40.3724144562577,-2.));
#14177=CARTESIAN_POINT('',(83.0967623295816,-47.7336303884253,-2.));
#14178=CARTESIAN_POINT('',(83.8467623295816,-46.4345922827487,-2.));
#14179=CARTESIAN_POINT('',(83.8467623295816,-46.4345922827487,-2.));
#14180=CARTESIAN_POINT('',(83.0967623295816,-47.7336303884253,-2.));
#14181=CARTESIAN_POINT('',(82.3467623295816,-49.032668494102,-2.));
#14182=CARTESIAN_POINT('',(82.3467623295816,-49.032668494102,-2.));
#14183=CARTESIAN_POINT('',(83.0967623295816,-45.135554177072,-2.));
#14184=CARTESIAN_POINT('',(82.3467623295816,-43.8365160713953,-2.));
#14185=CARTESIAN_POINT('',(82.3467623295816,-43.8365160713953,-2.));
#14186=CARTESIAN_POINT('',(83.0967623295816,-45.135554177072,-2.));
#14187=CARTESIAN_POINT('',(80.8467623295816,-43.8365160713953,-2.));
#14188=CARTESIAN_POINT('',(79.3467623295815,-43.8365160713953,-2.));
#14189=CARTESIAN_POINT('',(79.3467623295815,-43.8365160713953,-2.));
#14190=CARTESIAN_POINT('',(80.8467623295816,-43.8365160713953,-2.));
#14191=CARTESIAN_POINT('',(78.5967623295815,-45.135554177072,-2.));
#14192=CARTESIAN_POINT('',(77.8467623295815,-46.4345922827487,-2.));
#14193=CARTESIAN_POINT('',(77.8467623295815,-46.4345922827487,-2.));
#14194=CARTESIAN_POINT('',(78.5967623295815,-45.135554177072,-2.));
#14195=CARTESIAN_POINT('',(78.5967623295815,-47.7336303884253,-2.));
#14196=CARTESIAN_POINT('',(79.3467623295815,-49.032668494102,-2.));
#14197=CARTESIAN_POINT('',(79.3467623295815,-49.032668494102,-2.));
#14198=CARTESIAN_POINT('',(78.5967623295815,-47.7336303884253,-2.));
#14199=CARTESIAN_POINT('',(80.8467623295815,-49.032668494102,-2.));
#14200=CARTESIAN_POINT('',(80.8467623295815,-49.032668494102,-2.));
#14201=CARTESIAN_POINT('',(108.096762329582,12.8881478764853,-2.));
#14202=CARTESIAN_POINT('',(108.846762329582,14.187185982162,-2.));
#14203=CARTESIAN_POINT('',(108.846762329582,14.187185982162,-2.));
#14204=CARTESIAN_POINT('',(108.096762329582,12.8881478764853,-2.));
#14205=CARTESIAN_POINT('',(107.346762329582,11.5891097708087,-2.));
#14206=CARTESIAN_POINT('',(107.346762329582,11.5891097708087,-2.));
#14207=CARTESIAN_POINT('',(108.096762329582,15.4862240878387,-2.));
#14208=CARTESIAN_POINT('',(107.346762329582,16.7852621935154,-2.));
#14209=CARTESIAN_POINT('',(107.346762329582,16.7852621935154,-2.));
#14210=CARTESIAN_POINT('',(108.096762329582,15.4862240878387,-2.));
#14211=CARTESIAN_POINT('',(105.846762329582,16.7852621935154,-2.));
#14212=CARTESIAN_POINT('',(104.346762329581,16.7852621935154,-2.));
#14213=CARTESIAN_POINT('',(104.346762329581,16.7852621935154,-2.));
#14214=CARTESIAN_POINT('',(105.846762329582,16.7852621935154,-2.));
#14215=CARTESIAN_POINT('',(103.596762329581,15.4862240878387,-2.));
#14216=CARTESIAN_POINT('',(102.846762329581,14.187185982162,-2.));
#14217=CARTESIAN_POINT('',(102.846762329581,14.187185982162,-2.));
#14218=CARTESIAN_POINT('',(103.596762329581,15.4862240878387,-2.));
#14219=CARTESIAN_POINT('',(103.596762329581,12.8881478764853,-2.));
#14220=CARTESIAN_POINT('',(104.346762329581,11.5891097708087,-2.));
#14221=CARTESIAN_POINT('',(104.346762329581,11.5891097708087,-2.));
#14222=CARTESIAN_POINT('',(103.596762329581,12.8881478764853,-2.));
#14223=CARTESIAN_POINT('',(105.846762329581,11.5891097708087,-2.));
#14224=CARTESIAN_POINT('',(105.846762329581,11.5891097708087,-2.));
#14225=CARTESIAN_POINT('',(103.096762329582,4.22789383864096,-2.));
#14226=CARTESIAN_POINT('',(103.846762329582,5.52693194431764,-2.));
#14227=CARTESIAN_POINT('',(103.846762329582,5.52693194431764,-2.));
#14228=CARTESIAN_POINT('',(103.096762329582,4.22789383864096,-2.));
#14229=CARTESIAN_POINT('',(102.346762329582,2.9288557329643,-2.));
#14230=CARTESIAN_POINT('',(102.346762329582,2.9288557329643,-2.));
#14231=CARTESIAN_POINT('',(103.096762329582,6.8259700499943,-2.));
#14232=CARTESIAN_POINT('',(102.346762329582,8.12500815567097,-2.));
#14233=CARTESIAN_POINT('',(102.346762329582,8.12500815567097,-2.));
#14234=CARTESIAN_POINT('',(103.096762329582,6.8259700499943,-2.));
#14235=CARTESIAN_POINT('',(100.846762329582,8.12500815567097,-2.));
#14236=CARTESIAN_POINT('',(99.3467623295815,8.12500815567095,-2.));
#14237=CARTESIAN_POINT('',(99.3467623295815,8.12500815567095,-2.));
#14238=CARTESIAN_POINT('',(100.846762329582,8.12500815567097,-2.));
#14239=CARTESIAN_POINT('',(98.5967623295815,6.82597004999428,-2.));
#14240=CARTESIAN_POINT('',(97.8467623295815,5.52693194431762,-2.));
#14241=CARTESIAN_POINT('',(97.8467623295815,5.52693194431762,-2.));
#14242=CARTESIAN_POINT('',(98.5967623295815,6.82597004999428,-2.));
#14243=CARTESIAN_POINT('',(98.5967623295815,4.22789383864095,-2.));
#14244=CARTESIAN_POINT('',(99.3467623295815,2.9288557329643,-2.));
#14245=CARTESIAN_POINT('',(99.3467623295815,2.9288557329643,-2.));
#14246=CARTESIAN_POINT('',(98.5967623295815,4.22789383864095,-2.));
#14247=CARTESIAN_POINT('',(100.846762329581,2.9288557329643,-2.));
#14248=CARTESIAN_POINT('',(100.846762329581,2.9288557329643,-2.));
#14249=CARTESIAN_POINT('',(98.0967623295816,-4.43236019920341,-2.));
#14250=CARTESIAN_POINT('',(98.8467623295816,-3.13332209352675,-2.));
#14251=CARTESIAN_POINT('',(98.8467623295816,-3.13332209352675,-2.));
#14252=CARTESIAN_POINT('',(98.0967623295816,-4.43236019920341,-2.));
#14253=CARTESIAN_POINT('',(97.3467623295816,-5.73139830488009,-2.));
#14254=CARTESIAN_POINT('',(97.3467623295816,-5.73139830488009,-2.));
#14255=CARTESIAN_POINT('',(98.0967623295816,-1.83428398785008,-2.));
#14256=CARTESIAN_POINT('',(97.3467623295816,-0.535245882173414,-2.));
#14257=CARTESIAN_POINT('',(97.3467623295816,-0.535245882173414,-2.));
#14258=CARTESIAN_POINT('',(98.0967623295816,-1.83428398785008,-2.));
#14259=CARTESIAN_POINT('',(95.8467623295816,-0.535245882173414,-2.));
#14260=CARTESIAN_POINT('',(94.3467623295815,-0.535245882173428,-2.));
#14261=CARTESIAN_POINT('',(94.3467623295815,-0.535245882173428,-2.));
#14262=CARTESIAN_POINT('',(95.8467623295816,-0.535245882173414,-2.));
#14263=CARTESIAN_POINT('',(93.5967623295815,-1.8342839878501,-2.));
#14264=CARTESIAN_POINT('',(92.8467623295815,-3.13332209352676,-2.));
#14265=CARTESIAN_POINT('',(92.8467623295815,-3.13332209352676,-2.));
#14266=CARTESIAN_POINT('',(93.5967623295815,-1.8342839878501,-2.));
#14267=CARTESIAN_POINT('',(93.5967623295815,-4.43236019920343,-2.));
#14268=CARTESIAN_POINT('',(94.3467623295815,-5.73139830488009,-2.));
#14269=CARTESIAN_POINT('',(94.3467623295815,-5.73139830488009,-2.));
#14270=CARTESIAN_POINT('',(93.5967623295815,-4.43236019920343,-2.));
#14271=CARTESIAN_POINT('',(95.8467623295815,-5.73139830488009,-2.));
#14272=CARTESIAN_POINT('',(95.8467623295815,-5.73139830488009,-2.));
#14273=CARTESIAN_POINT('',(93.0967623295816,-13.0926142370478,-2.));
#14274=CARTESIAN_POINT('',(93.8467623295816,-11.7935761313711,-2.));
#14275=CARTESIAN_POINT('',(93.8467623295816,-11.7935761313711,-2.));
#14276=CARTESIAN_POINT('',(93.0967623295816,-13.0926142370478,-2.));
#14277=CARTESIAN_POINT('',(92.3467623295816,-14.3916523427245,-2.));
#14278=CARTESIAN_POINT('',(92.3467623295816,-14.3916523427245,-2.));
#14279=CARTESIAN_POINT('',(93.0967623295816,-10.4945380256945,-2.));
#14280=CARTESIAN_POINT('',(92.3467623295816,-9.19549992001781,-2.));
#14281=CARTESIAN_POINT('',(92.3467623295816,-9.19549992001781,-2.));
#14282=CARTESIAN_POINT('',(93.0967623295816,-10.4945380256945,-2.));
#14283=CARTESIAN_POINT('',(90.8467623295816,-9.19549992001781,-2.));
#14284=CARTESIAN_POINT('',(89.3467623295815,-9.19549992001782,-2.));
#14285=CARTESIAN_POINT('',(89.3467623295815,-9.19549992001782,-2.));
#14286=CARTESIAN_POINT('',(90.8467623295816,-9.19549992001781,-2.));
#14287=CARTESIAN_POINT('',(88.5967623295815,-10.4945380256945,-2.));
#14288=CARTESIAN_POINT('',(87.8467623295815,-11.7935761313712,-2.));
#14289=CARTESIAN_POINT('',(87.8467623295815,-11.7935761313712,-2.));
#14290=CARTESIAN_POINT('',(88.5967623295815,-10.4945380256945,-2.));
#14291=CARTESIAN_POINT('',(88.5967623295815,-13.0926142370478,-2.));
#14292=CARTESIAN_POINT('',(89.3467623295815,-14.3916523427245,-2.));
#14293=CARTESIAN_POINT('',(89.3467623295815,-14.3916523427245,-2.));
#14294=CARTESIAN_POINT('',(88.5967623295815,-13.0926142370478,-2.));
#14295=CARTESIAN_POINT('',(90.8467623295815,-14.3916523427245,-2.));
#14296=CARTESIAN_POINT('',(90.8467623295815,-14.3916523427245,-2.));
#14297=CARTESIAN_POINT('',(88.0967623295816,-21.7528682748922,-2.));
#14298=CARTESIAN_POINT('',(88.8467623295816,-20.4538301692155,-2.));
#14299=CARTESIAN_POINT('',(88.8467623295816,-20.4538301692155,-2.));
#14300=CARTESIAN_POINT('',(88.0967623295816,-21.7528682748922,-2.));
#14301=CARTESIAN_POINT('',(87.3467623295816,-23.0519063805689,-2.));
#14302=CARTESIAN_POINT('',(87.3467623295816,-23.0519063805689,-2.));
#14303=CARTESIAN_POINT('',(88.0967623295816,-19.1547920635388,-2.));
#14304=CARTESIAN_POINT('',(87.3467623295816,-17.8557539578622,-2.));
#14305=CARTESIAN_POINT('',(87.3467623295816,-17.8557539578622,-2.));
#14306=CARTESIAN_POINT('',(88.0967623295816,-19.1547920635388,-2.));
#14307=CARTESIAN_POINT('',(85.8467623295816,-17.8557539578622,-2.));
#14308=CARTESIAN_POINT('',(84.3467623295815,-17.8557539578622,-2.));
#14309=CARTESIAN_POINT('',(84.3467623295815,-17.8557539578622,-2.));
#14310=CARTESIAN_POINT('',(85.8467623295816,-17.8557539578622,-2.));
#14311=CARTESIAN_POINT('',(83.5967623295815,-19.1547920635389,-2.));
#14312=CARTESIAN_POINT('',(82.8467623295815,-20.4538301692155,-2.));
#14313=CARTESIAN_POINT('',(82.8467623295815,-20.4538301692155,-2.));
#14314=CARTESIAN_POINT('',(83.5967623295815,-19.1547920635389,-2.));
#14315=CARTESIAN_POINT('',(83.5967623295815,-21.7528682748922,-2.));
#14316=CARTESIAN_POINT('',(84.3467623295815,-23.0519063805689,-2.));
#14317=CARTESIAN_POINT('',(84.3467623295815,-23.0519063805689,-2.));
#14318=CARTESIAN_POINT('',(83.5967623295815,-21.7528682748922,-2.));
#14319=CARTESIAN_POINT('',(85.8467623295815,-23.0519063805689,-2.));
#14320=CARTESIAN_POINT('',(85.8467623295815,-23.0519063805689,-2.));
#14321=CARTESIAN_POINT('',(83.0967623295816,-30.4131223127366,-2.));
#14322=CARTESIAN_POINT('',(83.8467623295816,-29.1140842070599,-2.));
#14323=CARTESIAN_POINT('',(83.8467623295816,-29.1140842070599,-2.));
#14324=CARTESIAN_POINT('',(83.0967623295816,-30.4131223127366,-2.));
#14325=CARTESIAN_POINT('',(82.3467623295816,-31.7121604184133,-2.));
#14326=CARTESIAN_POINT('',(82.3467623295816,-31.7121604184133,-2.));
#14327=CARTESIAN_POINT('',(83.0967623295816,-27.8150461013833,-2.));
#14328=CARTESIAN_POINT('',(82.3467623295816,-26.5160079957066,-2.));
#14329=CARTESIAN_POINT('',(82.3467623295816,-26.5160079957066,-2.));
#14330=CARTESIAN_POINT('',(83.0967623295816,-27.8150461013833,-2.));
#14331=CARTESIAN_POINT('',(80.8467623295816,-26.5160079957066,-2.));
#14332=CARTESIAN_POINT('',(79.3467623295815,-26.5160079957066,-2.));
#14333=CARTESIAN_POINT('',(79.3467623295815,-26.5160079957066,-2.));
#14334=CARTESIAN_POINT('',(80.8467623295816,-26.5160079957066,-2.));
#14335=CARTESIAN_POINT('',(78.5967623295815,-27.8150461013833,-2.));
#14336=CARTESIAN_POINT('',(77.8467623295815,-29.1140842070599,-2.));
#14337=CARTESIAN_POINT('',(77.8467623295815,-29.1140842070599,-2.));
#14338=CARTESIAN_POINT('',(78.5967623295815,-27.8150461013833,-2.));
#14339=CARTESIAN_POINT('',(78.5967623295815,-30.4131223127366,-2.));
#14340=CARTESIAN_POINT('',(79.3467623295815,-31.7121604184133,-2.));
#14341=CARTESIAN_POINT('',(79.3467623295815,-31.7121604184133,-2.));
#14342=CARTESIAN_POINT('',(78.5967623295815,-30.4131223127366,-2.));
#14343=CARTESIAN_POINT('',(80.8467623295815,-31.7121604184133,-2.));
#14344=CARTESIAN_POINT('',(80.8467623295815,-31.7121604184133,-2.));
#14345=CARTESIAN_POINT('',(78.0967623295816,-39.0733763505809,-2.));
#14346=CARTESIAN_POINT('',(78.8467623295816,-37.7743382449043,-2.));
#14347=CARTESIAN_POINT('',(78.8467623295816,-37.7743382449043,-2.));
#14348=CARTESIAN_POINT('',(78.0967623295816,-39.0733763505809,-2.));
#14349=CARTESIAN_POINT('',(77.3467623295816,-40.3724144562577,-2.));
#14350=CARTESIAN_POINT('',(77.3467623295816,-40.3724144562577,-2.));
#14351=CARTESIAN_POINT('',(78.0967623295816,-36.4753001392276,-2.));
#14352=CARTESIAN_POINT('',(77.3467623295816,-35.1762620335509,-2.));
#14353=CARTESIAN_POINT('',(77.3467623295816,-35.1762620335509,-2.));
#14354=CARTESIAN_POINT('',(78.0967623295816,-36.4753001392276,-2.));
#14355=CARTESIAN_POINT('',(75.8467623295816,-35.1762620335509,-2.));
#14356=CARTESIAN_POINT('',(74.3467623295815,-35.1762620335509,-2.));
#14357=CARTESIAN_POINT('',(74.3467623295815,-35.1762620335509,-2.));
#14358=CARTESIAN_POINT('',(75.8467623295816,-35.1762620335509,-2.));
#14359=CARTESIAN_POINT('',(73.5967623295815,-36.4753001392276,-2.));
#14360=CARTESIAN_POINT('',(72.8467623295815,-37.7743382449043,-2.));
#14361=CARTESIAN_POINT('',(72.8467623295815,-37.7743382449043,-2.));
#14362=CARTESIAN_POINT('',(73.5967623295815,-36.4753001392276,-2.));
#14363=CARTESIAN_POINT('',(73.5967623295815,-39.0733763505809,-2.));
#14364=CARTESIAN_POINT('',(74.3467623295815,-40.3724144562577,-2.));
#14365=CARTESIAN_POINT('',(74.3467623295815,-40.3724144562577,-2.));
#14366=CARTESIAN_POINT('',(73.5967623295815,-39.0733763505809,-2.));
#14367=CARTESIAN_POINT('',(75.8467623295815,-40.3724144562577,-2.));
#14368=CARTESIAN_POINT('',(75.8467623295815,-40.3724144562577,-2.));
#14369=CARTESIAN_POINT('',(73.0967623295816,-47.7336303884253,-2.));
#14370=CARTESIAN_POINT('',(73.8467623295816,-46.4345922827487,-2.));
#14371=CARTESIAN_POINT('',(73.8467623295816,-46.4345922827487,-2.));
#14372=CARTESIAN_POINT('',(73.0967623295816,-47.7336303884253,-2.));
#14373=CARTESIAN_POINT('',(72.3467623295816,-49.032668494102,-2.));
#14374=CARTESIAN_POINT('',(72.3467623295816,-49.032668494102,-2.));
#14375=CARTESIAN_POINT('',(73.0967623295816,-45.135554177072,-2.));
#14376=CARTESIAN_POINT('',(72.3467623295816,-43.8365160713953,-2.));
#14377=CARTESIAN_POINT('',(72.3467623295816,-43.8365160713953,-2.));
#14378=CARTESIAN_POINT('',(73.0967623295816,-45.135554177072,-2.));
#14379=CARTESIAN_POINT('',(70.8467623295816,-43.8365160713953,-2.));
#14380=CARTESIAN_POINT('',(69.3467623295815,-43.8365160713953,-2.));
#14381=CARTESIAN_POINT('',(69.3467623295815,-43.8365160713953,-2.));
#14382=CARTESIAN_POINT('',(70.8467623295816,-43.8365160713953,-2.));
#14383=CARTESIAN_POINT('',(68.5967623295815,-45.135554177072,-2.));
#14384=CARTESIAN_POINT('',(67.8467623295815,-46.4345922827487,-2.));
#14385=CARTESIAN_POINT('',(67.8467623295815,-46.4345922827487,-2.));
#14386=CARTESIAN_POINT('',(68.5967623295815,-45.135554177072,-2.));
#14387=CARTESIAN_POINT('',(68.5967623295815,-47.7336303884253,-2.));
#14388=CARTESIAN_POINT('',(69.3467623295815,-49.032668494102,-2.));
#14389=CARTESIAN_POINT('',(69.3467623295815,-49.032668494102,-2.));
#14390=CARTESIAN_POINT('',(68.5967623295815,-47.7336303884253,-2.));
#14391=CARTESIAN_POINT('',(70.8467623295815,-49.032668494102,-2.));
#14392=CARTESIAN_POINT('',(70.8467623295815,-49.032668494102,-2.));
#14393=CARTESIAN_POINT('',(108.096762329582,30.2086559521741,-2.));
#14394=CARTESIAN_POINT('',(108.846762329582,31.5076940578508,-2.));
#14395=CARTESIAN_POINT('',(108.846762329582,31.5076940578508,-2.));
#14396=CARTESIAN_POINT('',(108.096762329582,30.2086559521741,-2.));
#14397=CARTESIAN_POINT('',(107.346762329582,28.9096178464975,-2.));
#14398=CARTESIAN_POINT('',(107.346762329582,28.9096178464975,-2.));
#14399=CARTESIAN_POINT('',(108.096762329582,32.8067321635274,-2.));
#14400=CARTESIAN_POINT('',(107.346762329582,34.1057702692042,-2.));
#14401=CARTESIAN_POINT('',(107.346762329582,34.1057702692042,-2.));
#14402=CARTESIAN_POINT('',(108.096762329582,32.8067321635274,-2.));
#14403=CARTESIAN_POINT('',(105.846762329582,34.1057702692042,-2.));
#14404=CARTESIAN_POINT('',(104.346762329581,34.1057702692041,-2.));
#14405=CARTESIAN_POINT('',(104.346762329581,34.1057702692041,-2.));
#14406=CARTESIAN_POINT('',(105.846762329582,34.1057702692042,-2.));
#14407=CARTESIAN_POINT('',(103.596762329581,32.8067321635274,-2.));
#14408=CARTESIAN_POINT('',(102.846762329581,31.5076940578508,-2.));
#14409=CARTESIAN_POINT('',(102.846762329581,31.5076940578508,-2.));
#14410=CARTESIAN_POINT('',(103.596762329581,32.8067321635274,-2.));
#14411=CARTESIAN_POINT('',(103.596762329581,30.2086559521741,-2.));
#14412=CARTESIAN_POINT('',(104.346762329581,28.9096178464975,-2.));
#14413=CARTESIAN_POINT('',(104.346762329581,28.9096178464975,-2.));
#14414=CARTESIAN_POINT('',(103.596762329581,30.2086559521741,-2.));
#14415=CARTESIAN_POINT('',(105.846762329581,28.9096178464975,-2.));
#14416=CARTESIAN_POINT('',(105.846762329581,28.9096178464975,-2.));
#14417=CARTESIAN_POINT('',(103.096762329582,21.5484019143297,-2.));
#14418=CARTESIAN_POINT('',(103.846762329582,22.8474400200064,-2.));
#14419=CARTESIAN_POINT('',(103.846762329582,22.8474400200064,-2.));
#14420=CARTESIAN_POINT('',(103.096762329582,21.5484019143297,-2.));
#14421=CARTESIAN_POINT('',(102.346762329582,20.2493638086531,-2.));
#14422=CARTESIAN_POINT('',(102.346762329582,20.2493638086531,-2.));
#14423=CARTESIAN_POINT('',(103.096762329582,24.1464781256831,-2.));
#14424=CARTESIAN_POINT('',(102.346762329582,25.4455162313598,-2.));
#14425=CARTESIAN_POINT('',(102.346762329582,25.4455162313598,-2.));
#14426=CARTESIAN_POINT('',(103.096762329582,24.1464781256831,-2.));
#14427=CARTESIAN_POINT('',(100.846762329582,25.4455162313598,-2.));
#14428=CARTESIAN_POINT('',(99.3467623295815,25.4455162313598,-2.));
#14429=CARTESIAN_POINT('',(99.3467623295815,25.4455162313598,-2.));
#14430=CARTESIAN_POINT('',(100.846762329582,25.4455162313598,-2.));
#14431=CARTESIAN_POINT('',(98.5967623295815,24.146478125683,-2.));
#14432=CARTESIAN_POINT('',(97.8467623295815,22.8474400200064,-2.));
#14433=CARTESIAN_POINT('',(97.8467623295815,22.8474400200064,-2.));
#14434=CARTESIAN_POINT('',(98.5967623295815,24.146478125683,-2.));
#14435=CARTESIAN_POINT('',(98.5967623295815,21.5484019143297,-2.));
#14436=CARTESIAN_POINT('',(99.3467623295815,20.2493638086531,-2.));
#14437=CARTESIAN_POINT('',(99.3467623295815,20.2493638086531,-2.));
#14438=CARTESIAN_POINT('',(98.5967623295815,21.5484019143297,-2.));
#14439=CARTESIAN_POINT('',(100.846762329581,20.2493638086531,-2.));
#14440=CARTESIAN_POINT('',(100.846762329581,20.2493638086531,-2.));
#14441=CARTESIAN_POINT('',(98.0967623295816,12.8881478764853,-2.));
#14442=CARTESIAN_POINT('',(98.8467623295816,14.187185982162,-2.));
#14443=CARTESIAN_POINT('',(98.8467623295816,14.187185982162,-2.));
#14444=CARTESIAN_POINT('',(98.0967623295816,12.8881478764853,-2.));
#14445=CARTESIAN_POINT('',(97.3467623295816,11.5891097708087,-2.));
#14446=CARTESIAN_POINT('',(97.3467623295816,11.5891097708087,-2.));
#14447=CARTESIAN_POINT('',(98.0967623295816,15.4862240878387,-2.));
#14448=CARTESIAN_POINT('',(97.3467623295816,16.7852621935154,-2.));
#14449=CARTESIAN_POINT('',(97.3467623295816,16.7852621935154,-2.));
#14450=CARTESIAN_POINT('',(98.0967623295816,15.4862240878387,-2.));
#14451=CARTESIAN_POINT('',(95.8467623295816,16.7852621935154,-2.));
#14452=CARTESIAN_POINT('',(94.3467623295815,16.7852621935154,-2.));
#14453=CARTESIAN_POINT('',(94.3467623295815,16.7852621935154,-2.));
#14454=CARTESIAN_POINT('',(95.8467623295816,16.7852621935154,-2.));
#14455=CARTESIAN_POINT('',(93.5967623295815,15.4862240878387,-2.));
#14456=CARTESIAN_POINT('',(92.8467623295815,14.187185982162,-2.));
#14457=CARTESIAN_POINT('',(92.8467623295815,14.187185982162,-2.));
#14458=CARTESIAN_POINT('',(93.5967623295815,15.4862240878387,-2.));
#14459=CARTESIAN_POINT('',(93.5967623295815,12.8881478764853,-2.));
#14460=CARTESIAN_POINT('',(94.3467623295815,11.5891097708087,-2.));
#14461=CARTESIAN_POINT('',(94.3467623295815,11.5891097708087,-2.));
#14462=CARTESIAN_POINT('',(93.5967623295815,12.8881478764853,-2.));
#14463=CARTESIAN_POINT('',(95.8467623295815,11.5891097708087,-2.));
#14464=CARTESIAN_POINT('',(95.8467623295815,11.5891097708087,-2.));
#14465=CARTESIAN_POINT('',(93.0967623295816,4.22789383864096,-2.));
#14466=CARTESIAN_POINT('',(93.8467623295816,5.52693194431764,-2.));
#14467=CARTESIAN_POINT('',(93.8467623295816,5.52693194431764,-2.));
#14468=CARTESIAN_POINT('',(93.0967623295816,4.22789383864096,-2.));
#14469=CARTESIAN_POINT('',(92.3467623295816,2.9288557329643,-2.));
#14470=CARTESIAN_POINT('',(92.3467623295816,2.9288557329643,-2.));
#14471=CARTESIAN_POINT('',(93.0967623295816,6.8259700499943,-2.));
#14472=CARTESIAN_POINT('',(92.3467623295816,8.12500815567097,-2.));
#14473=CARTESIAN_POINT('',(92.3467623295816,8.12500815567097,-2.));
#14474=CARTESIAN_POINT('',(93.0967623295816,6.8259700499943,-2.));
#14475=CARTESIAN_POINT('',(90.8467623295816,8.12500815567097,-2.));
#14476=CARTESIAN_POINT('',(89.3467623295815,8.12500815567095,-2.));
#14477=CARTESIAN_POINT('',(89.3467623295815,8.12500815567095,-2.));
#14478=CARTESIAN_POINT('',(90.8467623295816,8.12500815567097,-2.));
#14479=CARTESIAN_POINT('',(88.5967623295815,6.82597004999428,-2.));
#14480=CARTESIAN_POINT('',(87.8467623295815,5.52693194431762,-2.));
#14481=CARTESIAN_POINT('',(87.8467623295815,5.52693194431762,-2.));
#14482=CARTESIAN_POINT('',(88.5967623295815,6.82597004999428,-2.));
#14483=CARTESIAN_POINT('',(88.5967623295815,4.22789383864095,-2.));
#14484=CARTESIAN_POINT('',(89.3467623295815,2.9288557329643,-2.));
#14485=CARTESIAN_POINT('',(89.3467623295815,2.9288557329643,-2.));
#14486=CARTESIAN_POINT('',(88.5967623295815,4.22789383864095,-2.));
#14487=CARTESIAN_POINT('',(90.8467623295815,2.9288557329643,-2.));
#14488=CARTESIAN_POINT('',(90.8467623295815,2.9288557329643,-2.));
#14489=CARTESIAN_POINT('',(88.0967623295816,-4.43236019920341,-2.));
#14490=CARTESIAN_POINT('',(88.8467623295816,-3.13332209352675,-2.));
#14491=CARTESIAN_POINT('',(88.8467623295816,-3.13332209352675,-2.));
#14492=CARTESIAN_POINT('',(88.0967623295816,-4.43236019920341,-2.));
#14493=CARTESIAN_POINT('',(87.3467623295816,-5.73139830488009,-2.));
#14494=CARTESIAN_POINT('',(87.3467623295816,-5.73139830488009,-2.));
#14495=CARTESIAN_POINT('',(88.0967623295816,-1.83428398785008,-2.));
#14496=CARTESIAN_POINT('',(87.3467623295816,-0.535245882173414,-2.));
#14497=CARTESIAN_POINT('',(87.3467623295816,-0.535245882173414,-2.));
#14498=CARTESIAN_POINT('',(88.0967623295816,-1.83428398785008,-2.));
#14499=CARTESIAN_POINT('',(85.8467623295816,-0.535245882173414,-2.));
#14500=CARTESIAN_POINT('',(84.3467623295815,-0.535245882173428,-2.));
#14501=CARTESIAN_POINT('',(84.3467623295815,-0.535245882173428,-2.));
#14502=CARTESIAN_POINT('',(85.8467623295816,-0.535245882173414,-2.));
#14503=CARTESIAN_POINT('',(83.5967623295815,-1.8342839878501,-2.));
#14504=CARTESIAN_POINT('',(82.8467623295815,-3.13332209352676,-2.));
#14505=CARTESIAN_POINT('',(82.8467623295815,-3.13332209352676,-2.));
#14506=CARTESIAN_POINT('',(83.5967623295815,-1.8342839878501,-2.));
#14507=CARTESIAN_POINT('',(83.5967623295815,-4.43236019920343,-2.));
#14508=CARTESIAN_POINT('',(84.3467623295815,-5.73139830488009,-2.));
#14509=CARTESIAN_POINT('',(84.3467623295815,-5.73139830488009,-2.));
#14510=CARTESIAN_POINT('',(83.5967623295815,-4.43236019920343,-2.));
#14511=CARTESIAN_POINT('',(85.8467623295815,-5.73139830488009,-2.));
#14512=CARTESIAN_POINT('',(85.8467623295815,-5.73139830488009,-2.));
#14513=CARTESIAN_POINT('',(83.0967623295816,-13.0926142370478,-2.));
#14514=CARTESIAN_POINT('',(83.8467623295816,-11.7935761313711,-2.));
#14515=CARTESIAN_POINT('',(83.8467623295816,-11.7935761313711,-2.));
#14516=CARTESIAN_POINT('',(83.0967623295816,-13.0926142370478,-2.));
#14517=CARTESIAN_POINT('',(82.3467623295816,-14.3916523427245,-2.));
#14518=CARTESIAN_POINT('',(82.3467623295816,-14.3916523427245,-2.));
#14519=CARTESIAN_POINT('',(83.0967623295816,-10.4945380256945,-2.));
#14520=CARTESIAN_POINT('',(82.3467623295816,-9.19549992001781,-2.));
#14521=CARTESIAN_POINT('',(82.3467623295816,-9.19549992001781,-2.));
#14522=CARTESIAN_POINT('',(83.0967623295816,-10.4945380256945,-2.));
#14523=CARTESIAN_POINT('',(80.8467623295816,-9.19549992001781,-2.));
#14524=CARTESIAN_POINT('',(79.3467623295815,-9.19549992001782,-2.));
#14525=CARTESIAN_POINT('',(79.3467623295815,-9.19549992001782,-2.));
#14526=CARTESIAN_POINT('',(80.8467623295816,-9.19549992001781,-2.));
#14527=CARTESIAN_POINT('',(78.5967623295815,-10.4945380256945,-2.));
#14528=CARTESIAN_POINT('',(77.8467623295815,-11.7935761313712,-2.));
#14529=CARTESIAN_POINT('',(77.8467623295815,-11.7935761313712,-2.));
#14530=CARTESIAN_POINT('',(78.5967623295815,-10.4945380256945,-2.));
#14531=CARTESIAN_POINT('',(78.5967623295815,-13.0926142370478,-2.));
#14532=CARTESIAN_POINT('',(79.3467623295815,-14.3916523427245,-2.));
#14533=CARTESIAN_POINT('',(79.3467623295815,-14.3916523427245,-2.));
#14534=CARTESIAN_POINT('',(78.5967623295815,-13.0926142370478,-2.));
#14535=CARTESIAN_POINT('',(80.8467623295815,-14.3916523427245,-2.));
#14536=CARTESIAN_POINT('',(80.8467623295815,-14.3916523427245,-2.));
#14537=CARTESIAN_POINT('',(78.0967623295816,-21.7528682748922,-2.));
#14538=CARTESIAN_POINT('',(78.8467623295816,-20.4538301692155,-2.));
#14539=CARTESIAN_POINT('',(78.8467623295816,-20.4538301692155,-2.));
#14540=CARTESIAN_POINT('',(78.0967623295816,-21.7528682748922,-2.));
#14541=CARTESIAN_POINT('',(77.3467623295816,-23.0519063805689,-2.));
#14542=CARTESIAN_POINT('',(77.3467623295816,-23.0519063805689,-2.));
#14543=CARTESIAN_POINT('',(78.0967623295816,-19.1547920635388,-2.));
#14544=CARTESIAN_POINT('',(77.3467623295816,-17.8557539578622,-2.));
#14545=CARTESIAN_POINT('',(77.3467623295816,-17.8557539578622,-2.));
#14546=CARTESIAN_POINT('',(78.0967623295816,-19.1547920635388,-2.));
#14547=CARTESIAN_POINT('',(75.8467623295816,-17.8557539578622,-2.));
#14548=CARTESIAN_POINT('',(74.3467623295815,-17.8557539578622,-2.));
#14549=CARTESIAN_POINT('',(74.3467623295815,-17.8557539578622,-2.));
#14550=CARTESIAN_POINT('',(75.8467623295816,-17.8557539578622,-2.));
#14551=CARTESIAN_POINT('',(73.5967623295815,-19.1547920635389,-2.));
#14552=CARTESIAN_POINT('',(72.8467623295815,-20.4538301692155,-2.));
#14553=CARTESIAN_POINT('',(72.8467623295815,-20.4538301692155,-2.));
#14554=CARTESIAN_POINT('',(73.5967623295815,-19.1547920635389,-2.));
#14555=CARTESIAN_POINT('',(73.5967623295815,-21.7528682748922,-2.));
#14556=CARTESIAN_POINT('',(74.3467623295815,-23.0519063805689,-2.));
#14557=CARTESIAN_POINT('',(74.3467623295815,-23.0519063805689,-2.));
#14558=CARTESIAN_POINT('',(73.5967623295815,-21.7528682748922,-2.));
#14559=CARTESIAN_POINT('',(75.8467623295815,-23.0519063805689,-2.));
#14560=CARTESIAN_POINT('',(75.8467623295815,-23.0519063805689,-2.));
#14561=CARTESIAN_POINT('',(73.0967623295816,-30.4131223127366,-2.));
#14562=CARTESIAN_POINT('',(73.8467623295816,-29.1140842070599,-2.));
#14563=CARTESIAN_POINT('',(73.8467623295816,-29.1140842070599,-2.));
#14564=CARTESIAN_POINT('',(73.0967623295816,-30.4131223127366,-2.));
#14565=CARTESIAN_POINT('',(72.3467623295816,-31.7121604184133,-2.));
#14566=CARTESIAN_POINT('',(72.3467623295816,-31.7121604184133,-2.));
#14567=CARTESIAN_POINT('',(73.0967623295816,-27.8150461013833,-2.));
#14568=CARTESIAN_POINT('',(72.3467623295816,-26.5160079957066,-2.));
#14569=CARTESIAN_POINT('',(72.3467623295816,-26.5160079957066,-2.));
#14570=CARTESIAN_POINT('',(73.0967623295816,-27.8150461013833,-2.));
#14571=CARTESIAN_POINT('',(70.8467623295816,-26.5160079957066,-2.));
#14572=CARTESIAN_POINT('',(69.3467623295815,-26.5160079957066,-2.));
#14573=CARTESIAN_POINT('',(69.3467623295815,-26.5160079957066,-2.));
#14574=CARTESIAN_POINT('',(70.8467623295816,-26.5160079957066,-2.));
#14575=CARTESIAN_POINT('',(68.5967623295815,-27.8150461013833,-2.));
#14576=CARTESIAN_POINT('',(67.8467623295815,-29.1140842070599,-2.));
#14577=CARTESIAN_POINT('',(67.8467623295815,-29.1140842070599,-2.));
#14578=CARTESIAN_POINT('',(68.5967623295815,-27.8150461013833,-2.));
#14579=CARTESIAN_POINT('',(68.5967623295815,-30.4131223127366,-2.));
#14580=CARTESIAN_POINT('',(69.3467623295815,-31.7121604184133,-2.));
#14581=CARTESIAN_POINT('',(69.3467623295815,-31.7121604184133,-2.));
#14582=CARTESIAN_POINT('',(68.5967623295815,-30.4131223127366,-2.));
#14583=CARTESIAN_POINT('',(70.8467623295815,-31.7121604184133,-2.));
#14584=CARTESIAN_POINT('',(70.8467623295815,-31.7121604184133,-2.));
#14585=CARTESIAN_POINT('',(68.0967623295816,-39.0733763505809,-2.));
#14586=CARTESIAN_POINT('',(68.8467623295816,-37.7743382449043,-2.));
#14587=CARTESIAN_POINT('',(68.8467623295816,-37.7743382449043,-2.));
#14588=CARTESIAN_POINT('',(68.0967623295816,-39.0733763505809,-2.));
#14589=CARTESIAN_POINT('',(67.3467623295816,-40.3724144562577,-2.));
#14590=CARTESIAN_POINT('',(67.3467623295816,-40.3724144562577,-2.));
#14591=CARTESIAN_POINT('',(68.0967623295816,-36.4753001392276,-2.));
#14592=CARTESIAN_POINT('',(67.3467623295816,-35.1762620335509,-2.));
#14593=CARTESIAN_POINT('',(67.3467623295816,-35.1762620335509,-2.));
#14594=CARTESIAN_POINT('',(68.0967623295816,-36.4753001392276,-2.));
#14595=CARTESIAN_POINT('',(65.8467623295816,-35.1762620335509,-2.));
#14596=CARTESIAN_POINT('',(64.3467623295815,-35.1762620335509,-2.));
#14597=CARTESIAN_POINT('',(64.3467623295815,-35.1762620335509,-2.));
#14598=CARTESIAN_POINT('',(65.8467623295816,-35.1762620335509,-2.));
#14599=CARTESIAN_POINT('',(63.5967623295815,-36.4753001392276,-2.));
#14600=CARTESIAN_POINT('',(62.8467623295815,-37.7743382449043,-2.));
#14601=CARTESIAN_POINT('',(62.8467623295815,-37.7743382449043,-2.));
#14602=CARTESIAN_POINT('',(63.5967623295815,-36.4753001392276,-2.));
#14603=CARTESIAN_POINT('',(63.5967623295815,-39.0733763505809,-2.));
#14604=CARTESIAN_POINT('',(64.3467623295815,-40.3724144562577,-2.));
#14605=CARTESIAN_POINT('',(64.3467623295815,-40.3724144562577,-2.));
#14606=CARTESIAN_POINT('',(63.5967623295815,-39.0733763505809,-2.));
#14607=CARTESIAN_POINT('',(65.8467623295815,-40.3724144562577,-2.));
#14608=CARTESIAN_POINT('',(65.8467623295815,-40.3724144562577,-2.));
#14609=CARTESIAN_POINT('',(108.096762329582,47.5291640278629,-2.));
#14610=CARTESIAN_POINT('',(108.846762329582,48.8282021335396,-2.));
#14611=CARTESIAN_POINT('',(108.846762329582,48.8282021335396,-2.));
#14612=CARTESIAN_POINT('',(108.096762329582,47.5291640278629,-2.));
#14613=CARTESIAN_POINT('',(107.346762329582,46.2301259221862,-2.));
#14614=CARTESIAN_POINT('',(107.346762329582,46.2301259221862,-2.));
#14615=CARTESIAN_POINT('',(108.096762329582,50.1272402392162,-2.));
#14616=CARTESIAN_POINT('',(107.346762329582,51.4262783448929,-2.));
#14617=CARTESIAN_POINT('',(107.346762329582,51.4262783448929,-2.));
#14618=CARTESIAN_POINT('',(108.096762329582,50.1272402392162,-2.));
#14619=CARTESIAN_POINT('',(105.846762329582,51.4262783448929,-2.));
#14620=CARTESIAN_POINT('',(104.346762329581,51.4262783448929,-2.));
#14621=CARTESIAN_POINT('',(104.346762329581,51.4262783448929,-2.));
#14622=CARTESIAN_POINT('',(105.846762329582,51.4262783448929,-2.));
#14623=CARTESIAN_POINT('',(103.596762329581,50.1272402392162,-2.));
#14624=CARTESIAN_POINT('',(102.846762329581,48.8282021335396,-2.));
#14625=CARTESIAN_POINT('',(102.846762329581,48.8282021335396,-2.));
#14626=CARTESIAN_POINT('',(103.596762329581,50.1272402392162,-2.));
#14627=CARTESIAN_POINT('',(103.596762329581,47.5291640278629,-2.));
#14628=CARTESIAN_POINT('',(104.346762329581,46.2301259221862,-2.));
#14629=CARTESIAN_POINT('',(104.346762329581,46.2301259221862,-2.));
#14630=CARTESIAN_POINT('',(103.596762329581,47.5291640278629,-2.));
#14631=CARTESIAN_POINT('',(105.846762329581,46.2301259221862,-2.));
#14632=CARTESIAN_POINT('',(105.846762329581,46.2301259221862,-2.));
#14633=CARTESIAN_POINT('',(103.096762329582,38.8689099900185,-2.));
#14634=CARTESIAN_POINT('',(103.846762329582,40.1679480956952,-2.));
#14635=CARTESIAN_POINT('',(103.846762329582,40.1679480956952,-2.));
#14636=CARTESIAN_POINT('',(103.096762329582,38.8689099900185,-2.));
#14637=CARTESIAN_POINT('',(102.346762329582,37.5698718843419,-2.));
#14638=CARTESIAN_POINT('',(102.346762329582,37.5698718843419,-2.));
#14639=CARTESIAN_POINT('',(103.096762329582,41.4669862013718,-2.));
#14640=CARTESIAN_POINT('',(102.346762329582,42.7660243070485,-2.));
#14641=CARTESIAN_POINT('',(102.346762329582,42.7660243070485,-2.));
#14642=CARTESIAN_POINT('',(103.096762329582,41.4669862013718,-2.));
#14643=CARTESIAN_POINT('',(100.846762329582,42.7660243070485,-2.));
#14644=CARTESIAN_POINT('',(99.3467623295815,42.7660243070485,-2.));
#14645=CARTESIAN_POINT('',(99.3467623295815,42.7660243070485,-2.));
#14646=CARTESIAN_POINT('',(100.846762329582,42.7660243070485,-2.));
#14647=CARTESIAN_POINT('',(98.5967623295815,41.4669862013718,-2.));
#14648=CARTESIAN_POINT('',(97.8467623295815,40.1679480956952,-2.));
#14649=CARTESIAN_POINT('',(97.8467623295815,40.1679480956952,-2.));
#14650=CARTESIAN_POINT('',(98.5967623295815,41.4669862013718,-2.));
#14651=CARTESIAN_POINT('',(98.5967623295815,38.8689099900185,-2.));
#14652=CARTESIAN_POINT('',(99.3467623295815,37.5698718843419,-2.));
#14653=CARTESIAN_POINT('',(99.3467623295815,37.5698718843419,-2.));
#14654=CARTESIAN_POINT('',(98.5967623295815,38.8689099900185,-2.));
#14655=CARTESIAN_POINT('',(100.846762329581,37.5698718843419,-2.));
#14656=CARTESIAN_POINT('',(100.846762329581,37.5698718843419,-2.));
#14657=CARTESIAN_POINT('',(98.0967623295816,30.2086559521741,-2.));
#14658=CARTESIAN_POINT('',(98.8467623295816,31.5076940578508,-2.));
#14659=CARTESIAN_POINT('',(98.8467623295816,31.5076940578508,-2.));
#14660=CARTESIAN_POINT('',(98.0967623295816,30.2086559521741,-2.));
#14661=CARTESIAN_POINT('',(97.3467623295816,28.9096178464975,-2.));
#14662=CARTESIAN_POINT('',(97.3467623295816,28.9096178464975,-2.));
#14663=CARTESIAN_POINT('',(98.0967623295816,32.8067321635274,-2.));
#14664=CARTESIAN_POINT('',(97.3467623295816,34.1057702692042,-2.));
#14665=CARTESIAN_POINT('',(97.3467623295816,34.1057702692042,-2.));
#14666=CARTESIAN_POINT('',(98.0967623295816,32.8067321635274,-2.));
#14667=CARTESIAN_POINT('',(95.8467623295816,34.1057702692042,-2.));
#14668=CARTESIAN_POINT('',(94.3467623295815,34.1057702692041,-2.));
#14669=CARTESIAN_POINT('',(94.3467623295815,34.1057702692041,-2.));
#14670=CARTESIAN_POINT('',(95.8467623295816,34.1057702692042,-2.));
#14671=CARTESIAN_POINT('',(93.5967623295815,32.8067321635274,-2.));
#14672=CARTESIAN_POINT('',(92.8467623295815,31.5076940578508,-2.));
#14673=CARTESIAN_POINT('',(92.8467623295815,31.5076940578508,-2.));
#14674=CARTESIAN_POINT('',(93.5967623295815,32.8067321635274,-2.));
#14675=CARTESIAN_POINT('',(93.5967623295815,30.2086559521741,-2.));
#14676=CARTESIAN_POINT('',(94.3467623295815,28.9096178464975,-2.));
#14677=CARTESIAN_POINT('',(94.3467623295815,28.9096178464975,-2.));
#14678=CARTESIAN_POINT('',(93.5967623295815,30.2086559521741,-2.));
#14679=CARTESIAN_POINT('',(95.8467623295815,28.9096178464975,-2.));
#14680=CARTESIAN_POINT('',(95.8467623295815,28.9096178464975,-2.));
#14681=CARTESIAN_POINT('',(93.0967623295816,21.5484019143297,-2.));
#14682=CARTESIAN_POINT('',(93.8467623295816,22.8474400200064,-2.));
#14683=CARTESIAN_POINT('',(93.8467623295816,22.8474400200064,-2.));
#14684=CARTESIAN_POINT('',(93.0967623295816,21.5484019143297,-2.));
#14685=CARTESIAN_POINT('',(92.3467623295816,20.2493638086531,-2.));
#14686=CARTESIAN_POINT('',(92.3467623295816,20.2493638086531,-2.));
#14687=CARTESIAN_POINT('',(93.0967623295816,24.1464781256831,-2.));
#14688=CARTESIAN_POINT('',(92.3467623295816,25.4455162313598,-2.));
#14689=CARTESIAN_POINT('',(92.3467623295816,25.4455162313598,-2.));
#14690=CARTESIAN_POINT('',(93.0967623295816,24.1464781256831,-2.));
#14691=CARTESIAN_POINT('',(90.8467623295816,25.4455162313598,-2.));
#14692=CARTESIAN_POINT('',(89.3467623295815,25.4455162313598,-2.));
#14693=CARTESIAN_POINT('',(89.3467623295815,25.4455162313598,-2.));
#14694=CARTESIAN_POINT('',(90.8467623295816,25.4455162313598,-2.));
#14695=CARTESIAN_POINT('',(88.5967623295815,24.146478125683,-2.));
#14696=CARTESIAN_POINT('',(87.8467623295815,22.8474400200064,-2.));
#14697=CARTESIAN_POINT('',(87.8467623295815,22.8474400200064,-2.));
#14698=CARTESIAN_POINT('',(88.5967623295815,24.146478125683,-2.));
#14699=CARTESIAN_POINT('',(88.5967623295815,21.5484019143297,-2.));
#14700=CARTESIAN_POINT('',(89.3467623295815,20.2493638086531,-2.));
#14701=CARTESIAN_POINT('',(89.3467623295815,20.2493638086531,-2.));
#14702=CARTESIAN_POINT('',(88.5967623295815,21.5484019143297,-2.));
#14703=CARTESIAN_POINT('',(90.8467623295815,20.2493638086531,-2.));
#14704=CARTESIAN_POINT('',(90.8467623295815,20.2493638086531,-2.));
#14705=CARTESIAN_POINT('',(88.0967623295816,12.8881478764853,-2.));
#14706=CARTESIAN_POINT('',(88.8467623295816,14.187185982162,-2.));
#14707=CARTESIAN_POINT('',(88.8467623295816,14.187185982162,-2.));
#14708=CARTESIAN_POINT('',(88.0967623295816,12.8881478764853,-2.));
#14709=CARTESIAN_POINT('',(87.3467623295816,11.5891097708087,-2.));
#14710=CARTESIAN_POINT('',(87.3467623295816,11.5891097708087,-2.));
#14711=CARTESIAN_POINT('',(88.0967623295816,15.4862240878387,-2.));
#14712=CARTESIAN_POINT('',(87.3467623295816,16.7852621935154,-2.));
#14713=CARTESIAN_POINT('',(87.3467623295816,16.7852621935154,-2.));
#14714=CARTESIAN_POINT('',(88.0967623295816,15.4862240878387,-2.));
#14715=CARTESIAN_POINT('',(85.8467623295816,16.7852621935154,-2.));
#14716=CARTESIAN_POINT('',(84.3467623295815,16.7852621935154,-2.));
#14717=CARTESIAN_POINT('',(84.3467623295815,16.7852621935154,-2.));
#14718=CARTESIAN_POINT('',(85.8467623295816,16.7852621935154,-2.));
#14719=CARTESIAN_POINT('',(83.5967623295815,15.4862240878387,-2.));
#14720=CARTESIAN_POINT('',(82.8467623295815,14.187185982162,-2.));
#14721=CARTESIAN_POINT('',(82.8467623295815,14.187185982162,-2.));
#14722=CARTESIAN_POINT('',(83.5967623295815,15.4862240878387,-2.));
#14723=CARTESIAN_POINT('',(83.5967623295815,12.8881478764853,-2.));
#14724=CARTESIAN_POINT('',(84.3467623295815,11.5891097708087,-2.));
#14725=CARTESIAN_POINT('',(84.3467623295815,11.5891097708087,-2.));
#14726=CARTESIAN_POINT('',(83.5967623295815,12.8881478764853,-2.));
#14727=CARTESIAN_POINT('',(85.8467623295815,11.5891097708087,-2.));
#14728=CARTESIAN_POINT('',(85.8467623295815,11.5891097708087,-2.));
#14729=CARTESIAN_POINT('',(83.0967623295816,4.22789383864096,-2.));
#14730=CARTESIAN_POINT('',(83.8467623295816,5.52693194431764,-2.));
#14731=CARTESIAN_POINT('',(83.8467623295816,5.52693194431764,-2.));
#14732=CARTESIAN_POINT('',(83.0967623295816,4.22789383864096,-2.));
#14733=CARTESIAN_POINT('',(82.3467623295816,2.9288557329643,-2.));
#14734=CARTESIAN_POINT('',(82.3467623295816,2.9288557329643,-2.));
#14735=CARTESIAN_POINT('',(83.0967623295816,6.8259700499943,-2.));
#14736=CARTESIAN_POINT('',(82.3467623295816,8.12500815567097,-2.));
#14737=CARTESIAN_POINT('',(82.3467623295816,8.12500815567097,-2.));
#14738=CARTESIAN_POINT('',(83.0967623295816,6.8259700499943,-2.));
#14739=CARTESIAN_POINT('',(80.8467623295816,8.12500815567097,-2.));
#14740=CARTESIAN_POINT('',(79.3467623295815,8.12500815567095,-2.));
#14741=CARTESIAN_POINT('',(79.3467623295815,8.12500815567095,-2.));
#14742=CARTESIAN_POINT('',(80.8467623295816,8.12500815567097,-2.));
#14743=CARTESIAN_POINT('',(78.5967623295815,6.82597004999428,-2.));
#14744=CARTESIAN_POINT('',(77.8467623295815,5.52693194431762,-2.));
#14745=CARTESIAN_POINT('',(77.8467623295815,5.52693194431762,-2.));
#14746=CARTESIAN_POINT('',(78.5967623295815,6.82597004999428,-2.));
#14747=CARTESIAN_POINT('',(78.5967623295815,4.22789383864095,-2.));
#14748=CARTESIAN_POINT('',(79.3467623295815,2.9288557329643,-2.));
#14749=CARTESIAN_POINT('',(79.3467623295815,2.9288557329643,-2.));
#14750=CARTESIAN_POINT('',(78.5967623295815,4.22789383864095,-2.));
#14751=CARTESIAN_POINT('',(80.8467623295815,2.9288557329643,-2.));
#14752=CARTESIAN_POINT('',(80.8467623295815,2.9288557329643,-2.));
#14753=CARTESIAN_POINT('',(78.0967623295816,-4.43236019920341,-2.));
#14754=CARTESIAN_POINT('',(78.8467623295816,-3.13332209352675,-2.));
#14755=CARTESIAN_POINT('',(78.8467623295816,-3.13332209352675,-2.));
#14756=CARTESIAN_POINT('',(78.0967623295816,-4.43236019920341,-2.));
#14757=CARTESIAN_POINT('',(77.3467623295816,-5.73139830488009,-2.));
#14758=CARTESIAN_POINT('',(77.3467623295816,-5.73139830488009,-2.));
#14759=CARTESIAN_POINT('',(78.0967623295816,-1.83428398785008,-2.));
#14760=CARTESIAN_POINT('',(77.3467623295816,-0.535245882173414,-2.));
#14761=CARTESIAN_POINT('',(77.3467623295816,-0.535245882173414,-2.));
#14762=CARTESIAN_POINT('',(78.0967623295816,-1.83428398785008,-2.));
#14763=CARTESIAN_POINT('',(75.8467623295816,-0.535245882173414,-2.));
#14764=CARTESIAN_POINT('',(74.3467623295815,-0.535245882173428,-2.));
#14765=CARTESIAN_POINT('',(74.3467623295815,-0.535245882173428,-2.));
#14766=CARTESIAN_POINT('',(75.8467623295816,-0.535245882173414,-2.));
#14767=CARTESIAN_POINT('',(73.5967623295815,-1.8342839878501,-2.));
#14768=CARTESIAN_POINT('',(72.8467623295815,-3.13332209352676,-2.));
#14769=CARTESIAN_POINT('',(72.8467623295815,-3.13332209352676,-2.));
#14770=CARTESIAN_POINT('',(73.5967623295815,-1.8342839878501,-2.));
#14771=CARTESIAN_POINT('',(73.5967623295815,-4.43236019920343,-2.));
#14772=CARTESIAN_POINT('',(74.3467623295815,-5.73139830488009,-2.));
#14773=CARTESIAN_POINT('',(74.3467623295815,-5.73139830488009,-2.));
#14774=CARTESIAN_POINT('',(73.5967623295815,-4.43236019920343,-2.));
#14775=CARTESIAN_POINT('',(75.8467623295815,-5.73139830488009,-2.));
#14776=CARTESIAN_POINT('',(75.8467623295815,-5.73139830488009,-2.));
#14777=CARTESIAN_POINT('',(73.0967623295816,-13.0926142370478,-2.));
#14778=CARTESIAN_POINT('',(73.8467623295816,-11.7935761313711,-2.));
#14779=CARTESIAN_POINT('',(73.8467623295816,-11.7935761313711,-2.));
#14780=CARTESIAN_POINT('',(73.0967623295816,-13.0926142370478,-2.));
#14781=CARTESIAN_POINT('',(72.3467623295816,-14.3916523427245,-2.));
#14782=CARTESIAN_POINT('',(72.3467623295816,-14.3916523427245,-2.));
#14783=CARTESIAN_POINT('',(73.0967623295816,-10.4945380256945,-2.));
#14784=CARTESIAN_POINT('',(72.3467623295816,-9.19549992001781,-2.));
#14785=CARTESIAN_POINT('',(72.3467623295816,-9.19549992001781,-2.));
#14786=CARTESIAN_POINT('',(73.0967623295816,-10.4945380256945,-2.));
#14787=CARTESIAN_POINT('',(70.8467623295816,-9.19549992001781,-2.));
#14788=CARTESIAN_POINT('',(69.3467623295815,-9.19549992001782,-2.));
#14789=CARTESIAN_POINT('',(69.3467623295815,-9.19549992001782,-2.));
#14790=CARTESIAN_POINT('',(70.8467623295816,-9.19549992001781,-2.));
#14791=CARTESIAN_POINT('',(68.5967623295815,-10.4945380256945,-2.));
#14792=CARTESIAN_POINT('',(67.8467623295815,-11.7935761313712,-2.));
#14793=CARTESIAN_POINT('',(67.8467623295815,-11.7935761313712,-2.));
#14794=CARTESIAN_POINT('',(68.5967623295815,-10.4945380256945,-2.));
#14795=CARTESIAN_POINT('',(68.5967623295815,-13.0926142370478,-2.));
#14796=CARTESIAN_POINT('',(69.3467623295815,-14.3916523427245,-2.));
#14797=CARTESIAN_POINT('',(69.3467623295815,-14.3916523427245,-2.));
#14798=CARTESIAN_POINT('',(68.5967623295815,-13.0926142370478,-2.));
#14799=CARTESIAN_POINT('',(70.8467623295815,-14.3916523427245,-2.));
#14800=CARTESIAN_POINT('',(70.8467623295815,-14.3916523427245,-2.));
#14801=CARTESIAN_POINT('',(68.0967623295816,-21.7528682748922,-2.));
#14802=CARTESIAN_POINT('',(68.8467623295816,-20.4538301692155,-2.));
#14803=CARTESIAN_POINT('',(68.8467623295816,-20.4538301692155,-2.));
#14804=CARTESIAN_POINT('',(68.0967623295816,-21.7528682748922,-2.));
#14805=CARTESIAN_POINT('',(67.3467623295816,-23.0519063805689,-2.));
#14806=CARTESIAN_POINT('',(67.3467623295816,-23.0519063805689,-2.));
#14807=CARTESIAN_POINT('',(68.0967623295816,-19.1547920635388,-2.));
#14808=CARTESIAN_POINT('',(67.3467623295816,-17.8557539578622,-2.));
#14809=CARTESIAN_POINT('',(67.3467623295816,-17.8557539578622,-2.));
#14810=CARTESIAN_POINT('',(68.0967623295816,-19.1547920635388,-2.));
#14811=CARTESIAN_POINT('',(65.8467623295816,-17.8557539578622,-2.));
#14812=CARTESIAN_POINT('',(64.3467623295815,-17.8557539578622,-2.));
#14813=CARTESIAN_POINT('',(64.3467623295815,-17.8557539578622,-2.));
#14814=CARTESIAN_POINT('',(65.8467623295816,-17.8557539578622,-2.));
#14815=CARTESIAN_POINT('',(63.5967623295815,-19.1547920635389,-2.));
#14816=CARTESIAN_POINT('',(62.8467623295815,-20.4538301692155,-2.));
#14817=CARTESIAN_POINT('',(62.8467623295815,-20.4538301692155,-2.));
#14818=CARTESIAN_POINT('',(63.5967623295815,-19.1547920635389,-2.));
#14819=CARTESIAN_POINT('',(63.5967623295815,-21.7528682748922,-2.));
#14820=CARTESIAN_POINT('',(64.3467623295815,-23.0519063805689,-2.));
#14821=CARTESIAN_POINT('',(64.3467623295815,-23.0519063805689,-2.));
#14822=CARTESIAN_POINT('',(63.5967623295815,-21.7528682748922,-2.));
#14823=CARTESIAN_POINT('',(65.8467623295815,-23.0519063805689,-2.));
#14824=CARTESIAN_POINT('',(65.8467623295815,-23.0519063805689,-2.));
#14825=CARTESIAN_POINT('',(98.0967623295816,47.5291640278629,-2.));
#14826=CARTESIAN_POINT('',(98.8467623295816,48.8282021335396,-2.));
#14827=CARTESIAN_POINT('',(98.8467623295816,48.8282021335396,-2.));
#14828=CARTESIAN_POINT('',(98.0967623295816,47.5291640278629,-2.));
#14829=CARTESIAN_POINT('',(97.3467623295816,46.2301259221862,-2.));
#14830=CARTESIAN_POINT('',(97.3467623295816,46.2301259221862,-2.));
#14831=CARTESIAN_POINT('',(98.0967623295816,50.1272402392162,-2.));
#14832=CARTESIAN_POINT('',(97.3467623295816,51.4262783448929,-2.));
#14833=CARTESIAN_POINT('',(97.3467623295816,51.4262783448929,-2.));
#14834=CARTESIAN_POINT('',(98.0967623295816,50.1272402392162,-2.));
#14835=CARTESIAN_POINT('',(95.8467623295816,51.4262783448929,-2.));
#14836=CARTESIAN_POINT('',(94.3467623295815,51.4262783448929,-2.));
#14837=CARTESIAN_POINT('',(94.3467623295815,51.4262783448929,-2.));
#14838=CARTESIAN_POINT('',(95.8467623295816,51.4262783448929,-2.));
#14839=CARTESIAN_POINT('',(93.5967623295815,50.1272402392162,-2.));
#14840=CARTESIAN_POINT('',(92.8467623295815,48.8282021335396,-2.));
#14841=CARTESIAN_POINT('',(92.8467623295815,48.8282021335396,-2.));
#14842=CARTESIAN_POINT('',(93.5967623295815,50.1272402392162,-2.));
#14843=CARTESIAN_POINT('',(93.5967623295815,47.5291640278629,-2.));
#14844=CARTESIAN_POINT('',(94.3467623295815,46.2301259221862,-2.));
#14845=CARTESIAN_POINT('',(94.3467623295815,46.2301259221862,-2.));
#14846=CARTESIAN_POINT('',(93.5967623295815,47.5291640278629,-2.));
#14847=CARTESIAN_POINT('',(95.8467623295815,46.2301259221862,-2.));
#14848=CARTESIAN_POINT('',(95.8467623295815,46.2301259221862,-2.));
#14849=CARTESIAN_POINT('',(93.0967623295816,38.8689099900185,-2.));
#14850=CARTESIAN_POINT('',(93.8467623295816,40.1679480956952,-2.));
#14851=CARTESIAN_POINT('',(93.8467623295816,40.1679480956952,-2.));
#14852=CARTESIAN_POINT('',(93.0967623295816,38.8689099900185,-2.));
#14853=CARTESIAN_POINT('',(92.3467623295816,37.5698718843419,-2.));
#14854=CARTESIAN_POINT('',(92.3467623295816,37.5698718843419,-2.));
#14855=CARTESIAN_POINT('',(93.0967623295816,41.4669862013718,-2.));
#14856=CARTESIAN_POINT('',(92.3467623295816,42.7660243070485,-2.));
#14857=CARTESIAN_POINT('',(92.3467623295816,42.7660243070485,-2.));
#14858=CARTESIAN_POINT('',(93.0967623295816,41.4669862013718,-2.));
#14859=CARTESIAN_POINT('',(90.8467623295816,42.7660243070485,-2.));
#14860=CARTESIAN_POINT('',(89.3467623295815,42.7660243070485,-2.));
#14861=CARTESIAN_POINT('',(89.3467623295815,42.7660243070485,-2.));
#14862=CARTESIAN_POINT('',(90.8467623295816,42.7660243070485,-2.));
#14863=CARTESIAN_POINT('',(88.5967623295815,41.4669862013718,-2.));
#14864=CARTESIAN_POINT('',(87.8467623295815,40.1679480956952,-2.));
#14865=CARTESIAN_POINT('',(87.8467623295815,40.1679480956952,-2.));
#14866=CARTESIAN_POINT('',(88.5967623295815,41.4669862013718,-2.));
#14867=CARTESIAN_POINT('',(88.5967623295815,38.8689099900185,-2.));
#14868=CARTESIAN_POINT('',(89.3467623295815,37.5698718843419,-2.));
#14869=CARTESIAN_POINT('',(89.3467623295815,37.5698718843419,-2.));
#14870=CARTESIAN_POINT('',(88.5967623295815,38.8689099900185,-2.));
#14871=CARTESIAN_POINT('',(90.8467623295815,37.5698718843419,-2.));
#14872=CARTESIAN_POINT('',(90.8467623295815,37.5698718843419,-2.));
#14873=CARTESIAN_POINT('',(88.0967623295816,30.2086559521741,-2.));
#14874=CARTESIAN_POINT('',(88.8467623295816,31.5076940578508,-2.));
#14875=CARTESIAN_POINT('',(88.8467623295816,31.5076940578508,-2.));
#14876=CARTESIAN_POINT('',(88.0967623295816,30.2086559521741,-2.));
#14877=CARTESIAN_POINT('',(87.3467623295816,28.9096178464975,-2.));
#14878=CARTESIAN_POINT('',(87.3467623295816,28.9096178464975,-2.));
#14879=CARTESIAN_POINT('',(88.0967623295816,32.8067321635274,-2.));
#14880=CARTESIAN_POINT('',(87.3467623295816,34.1057702692042,-2.));
#14881=CARTESIAN_POINT('',(87.3467623295816,34.1057702692042,-2.));
#14882=CARTESIAN_POINT('',(88.0967623295816,32.8067321635274,-2.));
#14883=CARTESIAN_POINT('',(85.8467623295816,34.1057702692042,-2.));
#14884=CARTESIAN_POINT('',(84.3467623295815,34.1057702692041,-2.));
#14885=CARTESIAN_POINT('',(84.3467623295815,34.1057702692041,-2.));
#14886=CARTESIAN_POINT('',(85.8467623295816,34.1057702692042,-2.));
#14887=CARTESIAN_POINT('',(83.5967623295815,32.8067321635274,-2.));
#14888=CARTESIAN_POINT('',(82.8467623295815,31.5076940578508,-2.));
#14889=CARTESIAN_POINT('',(82.8467623295815,31.5076940578508,-2.));
#14890=CARTESIAN_POINT('',(83.5967623295815,32.8067321635274,-2.));
#14891=CARTESIAN_POINT('',(83.5967623295815,30.2086559521741,-2.));
#14892=CARTESIAN_POINT('',(84.3467623295815,28.9096178464975,-2.));
#14893=CARTESIAN_POINT('',(84.3467623295815,28.9096178464975,-2.));
#14894=CARTESIAN_POINT('',(83.5967623295815,30.2086559521741,-2.));
#14895=CARTESIAN_POINT('',(85.8467623295815,28.9096178464975,-2.));
#14896=CARTESIAN_POINT('',(85.8467623295815,28.9096178464975,-2.));
#14897=CARTESIAN_POINT('',(83.0967623295816,21.5484019143297,-2.));
#14898=CARTESIAN_POINT('',(83.8467623295816,22.8474400200064,-2.));
#14899=CARTESIAN_POINT('',(83.8467623295816,22.8474400200064,-2.));
#14900=CARTESIAN_POINT('',(83.0967623295816,21.5484019143297,-2.));
#14901=CARTESIAN_POINT('',(82.3467623295816,20.2493638086531,-2.));
#14902=CARTESIAN_POINT('',(82.3467623295816,20.2493638086531,-2.));
#14903=CARTESIAN_POINT('',(83.0967623295816,24.1464781256831,-2.));
#14904=CARTESIAN_POINT('',(82.3467623295816,25.4455162313598,-2.));
#14905=CARTESIAN_POINT('',(82.3467623295816,25.4455162313598,-2.));
#14906=CARTESIAN_POINT('',(83.0967623295816,24.1464781256831,-2.));
#14907=CARTESIAN_POINT('',(80.8467623295816,25.4455162313598,-2.));
#14908=CARTESIAN_POINT('',(79.3467623295815,25.4455162313598,-2.));
#14909=CARTESIAN_POINT('',(79.3467623295815,25.4455162313598,-2.));
#14910=CARTESIAN_POINT('',(80.8467623295816,25.4455162313598,-2.));
#14911=CARTESIAN_POINT('',(78.5967623295815,24.146478125683,-2.));
#14912=CARTESIAN_POINT('',(77.8467623295815,22.8474400200064,-2.));
#14913=CARTESIAN_POINT('',(77.8467623295815,22.8474400200064,-2.));
#14914=CARTESIAN_POINT('',(78.5967623295815,24.146478125683,-2.));
#14915=CARTESIAN_POINT('',(78.5967623295815,21.5484019143297,-2.));
#14916=CARTESIAN_POINT('',(79.3467623295815,20.2493638086531,-2.));
#14917=CARTESIAN_POINT('',(79.3467623295815,20.2493638086531,-2.));
#14918=CARTESIAN_POINT('',(78.5967623295815,21.5484019143297,-2.));
#14919=CARTESIAN_POINT('',(80.8467623295815,20.2493638086531,-2.));
#14920=CARTESIAN_POINT('',(80.8467623295815,20.2493638086531,-2.));
#14921=CARTESIAN_POINT('',(78.0967623295816,12.8881478764853,-2.));
#14922=CARTESIAN_POINT('',(78.8467623295816,14.187185982162,-2.));
#14923=CARTESIAN_POINT('',(78.8467623295816,14.187185982162,-2.));
#14924=CARTESIAN_POINT('',(78.0967623295816,12.8881478764853,-2.));
#14925=CARTESIAN_POINT('',(77.3467623295816,11.5891097708087,-2.));
#14926=CARTESIAN_POINT('',(77.3467623295816,11.5891097708087,-2.));
#14927=CARTESIAN_POINT('',(78.0967623295816,15.4862240878387,-2.));
#14928=CARTESIAN_POINT('',(77.3467623295816,16.7852621935154,-2.));
#14929=CARTESIAN_POINT('',(77.3467623295816,16.7852621935154,-2.));
#14930=CARTESIAN_POINT('',(78.0967623295816,15.4862240878387,-2.));
#14931=CARTESIAN_POINT('',(75.8467623295816,16.7852621935154,-2.));
#14932=CARTESIAN_POINT('',(74.3467623295815,16.7852621935154,-2.));
#14933=CARTESIAN_POINT('',(74.3467623295815,16.7852621935154,-2.));
#14934=CARTESIAN_POINT('',(75.8467623295816,16.7852621935154,-2.));
#14935=CARTESIAN_POINT('',(73.5967623295815,15.4862240878387,-2.));
#14936=CARTESIAN_POINT('',(72.8467623295815,14.187185982162,-2.));
#14937=CARTESIAN_POINT('',(72.8467623295815,14.187185982162,-2.));
#14938=CARTESIAN_POINT('',(73.5967623295815,15.4862240878387,-2.));
#14939=CARTESIAN_POINT('',(73.5967623295815,12.8881478764853,-2.));
#14940=CARTESIAN_POINT('',(74.3467623295815,11.5891097708087,-2.));
#14941=CARTESIAN_POINT('',(74.3467623295815,11.5891097708087,-2.));
#14942=CARTESIAN_POINT('',(73.5967623295815,12.8881478764853,-2.));
#14943=CARTESIAN_POINT('',(75.8467623295815,11.5891097708087,-2.));
#14944=CARTESIAN_POINT('',(75.8467623295815,11.5891097708087,-2.));
#14945=CARTESIAN_POINT('',(73.0967623295816,4.22789383864096,-2.));
#14946=CARTESIAN_POINT('',(73.8467623295816,5.52693194431764,-2.));
#14947=CARTESIAN_POINT('',(73.8467623295816,5.52693194431764,-2.));
#14948=CARTESIAN_POINT('',(73.0967623295816,4.22789383864096,-2.));
#14949=CARTESIAN_POINT('',(72.3467623295816,2.9288557329643,-2.));
#14950=CARTESIAN_POINT('',(72.3467623295816,2.9288557329643,-2.));
#14951=CARTESIAN_POINT('',(73.0967623295816,6.8259700499943,-2.));
#14952=CARTESIAN_POINT('',(72.3467623295816,8.12500815567097,-2.));
#14953=CARTESIAN_POINT('',(72.3467623295816,8.12500815567097,-2.));
#14954=CARTESIAN_POINT('',(73.0967623295816,6.8259700499943,-2.));
#14955=CARTESIAN_POINT('',(70.8467623295816,8.12500815567097,-2.));
#14956=CARTESIAN_POINT('',(69.3467623295815,8.12500815567095,-2.));
#14957=CARTESIAN_POINT('',(69.3467623295815,8.12500815567095,-2.));
#14958=CARTESIAN_POINT('',(70.8467623295816,8.12500815567097,-2.));
#14959=CARTESIAN_POINT('',(68.5967623295815,6.82597004999428,-2.));
#14960=CARTESIAN_POINT('',(67.8467623295815,5.52693194431762,-2.));
#14961=CARTESIAN_POINT('',(67.8467623295815,5.52693194431762,-2.));
#14962=CARTESIAN_POINT('',(68.5967623295815,6.82597004999428,-2.));
#14963=CARTESIAN_POINT('',(68.5967623295815,4.22789383864095,-2.));
#14964=CARTESIAN_POINT('',(69.3467623295815,2.9288557329643,-2.));
#14965=CARTESIAN_POINT('',(69.3467623295815,2.9288557329643,-2.));
#14966=CARTESIAN_POINT('',(68.5967623295815,4.22789383864095,-2.));
#14967=CARTESIAN_POINT('',(70.8467623295815,2.9288557329643,-2.));
#14968=CARTESIAN_POINT('',(70.8467623295815,2.9288557329643,-2.));
#14969=CARTESIAN_POINT('',(68.0967623295816,-4.43236019920341,-2.));
#14970=CARTESIAN_POINT('',(68.8467623295816,-3.13332209352675,-2.));
#14971=CARTESIAN_POINT('',(68.8467623295816,-3.13332209352675,-2.));
#14972=CARTESIAN_POINT('',(68.0967623295816,-4.43236019920341,-2.));
#14973=CARTESIAN_POINT('',(67.3467623295816,-5.73139830488009,-2.));
#14974=CARTESIAN_POINT('',(67.3467623295816,-5.73139830488009,-2.));
#14975=CARTESIAN_POINT('',(68.0967623295816,-1.83428398785008,-2.));
#14976=CARTESIAN_POINT('',(67.3467623295816,-0.535245882173414,-2.));
#14977=CARTESIAN_POINT('',(67.3467623295816,-0.535245882173414,-2.));
#14978=CARTESIAN_POINT('',(68.0967623295816,-1.83428398785008,-2.));
#14979=CARTESIAN_POINT('',(65.8467623295816,-0.535245882173414,-2.));
#14980=CARTESIAN_POINT('',(64.3467623295815,-0.535245882173428,-2.));
#14981=CARTESIAN_POINT('',(64.3467623295815,-0.535245882173428,-2.));
#14982=CARTESIAN_POINT('',(65.8467623295816,-0.535245882173414,-2.));
#14983=CARTESIAN_POINT('',(63.5967623295815,-1.8342839878501,-2.));
#14984=CARTESIAN_POINT('',(62.8467623295815,-3.13332209352676,-2.));
#14985=CARTESIAN_POINT('',(62.8467623295815,-3.13332209352676,-2.));
#14986=CARTESIAN_POINT('',(63.5967623295815,-1.8342839878501,-2.));
#14987=CARTESIAN_POINT('',(63.5967623295815,-4.43236019920343,-2.));
#14988=CARTESIAN_POINT('',(64.3467623295815,-5.73139830488009,-2.));
#14989=CARTESIAN_POINT('',(64.3467623295815,-5.73139830488009,-2.));
#14990=CARTESIAN_POINT('',(63.5967623295815,-4.43236019920343,-2.));
#14991=CARTESIAN_POINT('',(65.8467623295815,-5.73139830488009,-2.));
#14992=CARTESIAN_POINT('',(65.8467623295815,-5.73139830488009,-2.));
#14993=CARTESIAN_POINT('',(88.0967623295816,47.5291640278629,-2.));
#14994=CARTESIAN_POINT('',(88.8467623295816,48.8282021335396,-2.));
#14995=CARTESIAN_POINT('',(88.8467623295816,48.8282021335396,-2.));
#14996=CARTESIAN_POINT('',(88.0967623295816,47.5291640278629,-2.));
#14997=CARTESIAN_POINT('',(87.3467623295816,46.2301259221862,-2.));
#14998=CARTESIAN_POINT('',(87.3467623295816,46.2301259221862,-2.));
#14999=CARTESIAN_POINT('',(88.0967623295816,50.1272402392162,-2.));
#15000=CARTESIAN_POINT('',(87.3467623295816,51.4262783448929,-2.));
#15001=CARTESIAN_POINT('',(87.3467623295816,51.4262783448929,-2.));
#15002=CARTESIAN_POINT('',(88.0967623295816,50.1272402392162,-2.));
#15003=CARTESIAN_POINT('',(85.8467623295816,51.4262783448929,-2.));
#15004=CARTESIAN_POINT('',(84.3467623295815,51.4262783448929,-2.));
#15005=CARTESIAN_POINT('',(84.3467623295815,51.4262783448929,-2.));
#15006=CARTESIAN_POINT('',(85.8467623295816,51.4262783448929,-2.));
#15007=CARTESIAN_POINT('',(83.5967623295815,50.1272402392162,-2.));
#15008=CARTESIAN_POINT('',(82.8467623295815,48.8282021335396,-2.));
#15009=CARTESIAN_POINT('',(82.8467623295815,48.8282021335396,-2.));
#15010=CARTESIAN_POINT('',(83.5967623295815,50.1272402392162,-2.));
#15011=CARTESIAN_POINT('',(83.5967623295815,47.5291640278629,-2.));
#15012=CARTESIAN_POINT('',(84.3467623295815,46.2301259221862,-2.));
#15013=CARTESIAN_POINT('',(84.3467623295815,46.2301259221862,-2.));
#15014=CARTESIAN_POINT('',(83.5967623295815,47.5291640278629,-2.));
#15015=CARTESIAN_POINT('',(85.8467623295815,46.2301259221862,-2.));
#15016=CARTESIAN_POINT('',(85.8467623295815,46.2301259221862,-2.));
#15017=CARTESIAN_POINT('',(83.0967623295816,38.8689099900185,-2.));
#15018=CARTESIAN_POINT('',(83.8467623295816,40.1679480956952,-2.));
#15019=CARTESIAN_POINT('',(83.8467623295816,40.1679480956952,-2.));
#15020=CARTESIAN_POINT('',(83.0967623295816,38.8689099900185,-2.));
#15021=CARTESIAN_POINT('',(82.3467623295816,37.5698718843419,-2.));
#15022=CARTESIAN_POINT('',(82.3467623295816,37.5698718843419,-2.));
#15023=CARTESIAN_POINT('',(83.0967623295816,41.4669862013718,-2.));
#15024=CARTESIAN_POINT('',(82.3467623295816,42.7660243070485,-2.));
#15025=CARTESIAN_POINT('',(82.3467623295816,42.7660243070485,-2.));
#15026=CARTESIAN_POINT('',(83.0967623295816,41.4669862013718,-2.));
#15027=CARTESIAN_POINT('',(80.8467623295816,42.7660243070485,-2.));
#15028=CARTESIAN_POINT('',(79.3467623295815,42.7660243070485,-2.));
#15029=CARTESIAN_POINT('',(79.3467623295815,42.7660243070485,-2.));
#15030=CARTESIAN_POINT('',(80.8467623295816,42.7660243070485,-2.));
#15031=CARTESIAN_POINT('',(78.5967623295815,41.4669862013718,-2.));
#15032=CARTESIAN_POINT('',(77.8467623295815,40.1679480956952,-2.));
#15033=CARTESIAN_POINT('',(77.8467623295815,40.1679480956952,-2.));
#15034=CARTESIAN_POINT('',(78.5967623295815,41.4669862013718,-2.));
#15035=CARTESIAN_POINT('',(78.5967623295815,38.8689099900185,-2.));
#15036=CARTESIAN_POINT('',(79.3467623295815,37.5698718843419,-2.));
#15037=CARTESIAN_POINT('',(79.3467623295815,37.5698718843419,-2.));
#15038=CARTESIAN_POINT('',(78.5967623295815,38.8689099900185,-2.));
#15039=CARTESIAN_POINT('',(80.8467623295815,37.5698718843419,-2.));
#15040=CARTESIAN_POINT('',(80.8467623295815,37.5698718843419,-2.));
#15041=CARTESIAN_POINT('',(78.0967623295816,30.2086559521741,-2.));
#15042=CARTESIAN_POINT('',(78.8467623295816,31.5076940578508,-2.));
#15043=CARTESIAN_POINT('',(78.8467623295816,31.5076940578508,-2.));
#15044=CARTESIAN_POINT('',(78.0967623295816,30.2086559521741,-2.));
#15045=CARTESIAN_POINT('',(77.3467623295816,28.9096178464975,-2.));
#15046=CARTESIAN_POINT('',(77.3467623295816,28.9096178464975,-2.));
#15047=CARTESIAN_POINT('',(78.0967623295816,32.8067321635274,-2.));
#15048=CARTESIAN_POINT('',(77.3467623295816,34.1057702692042,-2.));
#15049=CARTESIAN_POINT('',(77.3467623295816,34.1057702692042,-2.));
#15050=CARTESIAN_POINT('',(78.0967623295816,32.8067321635274,-2.));
#15051=CARTESIAN_POINT('',(75.8467623295816,34.1057702692042,-2.));
#15052=CARTESIAN_POINT('',(74.3467623295815,34.1057702692041,-2.));
#15053=CARTESIAN_POINT('',(74.3467623295815,34.1057702692041,-2.));
#15054=CARTESIAN_POINT('',(75.8467623295816,34.1057702692042,-2.));
#15055=CARTESIAN_POINT('',(73.5967623295815,32.8067321635274,-2.));
#15056=CARTESIAN_POINT('',(72.8467623295815,31.5076940578508,-2.));
#15057=CARTESIAN_POINT('',(72.8467623295815,31.5076940578508,-2.));
#15058=CARTESIAN_POINT('',(73.5967623295815,32.8067321635274,-2.));
#15059=CARTESIAN_POINT('',(73.5967623295815,30.2086559521741,-2.));
#15060=CARTESIAN_POINT('',(74.3467623295815,28.9096178464975,-2.));
#15061=CARTESIAN_POINT('',(74.3467623295815,28.9096178464975,-2.));
#15062=CARTESIAN_POINT('',(73.5967623295815,30.2086559521741,-2.));
#15063=CARTESIAN_POINT('',(75.8467623295815,28.9096178464975,-2.));
#15064=CARTESIAN_POINT('',(75.8467623295815,28.9096178464975,-2.));
#15065=CARTESIAN_POINT('',(73.0967623295816,21.5484019143297,-2.));
#15066=CARTESIAN_POINT('',(73.8467623295816,22.8474400200064,-2.));
#15067=CARTESIAN_POINT('',(73.8467623295816,22.8474400200064,-2.));
#15068=CARTESIAN_POINT('',(73.0967623295816,21.5484019143297,-2.));
#15069=CARTESIAN_POINT('',(72.3467623295816,20.2493638086531,-2.));
#15070=CARTESIAN_POINT('',(72.3467623295816,20.2493638086531,-2.));
#15071=CARTESIAN_POINT('',(73.0967623295816,24.1464781256831,-2.));
#15072=CARTESIAN_POINT('',(72.3467623295816,25.4455162313598,-2.));
#15073=CARTESIAN_POINT('',(72.3467623295816,25.4455162313598,-2.));
#15074=CARTESIAN_POINT('',(73.0967623295816,24.1464781256831,-2.));
#15075=CARTESIAN_POINT('',(70.8467623295816,25.4455162313598,-2.));
#15076=CARTESIAN_POINT('',(69.3467623295815,25.4455162313598,-2.));
#15077=CARTESIAN_POINT('',(69.3467623295815,25.4455162313598,-2.));
#15078=CARTESIAN_POINT('',(70.8467623295816,25.4455162313598,-2.));
#15079=CARTESIAN_POINT('',(68.5967623295815,24.146478125683,-2.));
#15080=CARTESIAN_POINT('',(67.8467623295815,22.8474400200064,-2.));
#15081=CARTESIAN_POINT('',(67.8467623295815,22.8474400200064,-2.));
#15082=CARTESIAN_POINT('',(68.5967623295815,24.146478125683,-2.));
#15083=CARTESIAN_POINT('',(68.5967623295815,21.5484019143297,-2.));
#15084=CARTESIAN_POINT('',(69.3467623295815,20.2493638086531,-2.));
#15085=CARTESIAN_POINT('',(69.3467623295815,20.2493638086531,-2.));
#15086=CARTESIAN_POINT('',(68.5967623295815,21.5484019143297,-2.));
#15087=CARTESIAN_POINT('',(70.8467623295815,20.2493638086531,-2.));
#15088=CARTESIAN_POINT('',(70.8467623295815,20.2493638086531,-2.));
#15089=CARTESIAN_POINT('',(68.0967623295816,12.8881478764853,-2.));
#15090=CARTESIAN_POINT('',(68.8467623295816,14.187185982162,-2.));
#15091=CARTESIAN_POINT('',(68.8467623295816,14.187185982162,-2.));
#15092=CARTESIAN_POINT('',(68.0967623295816,12.8881478764853,-2.));
#15093=CARTESIAN_POINT('',(67.3467623295816,11.5891097708087,-2.));
#15094=CARTESIAN_POINT('',(67.3467623295816,11.5891097708087,-2.));
#15095=CARTESIAN_POINT('',(68.0967623295816,15.4862240878387,-2.));
#15096=CARTESIAN_POINT('',(67.3467623295816,16.7852621935154,-2.));
#15097=CARTESIAN_POINT('',(67.3467623295816,16.7852621935154,-2.));
#15098=CARTESIAN_POINT('',(68.0967623295816,15.4862240878387,-2.));
#15099=CARTESIAN_POINT('',(65.8467623295816,16.7852621935154,-2.));
#15100=CARTESIAN_POINT('',(64.3467623295815,16.7852621935154,-2.));
#15101=CARTESIAN_POINT('',(64.3467623295815,16.7852621935154,-2.));
#15102=CARTESIAN_POINT('',(65.8467623295816,16.7852621935154,-2.));
#15103=CARTESIAN_POINT('',(63.5967623295815,15.4862240878387,-2.));
#15104=CARTESIAN_POINT('',(62.8467623295815,14.187185982162,-2.));
#15105=CARTESIAN_POINT('',(62.8467623295815,14.187185982162,-2.));
#15106=CARTESIAN_POINT('',(63.5967623295815,15.4862240878387,-2.));
#15107=CARTESIAN_POINT('',(63.5967623295815,12.8881478764853,-2.));
#15108=CARTESIAN_POINT('',(64.3467623295815,11.5891097708087,-2.));
#15109=CARTESIAN_POINT('',(64.3467623295815,11.5891097708087,-2.));
#15110=CARTESIAN_POINT('',(63.5967623295815,12.8881478764853,-2.));
#15111=CARTESIAN_POINT('',(65.8467623295815,11.5891097708087,-2.));
#15112=CARTESIAN_POINT('',(65.8467623295815,11.5891097708087,-2.));
#15113=CARTESIAN_POINT('',(78.0967623295816,47.5291640278629,-2.));
#15114=CARTESIAN_POINT('',(78.8467623295816,48.8282021335396,-2.));
#15115=CARTESIAN_POINT('',(78.8467623295816,48.8282021335396,-2.));
#15116=CARTESIAN_POINT('',(78.0967623295816,47.5291640278629,-2.));
#15117=CARTESIAN_POINT('',(77.3467623295816,46.2301259221862,-2.));
#15118=CARTESIAN_POINT('',(77.3467623295816,46.2301259221862,-2.));
#15119=CARTESIAN_POINT('',(78.0967623295816,50.1272402392162,-2.));
#15120=CARTESIAN_POINT('',(77.3467623295816,51.4262783448929,-2.));
#15121=CARTESIAN_POINT('',(77.3467623295816,51.4262783448929,-2.));
#15122=CARTESIAN_POINT('',(78.0967623295816,50.1272402392162,-2.));
#15123=CARTESIAN_POINT('',(75.8467623295816,51.4262783448929,-2.));
#15124=CARTESIAN_POINT('',(74.3467623295815,51.4262783448929,-2.));
#15125=CARTESIAN_POINT('',(74.3467623295815,51.4262783448929,-2.));
#15126=CARTESIAN_POINT('',(75.8467623295816,51.4262783448929,-2.));
#15127=CARTESIAN_POINT('',(73.5967623295815,50.1272402392162,-2.));
#15128=CARTESIAN_POINT('',(72.8467623295815,48.8282021335396,-2.));
#15129=CARTESIAN_POINT('',(72.8467623295815,48.8282021335396,-2.));
#15130=CARTESIAN_POINT('',(73.5967623295815,50.1272402392162,-2.));
#15131=CARTESIAN_POINT('',(73.5967623295815,47.5291640278629,-2.));
#15132=CARTESIAN_POINT('',(74.3467623295815,46.2301259221862,-2.));
#15133=CARTESIAN_POINT('',(74.3467623295815,46.2301259221862,-2.));
#15134=CARTESIAN_POINT('',(73.5967623295815,47.5291640278629,-2.));
#15135=CARTESIAN_POINT('',(75.8467623295815,46.2301259221862,-2.));
#15136=CARTESIAN_POINT('',(75.8467623295815,46.2301259221862,-2.));
#15137=CARTESIAN_POINT('',(68.0967623295816,30.2086559521741,-2.));
#15138=CARTESIAN_POINT('',(68.8467623295816,31.5076940578508,-2.));
#15139=CARTESIAN_POINT('',(68.8467623295816,31.5076940578508,-2.));
#15140=CARTESIAN_POINT('',(68.0967623295816,30.2086559521741,-2.));
#15141=CARTESIAN_POINT('',(67.3467623295816,28.9096178464975,-2.));
#15142=CARTESIAN_POINT('',(67.3467623295816,28.9096178464975,-2.));
#15143=CARTESIAN_POINT('',(68.0967623295816,32.8067321635274,-2.));
#15144=CARTESIAN_POINT('',(67.3467623295816,34.1057702692042,-2.));
#15145=CARTESIAN_POINT('',(67.3467623295816,34.1057702692042,-2.));
#15146=CARTESIAN_POINT('',(68.0967623295816,32.8067321635274,-2.));
#15147=CARTESIAN_POINT('',(65.8467623295816,34.1057702692042,-2.));
#15148=CARTESIAN_POINT('',(64.3467623295815,34.1057702692041,-2.));
#15149=CARTESIAN_POINT('',(64.3467623295815,34.1057702692041,-2.));
#15150=CARTESIAN_POINT('',(65.8467623295816,34.1057702692042,-2.));
#15151=CARTESIAN_POINT('',(63.5967623295815,32.8067321635274,-2.));
#15152=CARTESIAN_POINT('',(62.8467623295815,31.5076940578508,-2.));
#15153=CARTESIAN_POINT('',(62.8467623295815,31.5076940578508,-2.));
#15154=CARTESIAN_POINT('',(63.5967623295815,32.8067321635274,-2.));
#15155=CARTESIAN_POINT('',(63.5967623295815,30.2086559521741,-2.));
#15156=CARTESIAN_POINT('',(64.3467623295815,28.9096178464975,-2.));
#15157=CARTESIAN_POINT('',(64.3467623295815,28.9096178464975,-2.));
#15158=CARTESIAN_POINT('',(63.5967623295815,30.2086559521741,-2.));
#15159=CARTESIAN_POINT('',(65.8467623295815,28.9096178464975,-2.));
#15160=CARTESIAN_POINT('',(65.8467623295815,28.9096178464975,-2.));
#15161=CARTESIAN_POINT('',(68.0967623295816,47.5291640278629,-2.));
#15162=CARTESIAN_POINT('',(68.8467623295816,48.8282021335396,-2.));
#15163=CARTESIAN_POINT('',(68.8467623295816,48.8282021335396,-2.));
#15164=CARTESIAN_POINT('',(68.0967623295816,47.5291640278629,-2.));
#15165=CARTESIAN_POINT('',(67.3467623295816,46.2301259221862,-2.));
#15166=CARTESIAN_POINT('',(67.3467623295816,46.2301259221862,-2.));
#15167=CARTESIAN_POINT('',(68.0967623295816,50.1272402392162,-2.));
#15168=CARTESIAN_POINT('',(67.3467623295816,51.4262783448929,-2.));
#15169=CARTESIAN_POINT('',(67.3467623295816,51.4262783448929,-2.));
#15170=CARTESIAN_POINT('',(68.0967623295816,50.1272402392162,-2.));
#15171=CARTESIAN_POINT('',(65.8467623295816,51.4262783448929,-2.));
#15172=CARTESIAN_POINT('',(64.3467623295815,51.4262783448929,-2.));
#15173=CARTESIAN_POINT('',(64.3467623295815,51.4262783448929,-2.));
#15174=CARTESIAN_POINT('',(65.8467623295816,51.4262783448929,-2.));
#15175=CARTESIAN_POINT('',(63.5967623295815,50.1272402392162,-2.));
#15176=CARTESIAN_POINT('',(62.8467623295815,48.8282021335396,-2.));
#15177=CARTESIAN_POINT('',(62.8467623295815,48.8282021335396,-2.));
#15178=CARTESIAN_POINT('',(63.5967623295815,50.1272402392162,-2.));
#15179=CARTESIAN_POINT('',(63.5967623295815,47.5291640278629,-2.));
#15180=CARTESIAN_POINT('',(64.3467623295815,46.2301259221862,-2.));
#15181=CARTESIAN_POINT('',(64.3467623295815,46.2301259221862,-2.));
#15182=CARTESIAN_POINT('',(63.5967623295815,47.5291640278629,-2.));
#15183=CARTESIAN_POINT('',(65.8467623295815,46.2301259221862,-2.));
#15184=CARTESIAN_POINT('',(65.8467623295815,46.2301259221862,-2.));
#15185=CARTESIAN_POINT('',(54.5771035465795,-0.0405065390901571,-2.));
#15186=CARTESIAN_POINT('',(54.5771035465795,55.9594934609099,-2.));
#15187=CARTESIAN_POINT('',(54.5771035465795,55.9594934609099,-2.));
#15188=CARTESIAN_POINT('',(54.5771035465795,-0.0405065390901571,-2.));
#15189=CARTESIAN_POINT('',(54.5771035465795,-56.0405065390902,-2.));
#15190=CARTESIAN_POINT('',(54.5771035465795,-56.0405065390902,-2.));
#15191=CARTESIAN_POINT('',(85.0771035465795,-58.0405065390902,-2.));
#15192=CARTESIAN_POINT('',(56.5771035465795,-58.0405065390902,-2.));
#15193=CARTESIAN_POINT('',(56.5771035465795,-58.0405065390902,-2.));
#15194=CARTESIAN_POINT('',(85.0771035465795,-58.0405065390902,-2.));
#15195=CARTESIAN_POINT('',(113.577103546579,-58.0405065390902,-2.));
#15196=CARTESIAN_POINT('',(113.577103546579,-58.0405065390902,0.));
#15197=CARTESIAN_POINT('',(115.577103546579,-0.0405065390901502,-2.));
#15198=CARTESIAN_POINT('',(115.577103546579,-0.0405065390901502,-2.));
#15199=CARTESIAN_POINT('',(115.577103546579,55.9594934609099,-2.));
#15200=CARTESIAN_POINT('',(115.577103546579,-56.0405065390902,-2.));
#15201=CARTESIAN_POINT('',(115.577103546579,55.9594934609099,-2.));
#15202=CARTESIAN_POINT('',(115.577103546579,-56.0405065390902,-2.));
#15203=CARTESIAN_POINT('',(85.0771035465795,57.9594934609099,-2.));
#15204=CARTESIAN_POINT('',(85.0771035465795,57.9594934609099,-2.));
#15205=CARTESIAN_POINT('',(56.5771035465795,57.9594934609099,-2.));
#15206=CARTESIAN_POINT('',(113.577103546579,57.9594934609099,-2.));
#15207=CARTESIAN_POINT('',(56.5771035465795,57.9594934609099,0.));
#15208=CARTESIAN_POINT('',(64.0771035465795,57.9594934609099,4.));
#15209=CARTESIAN_POINT('',(64.0771035465795,57.9594934609099,3.));
#15210=CARTESIAN_POINT('',(64.0751035465795,57.9594934609099,3.));
#15211=CARTESIAN_POINT('',(69.0771035465795,57.9594934609099,3.));
#15212=CARTESIAN_POINT('',(69.0771035465795,57.9594934609099,4.));
#15213=CARTESIAN_POINT('',(101.077103546579,57.9594934609099,4.));
#15214=CARTESIAN_POINT('',(101.077103546579,57.9594934609099,3.));
#15215=CARTESIAN_POINT('',(106.079103546579,57.9594934609099,3.));
#15216=CARTESIAN_POINT('',(106.077103546579,57.9594934609099,3.));
#15217=CARTESIAN_POINT('',(106.077103546579,57.9594934609099,4.));
#15218=CARTESIAN_POINT('',(113.577103546579,57.9594934609099,-2.));
#15219=CARTESIAN_POINT('',(85.0771035465795,-0.0405065390901571,-2.));
#15220=CARTESIAN_POINT('',(70.8467623295815,37.5698718843419,-2.));
#15221=CARTESIAN_POINT('',(69.3467623295815,37.5698718843419,-2.));
#15222=CARTESIAN_POINT('',(72.3467623295816,37.5698718843419,-2.));
#15223=CARTESIAN_POINT('',(73.0967623295816,38.8689099900185,-2.));
#15224=CARTESIAN_POINT('',(73.8467623295816,40.1679480956952,-2.));
#15225=CARTESIAN_POINT('',(73.0967623295816,41.4669862013718,-2.));
#15226=CARTESIAN_POINT('',(72.3467623295816,42.7660243070485,-2.));
#15227=CARTESIAN_POINT('',(70.8467623295816,42.7660243070485,-2.));
#15228=CARTESIAN_POINT('',(69.3467623295815,42.7660243070485,-2.));
#15229=CARTESIAN_POINT('',(68.5967623295815,41.4669862013718,-2.));
#15230=CARTESIAN_POINT('',(67.8467623295815,40.1679480956952,-2.));
#15231=CARTESIAN_POINT('',(68.5967623295815,38.8689099900185,-2.));
#15232=CARTESIAN_POINT('',(56.5771035465795,55.9594934609099,-2.));
#15233=CARTESIAN_POINT('',(113.577103546579,55.9594934609099,-2.));
#15234=CARTESIAN_POINT('',(113.577103546579,-56.0405065390902,-2.));
#15235=CARTESIAN_POINT('',(56.5771035465795,-56.0405065390902,-2.));
#15236=CARTESIAN_POINT('',(56.5771035465795,55.9594934609099,-2.));
#15237=CARTESIAN_POINT('',(113.577103546579,55.9594934609099,-2.));
#15238=CARTESIAN_POINT('',(56.5771035465795,-56.0405065390902,-2.));
#15239=CARTESIAN_POINT('',(113.577103546579,-56.0405065390902,-2.));
#15240=CARTESIAN_POINT('',(73.0967623295816,38.8689099900185,-2.));
#15241=CARTESIAN_POINT('',(73.8467623295816,40.1679480956952,-2.));
#15242=CARTESIAN_POINT('',(72.3467623295816,37.5698718843419,-2.));
#15243=CARTESIAN_POINT('',(73.0967623295816,41.4669862013718,-2.));
#15244=CARTESIAN_POINT('',(72.3467623295816,42.7660243070485,-2.));
#15245=CARTESIAN_POINT('',(70.8467623295816,42.7660243070485,-2.));
#15246=CARTESIAN_POINT('',(69.3467623295815,42.7660243070485,-2.));
#15247=CARTESIAN_POINT('',(68.5967623295815,41.4669862013718,-2.));
#15248=CARTESIAN_POINT('',(67.8467623295815,40.1679480956952,-2.));
#15249=CARTESIAN_POINT('',(68.5967623295815,38.8689099900185,-2.));
#15250=CARTESIAN_POINT('',(69.3467623295815,37.5698718843419,-2.));
#15251=CARTESIAN_POINT('',(70.8467623295815,37.5698718843419,-2.));
#15252=CARTESIAN_POINT('',(64.0771035465795,57.4594934609099,4.));
#15253=CARTESIAN_POINT('',(64.0771035465795,56.3821431917202,1.));
#15254=CARTESIAN_POINT('',(64.0771035465795,56.9594934609099,2.));
#15255=CARTESIAN_POINT('',(64.0771035465795,56.9594934609099,4.));
#15256=CARTESIAN_POINT('',(64.0771035465795,56.9594934609099,4.));
#15257=CARTESIAN_POINT('',(64.0771035465795,57.4594934609099,4.));
#15258=CARTESIAN_POINT('',(64.0771035465795,57.9594934609099,4.));
#15259=CARTESIAN_POINT('',(64.0771035465795,58.1594934609099,3.5));
#15260=CARTESIAN_POINT('',(64.0771035465795,58.3594934609099,3.));
#15261=CARTESIAN_POINT('',(64.0771035465795,58.1594934609098,3.));
#15262=CARTESIAN_POINT('',(66.5771035465795,56.9594934609099,4.));
#15263=CARTESIAN_POINT('',(64.0751035465795,56.9594934609099,2.));
#15264=CARTESIAN_POINT('',(69.0771035465795,56.9594934609099,2.));
#15265=CARTESIAN_POINT('',(69.0771035465795,56.9594934609099,4.));
#15266=CARTESIAN_POINT('',(69.0771035465795,56.9594934609099,4.));
#15267=CARTESIAN_POINT('',(66.5771035465795,56.9594934609099,4.));
#15268=CARTESIAN_POINT('',(69.0771035465795,57.4594934609099,4.));
#15269=CARTESIAN_POINT('',(69.0771035465795,58.1594934609098,3.));
#15270=CARTESIAN_POINT('',(69.0771035465795,58.3594934609099,3.));
#15271=CARTESIAN_POINT('',(69.0771035465795,58.1594934609099,3.5));
#15272=CARTESIAN_POINT('',(69.0771035465795,57.9594934609099,4.));
#15273=CARTESIAN_POINT('',(69.0771035465795,57.4594934609099,4.));
#15274=CARTESIAN_POINT('',(69.0771035465795,56.3821431917202,1.));
#15275=CARTESIAN_POINT('',(85.0771035465795,-0.0405065390901502,4.));
#15276=CARTESIAN_POINT('',(66.5771035465795,57.9594934609099,4.));
#15277=CARTESIAN_POINT('',(64.0751035465795,56.3821431917202,1.));
#15278=CARTESIAN_POINT('',(64.0751035465795,58.1594934609099,3.5));
#15279=CARTESIAN_POINT('',(64.0751035465795,58.3594934609099,3.));
#15280=CARTESIAN_POINT('',(64.0751035465795,58.1594934609098,3.));
#15281=CARTESIAN_POINT('',(103.577103546579,-57.9594934609099,4.));
#15282=CARTESIAN_POINT('',(106.077103546579,-57.9594934609099,4.));
#15283=CARTESIAN_POINT('',(106.077103546579,-57.9594934609099,3.));
#15284=CARTESIAN_POINT('',(106.079103546579,-57.9594934609099,3.));
#15285=CARTESIAN_POINT('',(101.077103546579,-57.9594934609099,3.));
#15286=CARTESIAN_POINT('',(101.077103546579,-57.9594934609099,4.));
#15287=CARTESIAN_POINT('',(106.077103546579,-57.4594934609099,4.));
#15288=CARTESIAN_POINT('',(106.077103546579,-56.3821431917202,1.));
#15289=CARTESIAN_POINT('',(106.077103546579,-56.9594934609099,2.));
#15290=CARTESIAN_POINT('',(106.077103546579,-56.9594934609099,4.));
#15291=CARTESIAN_POINT('',(106.077103546579,-56.9594934609099,4.));
#15292=CARTESIAN_POINT('',(106.077103546579,-57.4594934609099,4.));
#15293=CARTESIAN_POINT('',(106.077103546579,-57.9594934609099,4.));
#15294=CARTESIAN_POINT('',(106.077103546579,-58.1594934609099,3.5));
#15295=CARTESIAN_POINT('',(106.077103546579,-58.3594934609099,3.));
#15296=CARTESIAN_POINT('',(106.077103546579,-58.1594934609098,3.));
#15297=CARTESIAN_POINT('',(103.577103546579,-56.9594934609099,4.));
#15298=CARTESIAN_POINT('',(106.079103546579,-56.9594934609099,2.));
#15299=CARTESIAN_POINT('',(101.077103546579,-56.9594934609099,2.));
#15300=CARTESIAN_POINT('',(101.077103546579,-56.9594934609099,4.));
#15301=CARTESIAN_POINT('',(101.077103546579,-56.9594934609099,4.));
#15302=CARTESIAN_POINT('',(103.577103546579,-56.9594934609099,4.));
#15303=CARTESIAN_POINT('',(101.077103546579,-57.4594934609099,4.));
#15304=CARTESIAN_POINT('',(101.077103546579,-58.1594934609098,3.));
#15305=CARTESIAN_POINT('',(101.077103546579,-58.3594934609099,3.));
#15306=CARTESIAN_POINT('',(101.077103546579,-58.1594934609099,3.5));
#15307=CARTESIAN_POINT('',(101.077103546579,-57.9594934609099,4.));
#15308=CARTESIAN_POINT('',(101.077103546579,-57.4594934609099,4.));
#15309=CARTESIAN_POINT('',(101.077103546579,-56.3821431917202,1.));
#15310=CARTESIAN_POINT('',(85.0771035465795,0.0405065390901502,4.));
#15311=CARTESIAN_POINT('',(103.577103546579,-57.9594934609099,4.));
#15312=CARTESIAN_POINT('',(106.079103546579,-56.3821431917202,1.));
#15313=CARTESIAN_POINT('',(106.079103546579,-58.1594934609099,3.5));
#15314=CARTESIAN_POINT('',(106.079103546579,-58.3594934609099,3.));
#15315=CARTESIAN_POINT('',(106.079103546579,-58.1594934609098,3.));
#15316=CARTESIAN_POINT('',(66.5771035465795,-57.9594934609099,4.));
#15317=CARTESIAN_POINT('',(64.0771035465795,-57.9594934609099,4.));
#15318=CARTESIAN_POINT('',(64.0771035465795,-57.9594934609099,3.));
#15319=CARTESIAN_POINT('',(69.0771035465795,-57.9594934609099,4.));
#15320=CARTESIAN_POINT('',(69.0771035465795,-57.9594934609099,3.));
#15321=CARTESIAN_POINT('',(64.0751035465795,-57.9594934609099,3.));
#15322=CARTESIAN_POINT('',(64.0771035465795,-57.4594934609099,4.));
#15323=CARTESIAN_POINT('',(64.0771035465795,-58.1594934609098,3.));
#15324=CARTESIAN_POINT('',(64.0771035465795,-58.3594934609099,3.));
#15325=CARTESIAN_POINT('',(64.0771035465795,-58.1594934609099,3.5));
#15326=CARTESIAN_POINT('',(64.0771035465795,-57.9594934609099,4.));
#15327=CARTESIAN_POINT('',(64.0771035465795,-57.4594934609099,4.));
#15328=CARTESIAN_POINT('',(64.0771035465795,-56.9594934609099,4.));
#15329=CARTESIAN_POINT('',(64.0771035465795,-56.9594934609099,4.));
#15330=CARTESIAN_POINT('',(64.0771035465795,-56.9594934609099,2.));
#15331=CARTESIAN_POINT('',(64.0771035465795,-56.3821431917202,1.));
#15332=CARTESIAN_POINT('',(66.5771035465795,-56.9594934609099,4.));
#15333=CARTESIAN_POINT('',(66.5771035465795,-56.9594934609099,4.));
#15334=CARTESIAN_POINT('',(69.0771035465795,-56.9594934609099,4.));
#15335=CARTESIAN_POINT('',(69.0771035465795,-56.9594934609099,4.));
#15336=CARTESIAN_POINT('',(69.0771035465795,-56.9594934609099,2.));
#15337=CARTESIAN_POINT('',(64.0751035465795,-56.9594934609099,2.));
#15338=CARTESIAN_POINT('',(69.0771035465795,-57.4594934609099,4.));
#15339=CARTESIAN_POINT('',(69.0771035465795,-56.3821431917202,1.));
#15340=CARTESIAN_POINT('',(69.0771035465795,-57.4594934609099,4.));
#15341=CARTESIAN_POINT('',(69.0771035465795,-57.9594934609099,4.));
#15342=CARTESIAN_POINT('',(69.0771035465795,-58.1594934609099,3.5));
#15343=CARTESIAN_POINT('',(69.0771035465795,-58.3594934609099,3.));
#15344=CARTESIAN_POINT('',(69.0771035465795,-58.1594934609098,3.));
#15345=CARTESIAN_POINT('',(85.0771035465795,0.0405065390901502,4.));
#15346=CARTESIAN_POINT('',(66.5771035465795,-57.9594934609099,4.));
#15347=CARTESIAN_POINT('',(64.0751035465795,-56.3821431917202,1.));
#15348=CARTESIAN_POINT('',(64.0751035465795,-58.1594934609099,3.5));
#15349=CARTESIAN_POINT('',(64.0751035465795,-58.3594934609099,3.));
#15350=CARTESIAN_POINT('',(64.0751035465795,-58.1594934609098,3.));
#15351=CARTESIAN_POINT('',(106.077103546579,57.4594934609099,4.));
#15352=CARTESIAN_POINT('',(106.077103546579,58.1594934609098,3.));
#15353=CARTESIAN_POINT('',(106.077103546579,58.3594934609099,3.));
#15354=CARTESIAN_POINT('',(106.077103546579,58.1594934609099,3.5));
#15355=CARTESIAN_POINT('',(106.077103546579,57.9594934609099,4.));
#15356=CARTESIAN_POINT('',(106.077103546579,57.4594934609099,4.));
#15357=CARTESIAN_POINT('',(106.077103546579,56.9594934609099,4.));
#15358=CARTESIAN_POINT('',(106.077103546579,56.9594934609099,4.));
#15359=CARTESIAN_POINT('',(106.077103546579,56.9594934609099,2.));
#15360=CARTESIAN_POINT('',(106.077103546579,56.3821431917202,1.));
#15361=CARTESIAN_POINT('',(103.577103546579,56.9594934609099,4.));
#15362=CARTESIAN_POINT('',(103.577103546579,56.9594934609099,4.));
#15363=CARTESIAN_POINT('',(101.077103546579,56.9594934609099,4.));
#15364=CARTESIAN_POINT('',(101.077103546579,56.9594934609099,4.));
#15365=CARTESIAN_POINT('',(101.077103546579,56.9594934609099,2.));
#15366=CARTESIAN_POINT('',(106.079103546579,56.9594934609099,2.));
#15367=CARTESIAN_POINT('',(101.077103546579,57.4594934609099,4.));
#15368=CARTESIAN_POINT('',(101.077103546579,56.3821431917202,1.));
#15369=CARTESIAN_POINT('',(101.077103546579,57.4594934609099,4.));
#15370=CARTESIAN_POINT('',(101.077103546579,57.9594934609099,4.));
#15371=CARTESIAN_POINT('',(101.077103546579,58.1594934609099,3.5));
#15372=CARTESIAN_POINT('',(101.077103546579,58.3594934609099,3.));
#15373=CARTESIAN_POINT('',(101.077103546579,58.1594934609098,3.));
#15374=CARTESIAN_POINT('',(85.0771035465795,-0.0405065390901502,4.));
#15375=CARTESIAN_POINT('',(103.577103546579,57.9594934609099,4.));
#15376=CARTESIAN_POINT('',(106.079103546579,56.3821431917202,1.));
#15377=CARTESIAN_POINT('',(106.079103546579,58.1594934609099,3.5));
#15378=CARTESIAN_POINT('',(106.079103546579,58.3594934609099,3.));
#15379=CARTESIAN_POINT('',(106.079103546579,58.1594934609098,3.));
#15380=CARTESIAN_POINT('',(-2.67074289486796,29.2627029120922,-1.76645525544882));
#15381=CARTESIAN_POINT('',(30.5,0.,26.));
#15382=CARTESIAN_POINT('',(30.5,-56.,24.));
#15383=CARTESIAN_POINT('',(30.5,-54.,24.));
#15384=CARTESIAN_POINT('',(30.5,-56.,24.));
#15385=CARTESIAN_POINT('',(30.5,-56.,26.));
#15386=CARTESIAN_POINT('',(30.5,-56.,26.));
#15387=CARTESIAN_POINT('',(30.5,0.,26.));
#15388=CARTESIAN_POINT('',(30.5,56.,26.));
#15389=CARTESIAN_POINT('',(30.5,56.,24.));
#15390=CARTESIAN_POINT('',(30.5,56.,24.));
#15391=CARTESIAN_POINT('',(30.5,56.,24.));
#15392=CARTESIAN_POINT('',(30.5,54.,24.));
#15393=CARTESIAN_POINT('',(30.5,56.,20.5358983848623));
#15394=CARTESIAN_POINT('',(30.5,56.,20.5358983848622));
#15395=CARTESIAN_POINT('',(30.5,56.,0.));
#15396=CARTESIAN_POINT('',(30.5,56.,0.));
#15397=CARTESIAN_POINT('',(30.5,0.,0.));
#15398=CARTESIAN_POINT('',(30.5,-56.,0.));
#15399=CARTESIAN_POINT('',(30.5,-56.,26.));
#15400=CARTESIAN_POINT('',(30.5,-56.,20.5358983848623));
#15401=CARTESIAN_POINT('',(30.5,-56.,20.5358983848623));
#15402=CARTESIAN_POINT('',(30.5,17.,12.));
#15403=CARTESIAN_POINT('',(30.5,10.65,12.));
#15404=CARTESIAN_POINT('',(30.5,-4.,21.4019237886467));
#15405=CARTESIAN_POINT('',(30.5,-4.,18.8038475772934));
#15406=CARTESIAN_POINT('',(30.5,-4.,24.));
#15407=CARTESIAN_POINT('',(30.5,-4.,18.8038475772934));
#15408=CARTESIAN_POINT('',(30.5,4.,18.8038475772934));
#15409=CARTESIAN_POINT('',(30.5,4.,21.4019237886467));
#15410=CARTESIAN_POINT('',(30.5,4.,24.));
#15411=CARTESIAN_POINT('',(30.5,-4.,24.));
#15412=CARTESIAN_POINT('',(14.5,-58.,26.));
#15413=CARTESIAN_POINT('',(14.5,-58.,26.));
#15414=CARTESIAN_POINT('',(7.5,-58.,26.));
#15415=CARTESIAN_POINT('',(28.5,-58.,26.));
#15416=CARTESIAN_POINT('',(28.5,-58.,26.));
#15417=CARTESIAN_POINT('',(28.5,-58.,24.));
#15418=CARTESIAN_POINT('',(28.5,-58.,24.));
#15419=CARTESIAN_POINT('',(26.5,-58.,24.));
#15420=CARTESIAN_POINT('',(28.5,-58.,20.5358983848623));
#15421=CARTESIAN_POINT('',(28.5,-58.,20.5358983848623));
#15422=CARTESIAN_POINT('',(28.5,-58.,26.));
#15423=CARTESIAN_POINT('',(28.5,-58.,0.));
#15424=CARTESIAN_POINT('',(14.5,-58.,0.));
#15425=CARTESIAN_POINT('',(-1.5,-58.,0.));
#15426=CARTESIAN_POINT('',(-1.5,-58.,2.5));
#15427=CARTESIAN_POINT('',(-1.5,-58.,2.5));
#15428=CARTESIAN_POINT('',(-30.,-58.,2.5));
#15429=CARTESIAN_POINT('',(-28.5,-58.,2.5));
#15430=CARTESIAN_POINT('',(-28.5,-58.,17.0717967697245));
#15431=CARTESIAN_POINT('',(-28.5,-58.,20.5358983848622));
#15432=CARTESIAN_POINT('',(-28.5,-58.,20.5358983848623));
#15433=CARTESIAN_POINT('',(-26.5,-58.,24.));
#15434=CARTESIAN_POINT('',(-28.5,-58.,24.));
#15435=CARTESIAN_POINT('',(-28.5,-58.,24.));
#15436=CARTESIAN_POINT('',(-28.5,-58.,26.));
#15437=CARTESIAN_POINT('',(-28.5,-58.,26.));
#15438=CARTESIAN_POINT('',(14.5,-58.,26.));
#15439=CARTESIAN_POINT('',(-7.5,-58.,26.));
#15440=CARTESIAN_POINT('',(-7.5,-58.,24.));
#15441=CARTESIAN_POINT('',(-7.5,-58.,24.));
#15442=CARTESIAN_POINT('',(-5.5,-58.,24.));
#15443=CARTESIAN_POINT('',(-5.5,-58.,22.));
#15444=CARTESIAN_POINT('',(0.,-58.,22.));
#15445=CARTESIAN_POINT('',(5.5,-58.,22.));
#15446=CARTESIAN_POINT('',(5.5,-58.,24.));
#15447=CARTESIAN_POINT('',(7.5,-58.,24.));
#15448=CARTESIAN_POINT('',(7.5,-58.,24.));
#15449=CARTESIAN_POINT('',(14.,-58.,12.));
#15450=CARTESIAN_POINT('',(14.,-58.,15.55));
#15451=CARTESIAN_POINT('',(21.2,-58.,20.55));
#15452=CARTESIAN_POINT('',(21.2,-58.,21.1));
#15453=CARTESIAN_POINT('',(21.2,-58.,20.));
#15454=CARTESIAN_POINT('',(18.5,-58.,21.1));
#15455=CARTESIAN_POINT('',(15.8,-58.,21.1));
#15456=CARTESIAN_POINT('',(15.8,-58.,20.55));
#15457=CARTESIAN_POINT('',(15.8,-58.,20.));
#15458=CARTESIAN_POINT('',(18.5,-58.,20.));
#15459=CARTESIAN_POINT('',(-15.8,-58.,20.55));
#15460=CARTESIAN_POINT('',(-15.8,-58.,21.1));
#15461=CARTESIAN_POINT('',(-15.8,-58.,20.));
#15462=CARTESIAN_POINT('',(-18.5,-58.,21.1));
#15463=CARTESIAN_POINT('',(-21.2,-58.,21.1));
#15464=CARTESIAN_POINT('',(-21.2,-58.,20.55));
#15465=CARTESIAN_POINT('',(-21.2,-58.,20.));
#15466=CARTESIAN_POINT('',(-18.5,-58.,20.));
#15467=CARTESIAN_POINT('',(1.21430643318376E-14,58.,26.));
#15468=CARTESIAN_POINT('',(-18.5,58.,21.1));
#15469=CARTESIAN_POINT('',(-21.2,58.,21.1));
#15470=CARTESIAN_POINT('',(-15.8,58.,21.1));
#15471=CARTESIAN_POINT('',(-15.8,58.,20.55));
#15472=CARTESIAN_POINT('',(-15.8,58.,20.));
#15473=CARTESIAN_POINT('',(-18.5,58.,20.));
#15474=CARTESIAN_POINT('',(-21.2,58.,20.));
#15475=CARTESIAN_POINT('',(-21.2,58.,20.55));
#15476=CARTESIAN_POINT('',(1.21430643318376E-14,58.,0.));
#15477=CARTESIAN_POINT('',(-28.5,58.,0.));
#15478=CARTESIAN_POINT('',(28.5,58.,0.));
#15479=CARTESIAN_POINT('',(28.5,58.,17.0717967697245));
#15480=CARTESIAN_POINT('',(28.5,58.,20.5358983848622));
#15481=CARTESIAN_POINT('',(28.5,58.,20.5358983848623));
#15482=CARTESIAN_POINT('',(26.5,58.,24.));
#15483=CARTESIAN_POINT('',(28.5,58.,24.));
#15484=CARTESIAN_POINT('',(28.5,58.,24.));
#15485=CARTESIAN_POINT('',(28.5,58.,26.));
#15486=CARTESIAN_POINT('',(28.5,58.,26.));
#15487=CARTESIAN_POINT('',(1.21430643318376E-14,58.,26.));
#15488=CARTESIAN_POINT('',(-28.5,58.,26.));
#15489=CARTESIAN_POINT('',(-28.5,58.,26.));
#15490=CARTESIAN_POINT('',(-28.5,58.,24.));
#15491=CARTESIAN_POINT('',(-28.5,58.,24.));
#15492=CARTESIAN_POINT('',(-26.5,58.,24.));
#15493=CARTESIAN_POINT('',(-28.5,58.,20.5358983848623));
#15494=CARTESIAN_POINT('',(-28.5,58.,20.5358983848623));
#15495=CARTESIAN_POINT('',(-28.5,58.,26.));
#15496=CARTESIAN_POINT('',(18.5,58.,21.1));
#15497=CARTESIAN_POINT('',(21.2,58.,21.1));
#15498=CARTESIAN_POINT('',(15.8,58.,21.1));
#15499=CARTESIAN_POINT('',(21.2,58.,20.55));
#15500=CARTESIAN_POINT('',(21.2,58.,20.));
#15501=CARTESIAN_POINT('',(18.5,58.,20.));
#15502=CARTESIAN_POINT('',(15.8,58.,20.));
#15503=CARTESIAN_POINT('',(15.8,58.,20.55));
#15504=CARTESIAN_POINT('',(0.,0.,26.));
#15505=CARTESIAN_POINT('',(-28.5,-56.,26.));
#15506=CARTESIAN_POINT('',(-31.5,-56.,26.));
#15507=CARTESIAN_POINT('',(-28.5,-59.,26.));
#15508=CARTESIAN_POINT('',(0.,-59.,26.));
#15509=CARTESIAN_POINT('',(-7.5,-59.,26.));
#15510=CARTESIAN_POINT('',(-7.5,-58.,26.));
#15511=CARTESIAN_POINT('',(-28.5,-56.,26.));
#15512=CARTESIAN_POINT('',(-30.5,-56.,26.));
#15513=CARTESIAN_POINT('',(-30.5,-28.5,26.));
#15514=CARTESIAN_POINT('',(-30.5,56.,26.));
#15515=CARTESIAN_POINT('',(-28.5,56.,26.));
#15516=CARTESIAN_POINT('',(28.5,56.,26.));
#15517=CARTESIAN_POINT('',(28.5,-56.,26.));
#15518=CARTESIAN_POINT('',(7.5,-58.,26.));
#15519=CARTESIAN_POINT('',(7.5,-59.,26.));
#15520=CARTESIAN_POINT('',(0.,-59.,26.));
#15521=CARTESIAN_POINT('',(28.5,-59.,26.));
#15522=CARTESIAN_POINT('',(28.5,-56.,26.));
#15523=CARTESIAN_POINT('',(31.5,-56.,26.));
#15524=CARTESIAN_POINT('',(31.5,56.,26.));
#15525=CARTESIAN_POINT('',(31.5,56.,26.));
#15526=CARTESIAN_POINT('',(28.5,56.,26.));
#15527=CARTESIAN_POINT('',(28.5,59.,26.));
#15528=CARTESIAN_POINT('',(-28.5,59.,26.));
#15529=CARTESIAN_POINT('',(-28.5,59.,26.));
#15530=CARTESIAN_POINT('',(-28.5,56.,26.));
#15531=CARTESIAN_POINT('',(-31.5,56.,26.));
#15532=CARTESIAN_POINT('',(-31.5,5.46437894932694E-15,26.));
#15533=CARTESIAN_POINT('',(-30.5,-28.5,26.));
#15534=CARTESIAN_POINT('',(-30.5,-4.,21.4019237886467));
#15535=CARTESIAN_POINT('',(-30.5,-4.,18.8038475772934));
#15536=CARTESIAN_POINT('',(-30.5,-4.,24.));
#15537=CARTESIAN_POINT('',(-30.5,-4.,24.));
#15538=CARTESIAN_POINT('',(-30.5,4.,24.));
#15539=CARTESIAN_POINT('',(-30.5,4.,21.4019237886467));
#15540=CARTESIAN_POINT('',(-30.5,4.,18.8038475772934));
#15541=CARTESIAN_POINT('',(-30.5,-4.,18.8038475772934));
#15542=CARTESIAN_POINT('',(-30.5,-56.,24.));
#15543=CARTESIAN_POINT('',(-30.5,-56.,24.));
#15544=CARTESIAN_POINT('',(-30.5,-56.,24.));
#15545=CARTESIAN_POINT('',(-30.5,-54.,24.));
#15546=CARTESIAN_POINT('',(-30.5,-56.,20.5358983848623));
#15547=CARTESIAN_POINT('',(-30.5,-56.,20.5358983848622));
#15548=CARTESIAN_POINT('',(-30.5,-56.,2.5));
#15549=CARTESIAN_POINT('',(-30.5,-56.,6.));
#15550=CARTESIAN_POINT('',(-30.5,-28.5,6.));
#15551=CARTESIAN_POINT('',(-30.5,-1.,6.));
#15552=CARTESIAN_POINT('',(-30.5,-1.,6.));
#15553=CARTESIAN_POINT('',(-30.5,-1.,0.));
#15554=CARTESIAN_POINT('',(-30.5,-28.5,0.));
#15555=CARTESIAN_POINT('',(-30.5,56.,0.));
#15556=CARTESIAN_POINT('',(-30.5,56.,26.));
#15557=CARTESIAN_POINT('',(-30.5,56.,20.5358983848623));
#15558=CARTESIAN_POINT('',(-30.5,56.,20.5358983848623));
#15559=CARTESIAN_POINT('',(-30.5,54.,24.));
#15560=CARTESIAN_POINT('',(-30.5,56.,24.));
#15561=CARTESIAN_POINT('',(-30.5,56.,24.));
#15562=CARTESIAN_POINT('',(-30.5,56.,26.));
#15563=CARTESIAN_POINT('',(-30.5,-34.2,18.15));
#15564=CARTESIAN_POINT('',(-30.5,-34.2,18.8));
#15565=CARTESIAN_POINT('',(-30.5,-34.2,17.5));
#15566=CARTESIAN_POINT('',(-30.5,-32.2,18.8));
#15567=CARTESIAN_POINT('',(-30.5,-32.2,20.8));
#15568=CARTESIAN_POINT('',(-30.5,-28.7,20.8));
#15569=CARTESIAN_POINT('',(-30.5,-25.2,20.8));
#15570=CARTESIAN_POINT('',(-30.5,-25.2,18.8));
#15571=CARTESIAN_POINT('',(-30.5,-23.2,18.8));
#15572=CARTESIAN_POINT('',(-30.5,-23.2,18.15));
#15573=CARTESIAN_POINT('',(-30.5,-23.2,17.5));
#15574=CARTESIAN_POINT('',(-30.5,-25.2,17.5));
#15575=CARTESIAN_POINT('',(-30.5,-25.2,15.5));
#15576=CARTESIAN_POINT('',(-30.5,-28.7,15.5));
#15577=CARTESIAN_POINT('',(-30.5,-32.2,15.5));
#15578=CARTESIAN_POINT('',(-30.5,-32.2,17.5));
#15579=CARTESIAN_POINT('',(-30.5,17.,12.));
#15580=CARTESIAN_POINT('',(-30.5,23.35,12.));
#15581=CARTESIAN_POINT('',(0.,0.,0.));
#15582=CARTESIAN_POINT('',(28.5,-56.,0.));
#15583=CARTESIAN_POINT('',(28.5,56.,0.));
#15584=CARTESIAN_POINT('',(-28.5,56.,0.));
#15585=CARTESIAN_POINT('',(-4.86002328246823,-1.,0.));
#15586=CARTESIAN_POINT('',(-12.7200465649365,-1.,0.));
#15587=CARTESIAN_POINT('',(-12.7200465649365,1.0842021724855E-15,0.));
#15588=CARTESIAN_POINT('',(-12.7200465649365,1.,0.));
#15589=CARTESIAN_POINT('',(-10.4700465649364,1.,0.));
#15590=CARTESIAN_POINT('',(-8.22004656493645,1.,0.));
#15591=CARTESIAN_POINT('',(-8.22004656493645,-4.33680868994202E-16,0.));
#15592=CARTESIAN_POINT('',(-8.22004656493645,-1.,0.));
#15593=CARTESIAN_POINT('',(-4.86002328246823,-1.,0.));
#15594=CARTESIAN_POINT('',(-1.5,-1.,0.));
#15595=CARTESIAN_POINT('',(-1.5,-2.,0.));
#15596=CARTESIAN_POINT('',(-1.5,-3.,0.));
#15597=CARTESIAN_POINT('',(-15.5,-3.,0.));
#15598=CARTESIAN_POINT('',(-29.5,-3.,0.));
#15599=CARTESIAN_POINT('',(-29.5,-29.5,0.));
#15600=CARTESIAN_POINT('',(-29.5,-56.,0.));
#15601=CARTESIAN_POINT('',(-30.,-56.,0.));
#15602=CARTESIAN_POINT('',(-1.5,-56.,0.));
#15603=CARTESIAN_POINT('',(-1.5,-57.,0.));
#15604=CARTESIAN_POINT('',(-0.5,-6.822520673275,0.));
#15605=CARTESIAN_POINT('',(-1.5,-6.822520673275,0.));
#15606=CARTESIAN_POINT('',(0.5,-6.822520673275,0.));
#15607=CARTESIAN_POINT('',(0.5,-9.072520673275,0.));
#15608=CARTESIAN_POINT('',(0.5,-11.322520673275,0.));
#15609=CARTESIAN_POINT('',(-0.5,-11.322520673275,0.));
#15610=CARTESIAN_POINT('',(-1.5,-11.322520673275,0.));
#15611=CARTESIAN_POINT('',(-1.5,-9.072520673275,0.));
#15612=CARTESIAN_POINT('',(-0.5,-25.4585722386837,0.));
#15613=CARTESIAN_POINT('',(-1.5,-25.4585722386837,0.));
#15614=CARTESIAN_POINT('',(0.5,-25.4585722386837,0.));
#15615=CARTESIAN_POINT('',(0.5,-27.7085722386837,0.));
#15616=CARTESIAN_POINT('',(0.5,-29.9585722386837,0.));
#15617=CARTESIAN_POINT('',(-0.5,-29.9585722386837,0.));
#15618=CARTESIAN_POINT('',(-1.5,-29.9585722386837,0.));
#15619=CARTESIAN_POINT('',(-1.5,-27.7085722386837,0.));
#15620=CARTESIAN_POINT('',(-0.500000000000009,-47.1933426260948,0.));
#15621=CARTESIAN_POINT('',(-1.5,-47.1933426260948,0.));
#15622=CARTESIAN_POINT('',(0.49999999999999,-47.1933426260948,0.));
#15623=CARTESIAN_POINT('',(0.499999999999991,-49.4433426260948,0.));
#15624=CARTESIAN_POINT('',(0.499999999999991,-51.6933426260948,0.));
#15625=CARTESIAN_POINT('',(-0.500000000000009,-51.6933426260948,0.));
#15626=CARTESIAN_POINT('',(-1.5,-51.6933426260948,0.));
#15627=CARTESIAN_POINT('',(-1.5,-49.4433426260948,0.));
#15628=CARTESIAN_POINT('',(0.,36.,0.));
#15629=CARTESIAN_POINT('',(13.55,36.,0.));
#15630=CARTESIAN_POINT('',(1.04083408558608E-14,60.,-2.));
#15631=CARTESIAN_POINT('',(-28.5,60.,26.));
#15632=CARTESIAN_POINT('',(-28.5,60.,-1.));
#15633=CARTESIAN_POINT('',(-28.5,60.,25.));
#15634=CARTESIAN_POINT('',(28.5,60.,25.));
#15635=CARTESIAN_POINT('',(28.5,60.,25.));
#15636=CARTESIAN_POINT('',(28.5,60.,-2.));
#15637=CARTESIAN_POINT('',(28.5,60.,-1.));
#15638=CARTESIAN_POINT('',(1.04083408558608E-14,60.,-1.));
#15639=CARTESIAN_POINT('',(-32.5,0.,-2.));
#15640=CARTESIAN_POINT('',(-32.5,-28.7,20.8));
#15641=CARTESIAN_POINT('',(-32.5,-32.2,20.8));
#15642=CARTESIAN_POINT('',(-32.5,-25.2,20.8));
#15643=CARTESIAN_POINT('',(-32.5,-32.2,18.8));
#15644=CARTESIAN_POINT('',(-32.5,-34.2,18.8));
#15645=CARTESIAN_POINT('',(-32.5,-34.2,18.15));
#15646=CARTESIAN_POINT('',(-32.5,-34.2,17.5));
#15647=CARTESIAN_POINT('',(-32.5,-32.2,17.5));
#15648=CARTESIAN_POINT('',(-32.5,-32.2,15.5));
#15649=CARTESIAN_POINT('',(-32.5,-28.7,15.5));
#15650=CARTESIAN_POINT('',(-32.5,-25.2,15.5));
#15651=CARTESIAN_POINT('',(-32.5,-25.2,17.5));
#15652=CARTESIAN_POINT('',(-32.5,-23.2,17.5));
#15653=CARTESIAN_POINT('',(-32.5,-23.2,18.15));
#15654=CARTESIAN_POINT('',(-32.5,-23.2,18.8));
#15655=CARTESIAN_POINT('',(-32.5,-25.2,18.8));
#15656=CARTESIAN_POINT('',(-32.5,17.,12.));
#15657=CARTESIAN_POINT('',(-32.5,23.35,12.));
#15658=CARTESIAN_POINT('',(-32.5,-56.,-2.));
#15659=CARTESIAN_POINT('',(-32.5,-56.,-1.));
#15660=CARTESIAN_POINT('',(-32.5,-56.,25.));
#15661=CARTESIAN_POINT('',(-32.5,0.,25.));
#15662=CARTESIAN_POINT('',(-32.5,56.,25.));
#15663=CARTESIAN_POINT('',(-32.5,56.,-2.));
#15664=CARTESIAN_POINT('',(-32.5,56.,-1.));
#15665=CARTESIAN_POINT('',(-32.5,-56.,-1.));
#15666=CARTESIAN_POINT('',(-1.38777878078145E-14,-60.,-2.));
#15667=CARTESIAN_POINT('',(-7.5,-60.,24.));
#15668=CARTESIAN_POINT('',(-7.5,-60.,25.));
#15669=CARTESIAN_POINT('',(-7.5,-60.,24.));
#15670=CARTESIAN_POINT('',(-1.38777878078145E-14,-60.,25.));
#15671=CARTESIAN_POINT('',(-28.5,-60.,25.));
#15672=CARTESIAN_POINT('',(-28.5,-60.,-2.));
#15673=CARTESIAN_POINT('',(-28.5,-60.,-1.));
#15674=CARTESIAN_POINT('',(28.5,-60.,-1.));
#15675=CARTESIAN_POINT('',(28.5,-60.,-1.));
#15676=CARTESIAN_POINT('',(28.5,-60.,26.));
#15677=CARTESIAN_POINT('',(28.5,-60.,25.));
#15678=CARTESIAN_POINT('',(-1.38777878078145E-14,-60.,25.));
#15679=CARTESIAN_POINT('',(7.5,-60.,25.));
#15680=CARTESIAN_POINT('',(7.5,-60.,24.));
#15681=CARTESIAN_POINT('',(7.5,-60.,24.));
#15682=CARTESIAN_POINT('',(5.5,-60.,24.));
#15683=CARTESIAN_POINT('',(5.5,-60.,22.));
#15684=CARTESIAN_POINT('',(0.,-60.,22.));
#15685=CARTESIAN_POINT('',(-5.5,-60.,22.));
#15686=CARTESIAN_POINT('',(-5.5,-60.,24.));
#15687=CARTESIAN_POINT('',(14.,-60.,12.));
#15688=CARTESIAN_POINT('',(14.,-60.,15.55));
#15689=CARTESIAN_POINT('',(32.5,0.,-2.));
#15690=CARTESIAN_POINT('',(32.5,17.,12.));
#15691=CARTESIAN_POINT('',(32.5,10.65,12.));
#15692=CARTESIAN_POINT('',(32.5,56.,-2.));
#15693=CARTESIAN_POINT('',(32.5,56.,-1.));
#15694=CARTESIAN_POINT('',(32.5,56.,25.));
#15695=CARTESIAN_POINT('',(32.5,-56.,25.));
#15696=CARTESIAN_POINT('',(32.5,-56.,25.));
#15697=CARTESIAN_POINT('',(32.5,-56.,-2.));
#15698=CARTESIAN_POINT('',(32.5,-56.,-1.));
#15699=CARTESIAN_POINT('',(32.5,0.,-1.));
#15700=CARTESIAN_POINT('',(0.,0.,-2.));
#15701=CARTESIAN_POINT('',(28.5,56.,-2.));
#15702=CARTESIAN_POINT('',(28.5,59.,-2.));
#15703=CARTESIAN_POINT('',(31.5,56.,-2.));
#15704=CARTESIAN_POINT('',(31.5,-5.46437894932694E-15,-2.));
#15705=CARTESIAN_POINT('',(31.5,-56.,-2.));
#15706=CARTESIAN_POINT('',(28.5,-56.,-2.));
#15707=CARTESIAN_POINT('',(28.5,-59.,-2.));
#15708=CARTESIAN_POINT('',(-28.5,-59.,-2.));
#15709=CARTESIAN_POINT('',(-28.5,-59.,-2.));
#15710=CARTESIAN_POINT('',(-28.5,-56.,-2.));
#15711=CARTESIAN_POINT('',(-31.5,-56.,-2.));
#15712=CARTESIAN_POINT('',(-31.5,56.,-2.));
#15713=CARTESIAN_POINT('',(-31.5,56.,-2.));
#15714=CARTESIAN_POINT('',(-28.5,56.,-2.));
#15715=CARTESIAN_POINT('',(-28.5,59.,-2.));
#15716=CARTESIAN_POINT('',(0.,59.,-2.));
#15717=CARTESIAN_POINT('',(0.,36.,10.5));
#15718=CARTESIAN_POINT('',(0.,36.,9.5));
#15719=CARTESIAN_POINT('',(11.55,36.,9.5));
#15720=CARTESIAN_POINT('',(0.,36.,0.));
#15721=CARTESIAN_POINT('',(11.55,36.,0.));
#15722=CARTESIAN_POINT('',(0.,36.,10.5));
#15723=CARTESIAN_POINT('',(0.,36.,10.5));
#15724=CARTESIAN_POINT('',(13.55,36.,10.5));
#15725=CARTESIAN_POINT('',(0.,0.,10.5));
#15726=CARTESIAN_POINT('',(0.,36.,10.5));
#15727=CARTESIAN_POINT('',(12.55,36.,10.5));
#15728=CARTESIAN_POINT('',(0.,0.,0.));
#15729=CARTESIAN_POINT('',(-0.500000000000009,-47.1933426260948,6.));
#15730=CARTESIAN_POINT('',(-1.5,-47.1933426260948,6.));
#15731=CARTESIAN_POINT('',(-1.5,-47.1933426260948,6.));
#15732=CARTESIAN_POINT('',(-0.500000000000009,-47.1933426260948,6.));
#15733=CARTESIAN_POINT('',(0.49999999999999,-47.1933426260948,6.));
#15734=CARTESIAN_POINT('',(0.49999999999999,-47.1933426260948,6.));
#15735=CARTESIAN_POINT('',(-1.5,-49.4433426260948,6.));
#15736=CARTESIAN_POINT('',(-1.5,-51.6933426260948,6.));
#15737=CARTESIAN_POINT('',(-1.5,-51.6933426260948,6.));
#15738=CARTESIAN_POINT('',(-1.5,-49.4433426260948,6.));
#15739=CARTESIAN_POINT('',(-0.500000000000009,-51.6933426260948,6.));
#15740=CARTESIAN_POINT('',(0.499999999999991,-51.6933426260948,6.));
#15741=CARTESIAN_POINT('',(0.499999999999991,-51.6933426260948,6.));
#15742=CARTESIAN_POINT('',(-0.500000000000009,-51.6933426260948,6.));
#15743=CARTESIAN_POINT('',(0.499999999999991,-49.4433426260948,6.));
#15744=CARTESIAN_POINT('',(0.499999999999991,-49.4433426260948,6.));
#15745=CARTESIAN_POINT('',(0.,0.,6.));
#15746=CARTESIAN_POINT('',(-0.5,-25.4585722386837,6.));
#15747=CARTESIAN_POINT('',(-1.5,-25.4585722386837,6.));
#15748=CARTESIAN_POINT('',(-1.5,-25.4585722386837,6.));
#15749=CARTESIAN_POINT('',(-0.5,-25.4585722386837,6.));
#15750=CARTESIAN_POINT('',(0.5,-25.4585722386837,6.));
#15751=CARTESIAN_POINT('',(0.5,-25.4585722386837,6.));
#15752=CARTESIAN_POINT('',(-1.5,-27.7085722386837,6.));
#15753=CARTESIAN_POINT('',(-1.5,-29.9585722386837,6.));
#15754=CARTESIAN_POINT('',(-1.5,-29.9585722386837,6.));
#15755=CARTESIAN_POINT('',(-1.5,-27.7085722386837,6.));
#15756=CARTESIAN_POINT('',(-0.5,-29.9585722386837,6.));
#15757=CARTESIAN_POINT('',(0.5,-29.9585722386837,6.));
#15758=CARTESIAN_POINT('',(0.5,-29.9585722386837,6.));
#15759=CARTESIAN_POINT('',(-0.5,-29.9585722386837,6.));
#15760=CARTESIAN_POINT('',(0.5,-27.7085722386837,6.));
#15761=CARTESIAN_POINT('',(0.5,-27.7085722386837,6.));
#15762=CARTESIAN_POINT('',(0.,0.,6.));
#15763=CARTESIAN_POINT('',(-0.5,-6.822520673275,6.));
#15764=CARTESIAN_POINT('',(-1.5,-6.822520673275,6.));
#15765=CARTESIAN_POINT('',(-1.5,-6.822520673275,6.));
#15766=CARTESIAN_POINT('',(-0.5,-6.822520673275,6.));
#15767=CARTESIAN_POINT('',(0.5,-6.822520673275,6.));
#15768=CARTESIAN_POINT('',(0.5,-6.822520673275,6.));
#15769=CARTESIAN_POINT('',(-1.5,-9.072520673275,6.));
#15770=CARTESIAN_POINT('',(-1.5,-11.322520673275,6.));
#15771=CARTESIAN_POINT('',(-1.5,-11.322520673275,6.));
#15772=CARTESIAN_POINT('',(-1.5,-9.072520673275,6.));
#15773=CARTESIAN_POINT('',(-0.5,-11.322520673275,6.));
#15774=CARTESIAN_POINT('',(0.5,-11.322520673275,6.));
#15775=CARTESIAN_POINT('',(0.5,-11.322520673275,6.));
#15776=CARTESIAN_POINT('',(-0.5,-11.322520673275,6.));
#15777=CARTESIAN_POINT('',(0.5,-9.072520673275,6.));
#15778=CARTESIAN_POINT('',(0.5,-9.072520673275,6.));
#15779=CARTESIAN_POINT('',(0.,0.,6.));
#15780=CARTESIAN_POINT('',(-12.7200465649365,1.0842021724855E-15,6.));
#15781=CARTESIAN_POINT('',(-12.7200465649365,-1.,6.));
#15782=CARTESIAN_POINT('',(-12.7200465649365,-1.,2.5));
#15783=CARTESIAN_POINT('',(-12.7200465649365,-1.,6.));
#15784=CARTESIAN_POINT('',(-12.7200465649365,-1.,6.));
#15785=CARTESIAN_POINT('',(-12.7200465649365,1.0842021724855E-15,6.));
#15786=CARTESIAN_POINT('',(-12.7200465649365,1.,6.));
#15787=CARTESIAN_POINT('',(-12.7200465649365,1.,6.));
#15788=CARTESIAN_POINT('',(-10.4700465649364,-1.,6.));
#15789=CARTESIAN_POINT('',(-4.86002328246823,-1.,2.5));
#15790=CARTESIAN_POINT('',(-8.22004656493645,-1.,2.5));
#15791=CARTESIAN_POINT('',(-8.22004656493645,-1.,6.));
#15792=CARTESIAN_POINT('',(-8.22004656493645,-1.,6.));
#15793=CARTESIAN_POINT('',(-10.4700465649364,-1.,6.));
#15794=CARTESIAN_POINT('',(-8.22004656493645,-4.33680868994202E-16,6.));
#15795=CARTESIAN_POINT('',(-8.22004656493645,1.,6.));
#15796=CARTESIAN_POINT('',(-8.22004656493645,1.,6.));
#15797=CARTESIAN_POINT('',(-8.22004656493645,-4.33680868994202E-16,6.));
#15798=CARTESIAN_POINT('',(-8.22004656493645,-1.,6.));
#15799=CARTESIAN_POINT('',(-10.4700465649364,1.,6.));
#15800=CARTESIAN_POINT('',(-10.4700465649364,1.,6.));
#15801=CARTESIAN_POINT('',(0.,0.,6.));
#15802=CARTESIAN_POINT('',(-4.86002328246823,-1.,2.5));
#15803=CARTESIAN_POINT('',(-4.86002328246823,-1.,2.5));
#15804=CARTESIAN_POINT('',(-1.5,-1.,2.5));
#15805=CARTESIAN_POINT('',(-1.5,-1.,2.5));
#15806=CARTESIAN_POINT('',(-4.86002328246823,-1.,2.5));
#15807=CARTESIAN_POINT('',(-4.86002328246823,-1.,2.5));
#15808=CARTESIAN_POINT('',(-29.5,-1.,2.5));
#15809=CARTESIAN_POINT('',(-30.,-1.,6.));
#15810=CARTESIAN_POINT('',(-29.5,-1.,6.));
#15811=CARTESIAN_POINT('',(-29.5,-1.,6.));
#15812=CARTESIAN_POINT('',(-15.5,-3.,2.5));
#15813=CARTESIAN_POINT('',(-1.5,-3.,2.5));
#15814=CARTESIAN_POINT('',(-1.5,-3.,2.5));
#15815=CARTESIAN_POINT('',(-15.5,-3.,2.5));
#15816=CARTESIAN_POINT('',(-29.5,-3.,2.5));
#15817=CARTESIAN_POINT('',(-29.5,-3.,2.5));
#15818=CARTESIAN_POINT('',(-1.5,-2.,2.5));
#15819=CARTESIAN_POINT('',(-1.5,-2.,2.5));
#15820=CARTESIAN_POINT('',(0.,0.,2.5));
#15821=CARTESIAN_POINT('',(-29.5,-2.,2.5));
#15822=CARTESIAN_POINT('',(-30.,-56.,2.5));
#15823=CARTESIAN_POINT('',(-29.5,-56.,6.));
#15824=CARTESIAN_POINT('',(-29.5,-56.,2.5));
#15825=CARTESIAN_POINT('',(-30.,-56.,2.5));
#15826=CARTESIAN_POINT('',(-1.5,-56.,2.5));
#15827=CARTESIAN_POINT('',(-1.5,-56.,2.5));
#15828=CARTESIAN_POINT('',(-1.5,-57.,2.5));
#15829=CARTESIAN_POINT('',(-1.5,-57.,2.5));
#15830=CARTESIAN_POINT('',(0.,0.,2.5));
#15831=CARTESIAN_POINT('',(-30.,-56.,2.5));
#15832=CARTESIAN_POINT('',(-30.5,-56.,2.5));
#15833=CARTESIAN_POINT('',(-28.5,-56.,2.5));
#15834=CARTESIAN_POINT('',(-30.,-56.,6.));
#15835=CARTESIAN_POINT('',(-30.5,-56.,6.));
#15836=CARTESIAN_POINT('',(-29.5,-56.,6.));
#15837=CARTESIAN_POINT('',(-29.5,-56.,6.));
#15838=CARTESIAN_POINT('',(-30.,-56.,6.));
#15839=CARTESIAN_POINT('',(-29.5,-29.5,6.));
#15840=CARTESIAN_POINT('',(-29.5,-29.5,6.));
#15841=CARTESIAN_POINT('',(0.,0.,6.));
#15842=CARTESIAN_POINT('',(-32.5,17.,12.));
#15843=CARTESIAN_POINT('',(-32.5,-34.2,18.15));
#15844=CARTESIAN_POINT('',(-32.5,-34.2,18.8));
#15845=CARTESIAN_POINT('',(-32.5,-34.2,17.5));
#15846=CARTESIAN_POINT('',(-32.5,-28.7,15.5));
#15847=CARTESIAN_POINT('',(-30.5,-32.2,15.5));
#15848=CARTESIAN_POINT('',(-32.5,-25.2,15.5));
#15849=CARTESIAN_POINT('',(-32.5,-23.2,18.15));
#15850=CARTESIAN_POINT('',(-32.5,-23.2,18.8));
#15851=CARTESIAN_POINT('',(-32.5,-23.2,17.5));
#15852=CARTESIAN_POINT('',(-32.5,-28.7,20.8));
#15853=CARTESIAN_POINT('',(-30.5,-25.2,20.8));
#15854=CARTESIAN_POINT('',(-32.5,-32.2,20.8));
#15855=CARTESIAN_POINT('',(14.,-60.,12.));
#15856=CARTESIAN_POINT('',(32.5,17.,12.));
#15857=CARTESIAN_POINT('',(-30.5,58.,17.0717967697245));
#15858=CARTESIAN_POINT('',(-30.5,56.,20.5358983848623));
#15859=CARTESIAN_POINT('',(-30.5,56.1098531201975,20.3456271993102));
#15860=CARTESIAN_POINT('',(-30.4819511496512,56.3290737840205,19.965785100519));
#15861=CARTESIAN_POINT('',(-30.3997578956642,56.6570907383897,19.4005829233596));
#15862=CARTESIAN_POINT('',(-30.2747453486907,56.9379334170054,18.9426991485551));
#15863=CARTESIAN_POINT('',(-30.1203487956222,57.18257027233,18.6146611007581));
#15864=CARTESIAN_POINT('',(-29.9155306413976,57.4263179432536,18.4500232242239));
#15865=CARTESIAN_POINT('',(-29.6734922638044,57.6266561296739,18.62571595292));
#15866=CARTESIAN_POINT('',(-29.4314180583233,57.7780422570254,18.9527747134578));
#15867=CARTESIAN_POINT('',(-29.1518321437385,57.9014035300134,19.4096401071387));
#15868=CARTESIAN_POINT('',(-28.8270118463411,57.9821119443843,19.9693525057052));
#15869=CARTESIAN_POINT('',(-28.6093095846948,58.,20.3465686304166));
#15870=CARTESIAN_POINT('',(-28.5,58.,20.5358983848623));
#15871=CARTESIAN_POINT('',(-30.5,58.,24.));
#15872=CARTESIAN_POINT('',(-30.5,56.,24.));
#15873=CARTESIAN_POINT('',(-28.5,56.,24.));
#15874=CARTESIAN_POINT('',(30.5,58.,17.0717967697245));
#15875=CARTESIAN_POINT('',(28.5,58.,20.5358983848622));
#15876=CARTESIAN_POINT('',(28.6098531201975,58.,20.3456271993102));
#15877=CARTESIAN_POINT('',(28.8290737840205,57.9819511496512,19.965785100519));
#15878=CARTESIAN_POINT('',(29.1570907383896,57.8997578956642,19.4005829233596));
#15879=CARTESIAN_POINT('',(29.4379334170053,57.7747453486907,18.9426991485552));
#15880=CARTESIAN_POINT('',(29.6825702723299,57.6203487956222,18.6146611007581));
#15881=CARTESIAN_POINT('',(29.9263179432535,57.4155306413977,18.4500232242239));
#15882=CARTESIAN_POINT('',(30.1266561296738,57.1734922638044,18.6257159529199));
#15883=CARTESIAN_POINT('',(30.2780422570254,56.9314180583234,18.9527747134577));
#15884=CARTESIAN_POINT('',(30.4014035300134,56.6518321437385,19.4096401071386));
#15885=CARTESIAN_POINT('',(30.4821119443843,56.3270118463411,19.9693525057052));
#15886=CARTESIAN_POINT('',(30.5,56.1093095846948,20.3465686304166));
#15887=CARTESIAN_POINT('',(30.5,56.,20.5358983848622));
#15888=CARTESIAN_POINT('',(30.5,58.,24.));
#15889=CARTESIAN_POINT('',(30.5,56.,24.));
#15890=CARTESIAN_POINT('',(28.5,56.,24.));
#15891=CARTESIAN_POINT('',(30.5,-58.,17.0717967697245));
#15892=CARTESIAN_POINT('',(30.5,-56.,20.5358983848623));
#15893=CARTESIAN_POINT('',(30.5,-56.1098531201975,20.3456271993102));
#15894=CARTESIAN_POINT('',(30.4819511496512,-56.3290737840205,19.965785100519));
#15895=CARTESIAN_POINT('',(30.3997578956642,-56.6570907383897,19.4005829233596));
#15896=CARTESIAN_POINT('',(30.2747453486907,-56.9379334170054,18.9426991485551));
#15897=CARTESIAN_POINT('',(30.1203487956222,-57.18257027233,18.6146611007581));
#15898=CARTESIAN_POINT('',(29.9155306413976,-57.4263179432536,18.4500232242239));
#15899=CARTESIAN_POINT('',(29.6734922638044,-57.6266561296738,18.62571595292));
#15900=CARTESIAN_POINT('',(29.4314180583233,-57.7780422570255,18.9527747134577));
#15901=CARTESIAN_POINT('',(29.1518321437385,-57.9014035300134,19.4096401071387));
#15902=CARTESIAN_POINT('',(28.8270118463411,-57.9821119443843,19.9693525057052));
#15903=CARTESIAN_POINT('',(28.6093095846948,-58.,20.3465686304166));
#15904=CARTESIAN_POINT('',(28.5,-58.,20.5358983848623));
#15905=CARTESIAN_POINT('',(30.5,-58.,24.));
#15906=CARTESIAN_POINT('',(30.5,-56.,24.));
#15907=CARTESIAN_POINT('',(28.5,-56.,24.));
#15908=CARTESIAN_POINT('',(-30.5,-58.,17.0717967697245));
#15909=CARTESIAN_POINT('',(-28.5,-58.,20.5358983848622));
#15910=CARTESIAN_POINT('',(-28.6098531201975,-58.,20.3456271993102));
#15911=CARTESIAN_POINT('',(-28.8290737840205,-57.9819511496512,19.965785100519));
#15912=CARTESIAN_POINT('',(-29.1570907383896,-57.8997578956642,19.4005829233596));
#15913=CARTESIAN_POINT('',(-29.4379334170054,-57.7747453486907,18.9426991485552));
#15914=CARTESIAN_POINT('',(-29.6825702723299,-57.6203487956222,18.6146611007581));
#15915=CARTESIAN_POINT('',(-29.9263179432535,-57.4155306413977,18.4500232242239));
#15916=CARTESIAN_POINT('',(-30.1266561296738,-57.1734922638045,18.6257159529199));
#15917=CARTESIAN_POINT('',(-30.2780422570254,-56.9314180583234,18.9527747134576));
#15918=CARTESIAN_POINT('',(-30.4014035300134,-56.6518321437385,19.4096401071386));
#15919=CARTESIAN_POINT('',(-30.4821119443843,-56.3270118463411,19.9693525057052));
#15920=CARTESIAN_POINT('',(-30.5,-56.1093095846948,20.3465686304166));
#15921=CARTESIAN_POINT('',(-30.5,-56.,20.5358983848622));
#15922=CARTESIAN_POINT('',(-30.5,-58.,24.));
#15923=CARTESIAN_POINT('',(-30.5,-56.,24.));
#15924=CARTESIAN_POINT('',(-28.5,-56.,24.));
#15925=CARTESIAN_POINT('',(-7.5,-58.,24.));
#15926=CARTESIAN_POINT('',(-7.5,-59.,25.));
#15927=CARTESIAN_POINT('',(-7.5,-58.,24.));
#15928=CARTESIAN_POINT('',(0.,-58.,22.));
#15929=CARTESIAN_POINT('',(5.5,-58.,22.));
#15930=CARTESIAN_POINT('',(-5.5,-60.,22.));
#15931=CARTESIAN_POINT('',(7.5,-58.,24.));
#15932=CARTESIAN_POINT('',(7.5,-59.,25.));
#15933=CARTESIAN_POINT('',(7.5,-58.,24.));
#15934=CARTESIAN_POINT('',(28.5,-56.,26.));
#15935=CARTESIAN_POINT('',(28.5,-56.,26.));
#15936=CARTESIAN_POINT('',(-28.5,-56.,26.));
#15937=CARTESIAN_POINT('',(-28.5,-56.,26.));
#15938=CARTESIAN_POINT('',(28.5,56.,26.));
#15939=CARTESIAN_POINT('',(28.5,56.,26.));
#15940=CARTESIAN_POINT('',(-28.5,56.,26.));
#15941=CARTESIAN_POINT('',(-28.5,56.,26.));
#15942=CARTESIAN_POINT('',(-28.5,-56.,-2.));
#15943=CARTESIAN_POINT('',(-28.5,-56.,25.));
#15944=CARTESIAN_POINT('',(-28.5,-56.,-1.));
#15945=CARTESIAN_POINT('',(-28.5,56.,-2.));
#15946=CARTESIAN_POINT('',(-28.5,56.,25.));
#15947=CARTESIAN_POINT('',(-28.5,56.,-1.));
#15948=CARTESIAN_POINT('',(28.5,56.,-2.));
#15949=CARTESIAN_POINT('',(28.5,56.,25.));
#15950=CARTESIAN_POINT('',(28.5,56.,-1.));
#15951=CARTESIAN_POINT('',(28.5,-56.,-2.));
#15952=CARTESIAN_POINT('',(28.5,-56.,25.));
#15953=CARTESIAN_POINT('',(28.5,-56.,-1.));
#15954=CARTESIAN_POINT('',(-32.5,-25.2,18.8));
#15955=CARTESIAN_POINT('',(-32.5,-32.2,18.8));
#15956=CARTESIAN_POINT('',(-32.5,-32.2,17.5));
#15957=CARTESIAN_POINT('',(-32.5,-25.2,17.5));
#15958=CARTESIAN_POINT('',(5.5,-58.,24.));
#15959=CARTESIAN_POINT('',(-5.5,-58.,24.));
#15960=CARTESIAN_POINT('',(0.,-59.,25.));
#15961=CARTESIAN_POINT('',(28.5,-59.,25.));
#15962=CARTESIAN_POINT('',(28.5,-56.,25.));
#15963=CARTESIAN_POINT('',(31.5,-56.,25.));
#15964=CARTESIAN_POINT('',(31.5,1.73472347597681E-16,25.));
#15965=CARTESIAN_POINT('',(31.5,56.,25.));
#15966=CARTESIAN_POINT('',(28.5,56.,25.));
#15967=CARTESIAN_POINT('',(28.5,59.,25.));
#15968=CARTESIAN_POINT('',(1.04083408558608E-14,59.,25.));
#15969=CARTESIAN_POINT('',(-28.5,59.,25.));
#15970=CARTESIAN_POINT('',(-28.5,56.,25.));
#15971=CARTESIAN_POINT('',(-31.5,56.,25.));
#15972=CARTESIAN_POINT('',(-31.5,5.46437894932694E-15,25.));
#15973=CARTESIAN_POINT('',(-31.5,-56.,25.));
#15974=CARTESIAN_POINT('',(-28.5,-56.,25.));
#15975=CARTESIAN_POINT('',(-28.5,-59.,25.));
#15976=CARTESIAN_POINT('',(0.,-59.,25.));
#15977=CARTESIAN_POINT('',(-31.5,-1.73472347597681E-16,-1.));
#15978=CARTESIAN_POINT('',(-31.5,-56.,-1.));
#15979=CARTESIAN_POINT('',(-31.5,56.,-1.));
#15980=CARTESIAN_POINT('',(-28.5,56.,-1.));
#15981=CARTESIAN_POINT('',(-28.5,59.,-1.));
#15982=CARTESIAN_POINT('',(-28.5,-56.,-1.));
#15983=CARTESIAN_POINT('',(-28.5,-59.,-1.));
#15984=CARTESIAN_POINT('',(0.,59.,-1.));
#15985=CARTESIAN_POINT('',(28.5,59.,-1.));
#15986=CARTESIAN_POINT('',(-1.38777878078145E-14,-59.,-1.));
#15987=CARTESIAN_POINT('',(28.5,-59.,-1.));
#15988=CARTESIAN_POINT('',(28.5,56.,-1.));
#15989=CARTESIAN_POINT('',(31.5,56.,-1.));
#15990=CARTESIAN_POINT('',(28.5,-56.,-1.));
#15991=CARTESIAN_POINT('',(31.5,-56.,-1.));
#15992=CARTESIAN_POINT('',(31.5,-5.46437894932694E-15,-1.));
#15993=CARTESIAN_POINT('',(0.,36.,9.5));
#15994=CARTESIAN_POINT('',(-18.5,59.,21.1));
#15995=CARTESIAN_POINT('',(-21.2,59.,21.1));
#15996=CARTESIAN_POINT('',(-21.2,59.,21.1));
#15997=CARTESIAN_POINT('',(-18.5,59.,21.1));
#15998=CARTESIAN_POINT('',(-15.8,59.,21.1));
#15999=CARTESIAN_POINT('',(-15.8,59.,21.1));
#16000=CARTESIAN_POINT('',(-21.2,59.,20.55));
#16001=CARTESIAN_POINT('',(-21.2,59.,20.));
#16002=CARTESIAN_POINT('',(-21.2,59.,20.));
#16003=CARTESIAN_POINT('',(-21.2,59.,20.55));
#16004=CARTESIAN_POINT('',(-18.5,59.,20.));
#16005=CARTESIAN_POINT('',(-15.8,59.,20.));
#16006=CARTESIAN_POINT('',(-15.8,59.,20.));
#16007=CARTESIAN_POINT('',(-18.5,59.,20.));
#16008=CARTESIAN_POINT('',(-15.8,59.,20.55));
#16009=CARTESIAN_POINT('',(-15.8,59.,20.55));
#16010=CARTESIAN_POINT('',(1.38777878078145E-14,59.,13.));
#16011=CARTESIAN_POINT('',(18.5,59.,21.1));
#16012=CARTESIAN_POINT('',(15.8,59.,21.1));
#16013=CARTESIAN_POINT('',(15.8,59.,21.1));
#16014=CARTESIAN_POINT('',(18.5,59.,21.1));
#16015=CARTESIAN_POINT('',(21.2,59.,21.1));
#16016=CARTESIAN_POINT('',(21.2,59.,21.1));
#16017=CARTESIAN_POINT('',(21.2,59.,20.55));
#16018=CARTESIAN_POINT('',(21.2,59.,20.55));
#16019=CARTESIAN_POINT('',(21.2,59.,20.));
#16020=CARTESIAN_POINT('',(21.2,59.,20.));
#16021=CARTESIAN_POINT('',(18.5,59.,20.));
#16022=CARTESIAN_POINT('',(18.5,59.,20.));
#16023=CARTESIAN_POINT('',(15.8,59.,20.));
#16024=CARTESIAN_POINT('',(15.8,59.,20.));
#16025=CARTESIAN_POINT('',(15.8,59.,20.55));
#16026=CARTESIAN_POINT('',(15.8,59.,20.55));
#16027=CARTESIAN_POINT('',(-1.38777878078145E-14,59.,13.));
#16028=CARTESIAN_POINT('',(18.5,-59.,21.1));
#16029=CARTESIAN_POINT('',(21.2,-59.,21.1));
#16030=CARTESIAN_POINT('',(21.2,-59.,21.1));
#16031=CARTESIAN_POINT('',(18.5,-59.,21.1));
#16032=CARTESIAN_POINT('',(15.8,-59.,21.1));
#16033=CARTESIAN_POINT('',(15.8,-59.,21.1));
#16034=CARTESIAN_POINT('',(21.2,-59.,20.55));
#16035=CARTESIAN_POINT('',(21.2,-59.,20.));
#16036=CARTESIAN_POINT('',(21.2,-59.,20.));
#16037=CARTESIAN_POINT('',(21.2,-59.,20.55));
#16038=CARTESIAN_POINT('',(18.5,-59.,20.));
#16039=CARTESIAN_POINT('',(15.8,-59.,20.));
#16040=CARTESIAN_POINT('',(15.8,-59.,20.));
#16041=CARTESIAN_POINT('',(18.5,-59.,20.));
#16042=CARTESIAN_POINT('',(15.8,-59.,20.55));
#16043=CARTESIAN_POINT('',(15.8,-59.,20.55));
#16044=CARTESIAN_POINT('',(-1.38777878078145E-14,-59.,13.));
#16045=CARTESIAN_POINT('',(-18.5,-59.,21.1));
#16046=CARTESIAN_POINT('',(-15.8,-59.,21.1));
#16047=CARTESIAN_POINT('',(-15.8,-59.,21.1));
#16048=CARTESIAN_POINT('',(-18.5,-59.,21.1));
#16049=CARTESIAN_POINT('',(-21.2,-59.,21.1));
#16050=CARTESIAN_POINT('',(-21.2,-59.,21.1));
#16051=CARTESIAN_POINT('',(-21.2,-59.,20.55));
#16052=CARTESIAN_POINT('',(-21.2,-59.,20.55));
#16053=CARTESIAN_POINT('',(-21.2,-59.,20.));
#16054=CARTESIAN_POINT('',(-21.2,-59.,20.));
#16055=CARTESIAN_POINT('',(-18.5,-59.,20.));
#16056=CARTESIAN_POINT('',(-18.5,-59.,20.));
#16057=CARTESIAN_POINT('',(-15.8,-59.,20.));
#16058=CARTESIAN_POINT('',(-15.8,-59.,20.));
#16059=CARTESIAN_POINT('',(-15.8,-59.,20.55));
#16060=CARTESIAN_POINT('',(-15.8,-59.,20.55));
#16061=CARTESIAN_POINT('',(1.38777878078145E-14,-59.,13.));
#16062=CARTESIAN_POINT('',(-29.,-4.,24.));
#16063=CARTESIAN_POINT('',(-29.,-4.,24.));
#16064=CARTESIAN_POINT('',(-28.,-4.,24.));
#16065=CARTESIAN_POINT('',(-28.,-4.,24.));
#16066=CARTESIAN_POINT('',(-28.,4.,24.));
#16067=CARTESIAN_POINT('',(-29.,4.,24.));
#16068=CARTESIAN_POINT('',(-29.,-4.,21.4019237886467));
#16069=CARTESIAN_POINT('',(-29.,4.,21.4019237886467));
#16070=CARTESIAN_POINT('',(-28.,4.,23.1339745962156));
#16071=CARTESIAN_POINT('',(-28.,-4.,23.1339745962156));
#16072=CARTESIAN_POINT('',(-28.,-4.,23.1339745962156));
#16073=CARTESIAN_POINT('',(-29.,-4.,21.4019237886467));
#16074=CARTESIAN_POINT('',(-29.,-4.,13.));
#16075=CARTESIAN_POINT('',(-28.,-4.,13.));
#16076=CARTESIAN_POINT('',(-29.,4.,13.));
#16077=CARTESIAN_POINT('',(-28.,4.,24.));
#16078=CARTESIAN_POINT('',(-28.,-4.,24.));
#16079=CARTESIAN_POINT('',(29.,-4.,24.));
#16080=CARTESIAN_POINT('',(29.,-4.,24.));
#16081=CARTESIAN_POINT('',(28.,-4.,24.));
#16082=CARTESIAN_POINT('',(29.,4.,24.));
#16083=CARTESIAN_POINT('',(28.,4.,24.));
#16084=CARTESIAN_POINT('',(28.,-4.,24.));
#16085=CARTESIAN_POINT('',(29.,-4.,21.4019237886467));
#16086=CARTESIAN_POINT('',(29.,4.,21.4019237886467));
#16087=CARTESIAN_POINT('',(28.,4.,23.1339745962156));
#16088=CARTESIAN_POINT('',(29.,-4.,21.4019237886467));
#16089=CARTESIAN_POINT('',(28.,-4.,23.1339745962156));
#16090=CARTESIAN_POINT('',(28.,-4.,23.1339745962156));
#16091=CARTESIAN_POINT('',(29.,-4.,13.));
#16092=CARTESIAN_POINT('',(28.,-4.,13.));
#16093=CARTESIAN_POINT('',(29.,4.,13.));
#16094=CARTESIAN_POINT('',(28.,4.,24.));
#16095=CARTESIAN_POINT('',(28.,-4.,24.));
#16096=CARTESIAN_POINT('',(-2.67074289486796,29.2627029120922,-1.76645525544882));
#16097=MECHANICAL_DESIGN_GEOMETRIC_PRESENTATION_REPRESENTATION('',(#10138,
#10139),#16098);
#16098=(
GEOMETRIC_REPRESENTATION_CONTEXT(3)
GLOBAL_UNCERTAINTY_ASSIGNED_CONTEXT((#16101))
GLOBAL_UNIT_ASSIGNED_CONTEXT((#16106,#16105,#16104))
REPRESENTATION_CONTEXT('Assembly 1','TOP_LEVEL_ASSEMBLY_PART')
);
#16099=(
GEOMETRIC_REPRESENTATION_CONTEXT(3)
GLOBAL_UNCERTAINTY_ASSIGNED_CONTEXT((#16102))
GLOBAL_UNIT_ASSIGNED_CONTEXT((#16106,#16105,#16104))
REPRESENTATION_CONTEXT('Part 2','COMPONENT_PART')
);
#16100=(
GEOMETRIC_REPRESENTATION_CONTEXT(3)
GLOBAL_UNCERTAINTY_ASSIGNED_CONTEXT((#16103))
GLOBAL_UNIT_ASSIGNED_CONTEXT((#16106,#16105,#16104))
REPRESENTATION_CONTEXT('Part 1','COMPONENT_PART')
);
#16101=UNCERTAINTY_MEASURE_WITH_UNIT(LENGTH_MEASURE(1.E-5),#16106,
'DISTANCE_ACCURACY_VALUE','Maximum Tolerance applied to model');
#16102=UNCERTAINTY_MEASURE_WITH_UNIT(LENGTH_MEASURE(1.E-5),#16106,
'DISTANCE_ACCURACY_VALUE','Maximum Tolerance applied to model');
#16103=UNCERTAINTY_MEASURE_WITH_UNIT(LENGTH_MEASURE(1.E-5),#16106,
'DISTANCE_ACCURACY_VALUE','Maximum Tolerance applied to model');
#16104=(
NAMED_UNIT(*)
SI_UNIT($,.STERADIAN.)
SOLID_ANGLE_UNIT()
);
#16105=(
NAMED_UNIT(*)
PLANE_ANGLE_UNIT()
SI_UNIT($,.RADIAN.)
);
#16106=(
LENGTH_UNIT()
NAMED_UNIT(*)
SI_UNIT(.MILLI.,.METRE.)
);
#16107=PRODUCT_DEFINITION_SHAPE('','',#16112);
#16108=PRODUCT_DEFINITION_SHAPE('','',#16113);
#16109=PRODUCT_DEFINITION_SHAPE(' ','NAUO PRDDFN',#29);
#16110=PRODUCT_DEFINITION_SHAPE('','',#16114);
#16111=PRODUCT_DEFINITION_SHAPE(' ','NAUO PRDDFN',#30);
#16112=PRODUCT_DEFINITION('','',#16118,#16115);
#16113=PRODUCT_DEFINITION('','',#16119,#16116);
#16114=PRODUCT_DEFINITION('','',#16120,#16117);
#16115=PRODUCT_DEFINITION_CONTEXT('',#16134,'design');
#16116=PRODUCT_DEFINITION_CONTEXT('',#16134,'design');
#16117=PRODUCT_DEFINITION_CONTEXT('',#16134,'design');
#16118=PRODUCT_DEFINITION_FORMATION_WITH_SPECIFIED_SOURCE('','',#16124,
 .NOT_KNOWN.);
#16119=PRODUCT_DEFINITION_FORMATION_WITH_SPECIFIED_SOURCE('','',#16125,
 .NOT_KNOWN.);
#16120=PRODUCT_DEFINITION_FORMATION_WITH_SPECIFIED_SOURCE('','',#16126,
 .NOT_KNOWN.);
#16121=PRODUCT_RELATED_PRODUCT_CATEGORY('','',(#16124));
#16122=PRODUCT_RELATED_PRODUCT_CATEGORY('','',(#16125));
#16123=PRODUCT_RELATED_PRODUCT_CATEGORY('','',(#16126));
#16124=PRODUCT('Assembly 1','Assembly 1','Assembly 1',(#16130));
#16125=PRODUCT('Part 2','Part 2','Part 2',(#16131));
#16126=PRODUCT('Part 1','Part 1','Part 1',(#16132));
#16127=PRODUCT_CATEGORY('','');
#16128=PRODUCT_CATEGORY('','');
#16129=PRODUCT_CATEGORY('','');
#16130=PRODUCT_CONTEXT('',#16134,'mechanical');
#16131=PRODUCT_CONTEXT('',#16134,'mechanical');
#16132=PRODUCT_CONTEXT('',#16134,'mechanical');
#16133=APPLICATION_PROTOCOL_DEFINITION('international standard',
'ap242_managed_model_based_3d_engineering',2020,#16134);
#16134=APPLICATION_CONTEXT('managed model based 3d engineering');
ENDSEC;
END-ISO-10303-21;
