ISO-10303-21;
HEADER;
/* Generated by software containing ST-Developer
 * from STEP Tools, Inc. (www.steptools.com) 
 */
/* OPTION: using custom renumber hook */

FILE_DESCRIPTION(
/* description */ ('STEP AP242 Edition 2',
'CAx-IF Rec.Pracs.---Representation and Presentation of Product Manufa
cturing Information (PMI)---4.0---2014-10-13',
'CAx-IF Rec.Pracs.---3D Tessellated Geometry---0.4---2014-09-14','2;1',
'CAx-IF Rec.Pracs.---User Defined Attributes---1.5---2016-08-15'),
/* implementation_level */ '2;1');

FILE_NAME(
/* name */ '694178b9c4ef9e667cf03cea',
/* time_stamp */ '2025-12-16T15:20:25Z',
/* author */ (''),
/* organization */ (''),
/* preprocessor_version */ 'ST-DEVELOPER v20',
/* originating_system */ 'ONSHAPE BY PTC INC, 1.208',
/* authorisation */ '  ');

FILE_SCHEMA (('AP242_MANAGED_MODEL_BASED_3D_ENGINEERING_MIM_LF { 1 0 10303 442 3 1 4 }'));
ENDSEC;

DATA;
#10=TOROIDAL_SURFACE('',#3813,3.,1.);
#11=TOROIDAL_SURFACE('',#3820,3.,1.);
#12=TOROIDAL_SURFACE('',#3822,3.,1.);
#13=TOROIDAL_SURFACE('',#3828,3.,1.);
#14=TOROIDAL_SURFACE('',#3831,3.,1.);
#15=TOROIDAL_SURFACE('',#3835,3.,1.);
#16=TOROIDAL_SURFACE('',#3839,3.,1.);
#17=TOROIDAL_SURFACE('',#3843,3.,1.);
#18=ELLIPSE('',#3678,7.72740661031255,2.);
#19=ELLIPSE('',#3686,7.72740661031257,2.);
#20=ELLIPSE('',#3688,7.72740661031257,2.);
#21=ELLIPSE('',#3690,7.72740661031255,2.);
#22=ELLIPSE('',#3692,7.72740661031255,2.);
#23=ELLIPSE('',#3693,7.72740661031255,2.);
#24=ELLIPSE('',#3694,2.07055236082017,2.);
#25=ELLIPSE('',#3695,2.07055236082017,2.);
#26=ELLIPSE('',#3699,7.72740661031257,2.);
#27=ELLIPSE('',#3807,7.72740661031257,2.);
#28=CONTEXT_DEPENDENT_SHAPE_REPRESENTATION(#32,#5870);
#29=CONTEXT_DEPENDENT_SHAPE_REPRESENTATION(#33,#5872);
#30=NEXT_ASSEMBLY_USAGE_OCCURRENCE('NAUO1','Part 2','Part 2',#5873,#5874,
'');
#31=NEXT_ASSEMBLY_USAGE_OCCURRENCE('NAUO2','Part 1','Part 1',#5873,#5875,
'');
#32=(
REPRESENTATION_RELATIONSHIP(' ',' ',#3574,#3573)
REPRESENTATION_RELATIONSHIP_WITH_TRANSFORMATION(#34)
SHAPE_REPRESENTATION_RELATIONSHIP()
);
#33=(
REPRESENTATION_RELATIONSHIP(' ',' ',#3575,#3573)
REPRESENTATION_RELATIONSHIP_WITH_TRANSFORMATION(#35)
SHAPE_REPRESENTATION_RELATIONSHIP()
);
#34=ITEM_DEFINED_TRANSFORMATION(' ',' ',#3576,#3673);
#35=ITEM_DEFINED_TRANSFORMATION(' ',' ',#3576,#3869);
#36=SHAPE_REPRESENTATION_RELATIONSHIP('','',#3574,#38);
#37=SHAPE_REPRESENTATION_RELATIONSHIP('','',#3575,#39);
#38=ADVANCED_BREP_SHAPE_REPRESENTATION('',(#3568),#5860);
#39=ADVANCED_BREP_SHAPE_REPRESENTATION('',(#3569),#5861);
#40=CONICAL_SURFACE('',#3645,1.5,0.785398163397446);
#41=CONICAL_SURFACE('',#3646,1.5,0.785398163397446);
#42=CONICAL_SURFACE('',#3649,1.5,0.785398163397446);
#43=CONICAL_SURFACE('',#3650,1.5,0.785398163397446);
#44=CYLINDRICAL_SURFACE('',#3622,3.55);
#45=CYLINDRICAL_SURFACE('',#3623,4.);
#46=CYLINDRICAL_SURFACE('',#3624,4.);
#47=CYLINDRICAL_SURFACE('',#3625,4.);
#48=CYLINDRICAL_SURFACE('',#3626,4.);
#49=CYLINDRICAL_SURFACE('',#3627,4.);
#50=CYLINDRICAL_SURFACE('',#3628,3.55);
#51=CYLINDRICAL_SURFACE('',#3629,3.55);
#52=CYLINDRICAL_SURFACE('',#3630,3.55);
#53=CYLINDRICAL_SURFACE('',#3631,4.);
#54=CYLINDRICAL_SURFACE('',#3632,3.55);
#55=CYLINDRICAL_SURFACE('',#3633,3.55);
#56=CYLINDRICAL_SURFACE('',#3634,3.55);
#57=CYLINDRICAL_SURFACE('',#3635,4.);
#58=CYLINDRICAL_SURFACE('',#3636,2.);
#59=CYLINDRICAL_SURFACE('',#3638,2.);
#60=CYLINDRICAL_SURFACE('',#3640,2.);
#61=CYLINDRICAL_SURFACE('',#3642,2.);
#62=CYLINDRICAL_SURFACE('',#3696,2.);
#63=CYLINDRICAL_SURFACE('',#3698,2.);
#64=CYLINDRICAL_SURFACE('',#3794,4.);
#65=CYLINDRICAL_SURFACE('',#3797,4.);
#66=CYLINDRICAL_SURFACE('',#3800,4.);
#67=CYLINDRICAL_SURFACE('',#3803,4.);
#68=CYLINDRICAL_SURFACE('',#3806,2.);
#69=CYLINDRICAL_SURFACE('',#3808,2.);
#70=CYLINDRICAL_SURFACE('',#3809,2.);
#71=CYLINDRICAL_SURFACE('',#3810,2.);
#72=CYLINDRICAL_SURFACE('',#3811,2.);
#73=CYLINDRICAL_SURFACE('',#3812,2.);
#74=CYLINDRICAL_SURFACE('',#3816,1.);
#75=CYLINDRICAL_SURFACE('',#3818,1.);
#76=CYLINDRICAL_SURFACE('',#3824,1.);
#77=CYLINDRICAL_SURFACE('',#3826,1.);
#78=CYLINDRICAL_SURFACE('',#3829,1.);
#79=CYLINDRICAL_SURFACE('',#3833,1.);
#80=CYLINDRICAL_SURFACE('',#3837,1.);
#81=CYLINDRICAL_SURFACE('',#3841,1.);
#82=CYLINDRICAL_SURFACE('',#3845,1.);
#83=CYLINDRICAL_SURFACE('',#3846,2.);
#84=CYLINDRICAL_SURFACE('',#3847,2.);
#85=CYLINDRICAL_SURFACE('',#3848,2.);
#86=CYLINDRICAL_SURFACE('',#3849,2.);
#87=CYLINDRICAL_SURFACE('',#3850,2.);
#88=CYLINDRICAL_SURFACE('',#3851,2.);
#89=CIRCLE('',#3585,1.5);
#90=CIRCLE('',#3586,1.5);
#91=CIRCLE('',#3587,1.5);
#92=CIRCLE('',#3588,1.5);
#93=CIRCLE('',#3589,4.);
#94=CIRCLE('',#3590,3.55);
#95=CIRCLE('',#3591,3.55);
#96=CIRCLE('',#3592,3.55);
#97=CIRCLE('',#3593,4.);
#98=CIRCLE('',#3594,3.55);
#99=CIRCLE('',#3595,3.55);
#100=CIRCLE('',#3596,3.55);
#101=CIRCLE('',#3597,4.);
#102=CIRCLE('',#3598,4.);
#103=CIRCLE('',#3599,4.);
#104=CIRCLE('',#3600,4.);
#105=CIRCLE('',#3601,4.);
#106=CIRCLE('',#3602,3.55);
#107=CIRCLE('',#3604,4.);
#108=CIRCLE('',#3605,3.55);
#109=CIRCLE('',#3606,3.55);
#110=CIRCLE('',#3607,3.55);
#111=CIRCLE('',#3608,4.);
#112=CIRCLE('',#3609,3.55);
#113=CIRCLE('',#3610,3.55);
#114=CIRCLE('',#3611,3.55);
#115=CIRCLE('',#3612,4.);
#116=CIRCLE('',#3613,4.);
#117=CIRCLE('',#3614,4.);
#118=CIRCLE('',#3615,4.);
#119=CIRCLE('',#3616,4.);
#120=CIRCLE('',#3617,3.55);
#121=CIRCLE('',#3618,2.);
#122=CIRCLE('',#3619,2.);
#123=CIRCLE('',#3620,2.);
#124=CIRCLE('',#3621,2.);
#125=CIRCLE('',#3637,2.);
#126=CIRCLE('',#3639,2.);
#127=CIRCLE('',#3641,2.);
#128=CIRCLE('',#3643,2.);
#129=CIRCLE('',#3680,2.);
#130=CIRCLE('',#3682,2.);
#131=CIRCLE('',#3684,2.);
#132=CIRCLE('',#3697,2.);
#133=CIRCLE('',#3700,2.);
#134=CIRCLE('',#3704,3.);
#135=CIRCLE('',#3705,2.);
#136=CIRCLE('',#3706,2.);
#137=CIRCLE('',#3707,2.);
#138=CIRCLE('',#3708,2.);
#139=CIRCLE('',#3709,3.);
#140=CIRCLE('',#3710,3.);
#141=CIRCLE('',#3711,3.);
#142=CIRCLE('',#3713,2.);
#143=CIRCLE('',#3714,2.);
#144=CIRCLE('',#3719,2.);
#145=CIRCLE('',#3720,2.);
#146=CIRCLE('',#3721,2.);
#147=CIRCLE('',#3722,2.);
#148=CIRCLE('',#3724,2.);
#149=CIRCLE('',#3725,2.);
#150=CIRCLE('',#3726,2.);
#151=CIRCLE('',#3727,2.);
#152=CIRCLE('',#3729,2.);
#153=CIRCLE('',#3730,2.);
#154=CIRCLE('',#3775,3.);
#155=CIRCLE('',#3776,3.);
#156=CIRCLE('',#3777,3.);
#157=CIRCLE('',#3778,3.);
#158=CIRCLE('',#3786,2.);
#159=CIRCLE('',#3788,1.);
#160=CIRCLE('',#3790,1.);
#161=CIRCLE('',#3795,4.);
#162=CIRCLE('',#3796,4.);
#163=CIRCLE('',#3798,4.);
#164=CIRCLE('',#3799,4.);
#165=CIRCLE('',#3801,4.);
#166=CIRCLE('',#3802,4.);
#167=CIRCLE('',#3804,4.);
#168=CIRCLE('',#3805,4.);
#169=CIRCLE('',#3814,1.);
#170=CIRCLE('',#3815,1.);
#171=CIRCLE('',#3817,1.);
#172=CIRCLE('',#3819,1.);
#173=CIRCLE('',#3821,1.);
#174=CIRCLE('',#3823,1.);
#175=CIRCLE('',#3825,1.);
#176=CIRCLE('',#3827,1.);
#177=CIRCLE('',#3830,1.);
#178=CIRCLE('',#3832,1.);
#179=CIRCLE('',#3834,1.);
#180=CIRCLE('',#3836,1.);
#181=CIRCLE('',#3838,1.);
#182=CIRCLE('',#3840,1.);
#183=CIRCLE('',#3842,1.);
#184=CIRCLE('',#3844,1.);
#185=ORIENTED_EDGE('',*,*,#1173,.F.);
#186=ORIENTED_EDGE('',*,*,#1174,.T.);
#187=ORIENTED_EDGE('',*,*,#1175,.F.);
#188=ORIENTED_EDGE('',*,*,#1176,.F.);
#189=ORIENTED_EDGE('',*,*,#1177,.F.);
#190=ORIENTED_EDGE('',*,*,#1178,.T.);
#191=ORIENTED_EDGE('',*,*,#1179,.F.);
#192=ORIENTED_EDGE('',*,*,#1180,.F.);
#193=ORIENTED_EDGE('',*,*,#1181,.F.);
#194=ORIENTED_EDGE('',*,*,#1182,.T.);
#195=ORIENTED_EDGE('',*,*,#1183,.F.);
#196=ORIENTED_EDGE('',*,*,#1184,.T.);
#197=ORIENTED_EDGE('',*,*,#1185,.T.);
#198=ORIENTED_EDGE('',*,*,#1186,.T.);
#199=ORIENTED_EDGE('',*,*,#1187,.T.);
#200=ORIENTED_EDGE('',*,*,#1188,.T.);
#201=ORIENTED_EDGE('',*,*,#1189,.T.);
#202=ORIENTED_EDGE('',*,*,#1190,.T.);
#203=ORIENTED_EDGE('',*,*,#1191,.T.);
#204=ORIENTED_EDGE('',*,*,#1192,.T.);
#205=ORIENTED_EDGE('',*,*,#1193,.F.);
#206=ORIENTED_EDGE('',*,*,#1173,.T.);
#207=ORIENTED_EDGE('',*,*,#1194,.T.);
#208=ORIENTED_EDGE('',*,*,#1195,.F.);
#209=ORIENTED_EDGE('',*,*,#1196,.T.);
#210=ORIENTED_EDGE('',*,*,#1197,.T.);
#211=ORIENTED_EDGE('',*,*,#1198,.T.);
#212=ORIENTED_EDGE('',*,*,#1199,.T.);
#213=ORIENTED_EDGE('',*,*,#1200,.F.);
#214=ORIENTED_EDGE('',*,*,#1177,.T.);
#215=ORIENTED_EDGE('',*,*,#1201,.T.);
#216=ORIENTED_EDGE('',*,*,#1202,.F.);
#217=ORIENTED_EDGE('',*,*,#1203,.T.);
#218=ORIENTED_EDGE('',*,*,#1204,.T.);
#219=ORIENTED_EDGE('',*,*,#1205,.T.);
#220=ORIENTED_EDGE('',*,*,#1206,.T.);
#221=ORIENTED_EDGE('',*,*,#1207,.F.);
#222=ORIENTED_EDGE('',*,*,#1181,.T.);
#223=ORIENTED_EDGE('',*,*,#1208,.T.);
#224=ORIENTED_EDGE('',*,*,#1209,.T.);
#225=ORIENTED_EDGE('',*,*,#1210,.F.);
#226=ORIENTED_EDGE('',*,*,#1211,.T.);
#227=ORIENTED_EDGE('',*,*,#1212,.T.);
#228=ORIENTED_EDGE('',*,*,#1213,.T.);
#229=ORIENTED_EDGE('',*,*,#1214,.T.);
#230=ORIENTED_EDGE('',*,*,#1215,.T.);
#231=ORIENTED_EDGE('',*,*,#1183,.T.);
#232=ORIENTED_EDGE('',*,*,#1216,.F.);
#233=ORIENTED_EDGE('',*,*,#1217,.F.);
#234=ORIENTED_EDGE('',*,*,#1218,.T.);
#235=ORIENTED_EDGE('',*,*,#1219,.T.);
#236=ORIENTED_EDGE('',*,*,#1220,.T.);
#237=ORIENTED_EDGE('',*,*,#1179,.T.);
#238=ORIENTED_EDGE('',*,*,#1221,.F.);
#239=ORIENTED_EDGE('',*,*,#1222,.F.);
#240=ORIENTED_EDGE('',*,*,#1223,.T.);
#241=ORIENTED_EDGE('',*,*,#1224,.T.);
#242=ORIENTED_EDGE('',*,*,#1225,.T.);
#243=ORIENTED_EDGE('',*,*,#1175,.T.);
#244=ORIENTED_EDGE('',*,*,#1226,.F.);
#245=ORIENTED_EDGE('',*,*,#1227,.T.);
#246=ORIENTED_EDGE('',*,*,#1228,.T.);
#247=ORIENTED_EDGE('',*,*,#1229,.T.);
#248=ORIENTED_EDGE('',*,*,#1230,.T.);
#249=ORIENTED_EDGE('',*,*,#1231,.T.);
#250=ORIENTED_EDGE('',*,*,#1232,.T.);
#251=ORIENTED_EDGE('',*,*,#1233,.T.);
#252=ORIENTED_EDGE('',*,*,#1234,.T.);
#253=ORIENTED_EDGE('',*,*,#1235,.T.);
#254=ORIENTED_EDGE('',*,*,#1236,.T.);
#255=ORIENTED_EDGE('',*,*,#1237,.T.);
#256=ORIENTED_EDGE('',*,*,#1238,.T.);
#257=ORIENTED_EDGE('',*,*,#1239,.T.);
#258=ORIENTED_EDGE('',*,*,#1240,.T.);
#259=ORIENTED_EDGE('',*,*,#1241,.F.);
#260=ORIENTED_EDGE('',*,*,#1242,.F.);
#261=ORIENTED_EDGE('',*,*,#1243,.F.);
#262=ORIENTED_EDGE('',*,*,#1244,.F.);
#263=ORIENTED_EDGE('',*,*,#1245,.F.);
#264=ORIENTED_EDGE('',*,*,#1246,.F.);
#265=ORIENTED_EDGE('',*,*,#1247,.F.);
#266=ORIENTED_EDGE('',*,*,#1248,.F.);
#267=ORIENTED_EDGE('',*,*,#1249,.F.);
#268=ORIENTED_EDGE('',*,*,#1250,.F.);
#269=ORIENTED_EDGE('',*,*,#1251,.F.);
#270=ORIENTED_EDGE('',*,*,#1252,.F.);
#271=ORIENTED_EDGE('',*,*,#1253,.F.);
#272=ORIENTED_EDGE('',*,*,#1254,.F.);
#273=ORIENTED_EDGE('',*,*,#1202,.T.);
#274=ORIENTED_EDGE('',*,*,#1255,.T.);
#275=ORIENTED_EDGE('',*,*,#1209,.F.);
#276=ORIENTED_EDGE('',*,*,#1256,.T.);
#277=ORIENTED_EDGE('',*,*,#1188,.F.);
#278=ORIENTED_EDGE('',*,*,#1257,.T.);
#279=ORIENTED_EDGE('',*,*,#1195,.T.);
#280=ORIENTED_EDGE('',*,*,#1258,.T.);
#281=ORIENTED_EDGE('',*,*,#1240,.F.);
#282=ORIENTED_EDGE('',*,*,#1254,.T.);
#283=ORIENTED_EDGE('',*,*,#1239,.F.);
#284=ORIENTED_EDGE('',*,*,#1253,.T.);
#285=ORIENTED_EDGE('',*,*,#1238,.F.);
#286=ORIENTED_EDGE('',*,*,#1252,.T.);
#287=ORIENTED_EDGE('',*,*,#1237,.F.);
#288=ORIENTED_EDGE('',*,*,#1251,.T.);
#289=ORIENTED_EDGE('',*,*,#1236,.F.);
#290=ORIENTED_EDGE('',*,*,#1250,.T.);
#291=ORIENTED_EDGE('',*,*,#1235,.F.);
#292=ORIENTED_EDGE('',*,*,#1249,.T.);
#293=ORIENTED_EDGE('',*,*,#1234,.F.);
#294=ORIENTED_EDGE('',*,*,#1248,.T.);
#295=ORIENTED_EDGE('',*,*,#1233,.F.);
#296=ORIENTED_EDGE('',*,*,#1247,.T.);
#297=ORIENTED_EDGE('',*,*,#1232,.F.);
#298=ORIENTED_EDGE('',*,*,#1246,.T.);
#299=ORIENTED_EDGE('',*,*,#1231,.F.);
#300=ORIENTED_EDGE('',*,*,#1245,.T.);
#301=ORIENTED_EDGE('',*,*,#1230,.F.);
#302=ORIENTED_EDGE('',*,*,#1244,.T.);
#303=ORIENTED_EDGE('',*,*,#1229,.F.);
#304=ORIENTED_EDGE('',*,*,#1243,.T.);
#305=ORIENTED_EDGE('',*,*,#1228,.F.);
#306=ORIENTED_EDGE('',*,*,#1242,.T.);
#307=ORIENTED_EDGE('',*,*,#1227,.F.);
#308=ORIENTED_EDGE('',*,*,#1241,.T.);
#309=ORIENTED_EDGE('',*,*,#1201,.F.);
#310=ORIENTED_EDGE('',*,*,#1259,.T.);
#311=ORIENTED_EDGE('',*,*,#1203,.F.);
#312=ORIENTED_EDGE('',*,*,#1255,.F.);
#313=ORIENTED_EDGE('',*,*,#1187,.F.);
#314=ORIENTED_EDGE('',*,*,#1260,.T.);
#315=ORIENTED_EDGE('',*,*,#1189,.F.);
#316=ORIENTED_EDGE('',*,*,#1257,.F.);
#317=ORIENTED_EDGE('',*,*,#1208,.F.);
#318=ORIENTED_EDGE('',*,*,#1261,.T.);
#319=ORIENTED_EDGE('',*,*,#1185,.F.);
#320=ORIENTED_EDGE('',*,*,#1256,.F.);
#321=ORIENTED_EDGE('',*,*,#1194,.F.);
#322=ORIENTED_EDGE('',*,*,#1262,.T.);
#323=ORIENTED_EDGE('',*,*,#1196,.F.);
#324=ORIENTED_EDGE('',*,*,#1258,.F.);
#325=ORIENTED_EDGE('',*,*,#1263,.F.);
#326=ORIENTED_EDGE('',*,*,#1190,.F.);
#327=ORIENTED_EDGE('',*,*,#1264,.F.);
#328=ORIENTED_EDGE('',*,*,#1212,.F.);
#329=ORIENTED_EDGE('',*,*,#1264,.T.);
#330=ORIENTED_EDGE('',*,*,#1260,.F.);
#331=ORIENTED_EDGE('',*,*,#1265,.F.);
#332=ORIENTED_EDGE('',*,*,#1213,.F.);
#333=ORIENTED_EDGE('',*,*,#1176,.T.);
#334=ORIENTED_EDGE('',*,*,#1225,.F.);
#335=ORIENTED_EDGE('',*,*,#1266,.F.);
#336=ORIENTED_EDGE('',*,*,#1262,.F.);
#337=ORIENTED_EDGE('',*,*,#1265,.T.);
#338=ORIENTED_EDGE('',*,*,#1186,.F.);
#339=ORIENTED_EDGE('',*,*,#1267,.F.);
#340=ORIENTED_EDGE('',*,*,#1214,.F.);
#341=ORIENTED_EDGE('',*,*,#1268,.F.);
#342=ORIENTED_EDGE('',*,*,#1197,.F.);
#343=ORIENTED_EDGE('',*,*,#1266,.T.);
#344=ORIENTED_EDGE('',*,*,#1224,.F.);
#345=ORIENTED_EDGE('',*,*,#1267,.T.);
#346=ORIENTED_EDGE('',*,*,#1261,.F.);
#347=ORIENTED_EDGE('',*,*,#1184,.F.);
#348=ORIENTED_EDGE('',*,*,#1215,.F.);
#349=ORIENTED_EDGE('',*,*,#1180,.T.);
#350=ORIENTED_EDGE('',*,*,#1220,.F.);
#351=ORIENTED_EDGE('',*,*,#1269,.F.);
#352=ORIENTED_EDGE('',*,*,#1259,.F.);
#353=ORIENTED_EDGE('',*,*,#1270,.F.);
#354=ORIENTED_EDGE('',*,*,#1204,.F.);
#355=ORIENTED_EDGE('',*,*,#1269,.T.);
#356=ORIENTED_EDGE('',*,*,#1219,.F.);
#357=ORIENTED_EDGE('',*,*,#1218,.F.);
#358=ORIENTED_EDGE('',*,*,#1271,.F.);
#359=ORIENTED_EDGE('',*,*,#1272,.T.);
#360=ORIENTED_EDGE('',*,*,#1273,.T.);
#361=ORIENTED_EDGE('',*,*,#1274,.F.);
#362=ORIENTED_EDGE('',*,*,#1275,.F.);
#363=ORIENTED_EDGE('',*,*,#1205,.F.);
#364=ORIENTED_EDGE('',*,*,#1270,.T.);
#365=ORIENTED_EDGE('',*,*,#1276,.T.);
#366=ORIENTED_EDGE('',*,*,#1216,.T.);
#367=ORIENTED_EDGE('',*,*,#1182,.F.);
#368=ORIENTED_EDGE('',*,*,#1207,.T.);
#369=ORIENTED_EDGE('',*,*,#1277,.T.);
#370=ORIENTED_EDGE('',*,*,#1278,.T.);
#371=ORIENTED_EDGE('',*,*,#1279,.F.);
#372=ORIENTED_EDGE('',*,*,#1280,.F.);
#373=ORIENTED_EDGE('',*,*,#1281,.F.);
#374=ORIENTED_EDGE('',*,*,#1273,.F.);
#375=ORIENTED_EDGE('',*,*,#1282,.T.);
#376=ORIENTED_EDGE('',*,*,#1279,.T.);
#377=ORIENTED_EDGE('',*,*,#1272,.F.);
#378=ORIENTED_EDGE('',*,*,#1283,.T.);
#379=ORIENTED_EDGE('',*,*,#1280,.T.);
#380=ORIENTED_EDGE('',*,*,#1282,.F.);
#381=ORIENTED_EDGE('',*,*,#1206,.F.);
#382=ORIENTED_EDGE('',*,*,#1275,.T.);
#383=ORIENTED_EDGE('',*,*,#1284,.T.);
#384=ORIENTED_EDGE('',*,*,#1277,.F.);
#385=ORIENTED_EDGE('',*,*,#1284,.F.);
#386=ORIENTED_EDGE('',*,*,#1274,.T.);
#387=ORIENTED_EDGE('',*,*,#1281,.T.);
#388=ORIENTED_EDGE('',*,*,#1278,.F.);
#389=ORIENTED_EDGE('',*,*,#1283,.F.);
#390=ORIENTED_EDGE('',*,*,#1271,.T.);
#391=ORIENTED_EDGE('',*,*,#1217,.T.);
#392=ORIENTED_EDGE('',*,*,#1276,.F.);
#393=ORIENTED_EDGE('',*,*,#1223,.F.);
#394=ORIENTED_EDGE('',*,*,#1285,.F.);
#395=ORIENTED_EDGE('',*,*,#1286,.T.);
#396=ORIENTED_EDGE('',*,*,#1287,.T.);
#397=ORIENTED_EDGE('',*,*,#1288,.F.);
#398=ORIENTED_EDGE('',*,*,#1289,.F.);
#399=ORIENTED_EDGE('',*,*,#1198,.F.);
#400=ORIENTED_EDGE('',*,*,#1268,.T.);
#401=ORIENTED_EDGE('',*,*,#1290,.T.);
#402=ORIENTED_EDGE('',*,*,#1221,.T.);
#403=ORIENTED_EDGE('',*,*,#1178,.F.);
#404=ORIENTED_EDGE('',*,*,#1200,.T.);
#405=ORIENTED_EDGE('',*,*,#1291,.T.);
#406=ORIENTED_EDGE('',*,*,#1292,.T.);
#407=ORIENTED_EDGE('',*,*,#1293,.F.);
#408=ORIENTED_EDGE('',*,*,#1294,.F.);
#409=ORIENTED_EDGE('',*,*,#1295,.F.);
#410=ORIENTED_EDGE('',*,*,#1287,.F.);
#411=ORIENTED_EDGE('',*,*,#1296,.T.);
#412=ORIENTED_EDGE('',*,*,#1293,.T.);
#413=ORIENTED_EDGE('',*,*,#1286,.F.);
#414=ORIENTED_EDGE('',*,*,#1297,.T.);
#415=ORIENTED_EDGE('',*,*,#1294,.T.);
#416=ORIENTED_EDGE('',*,*,#1296,.F.);
#417=ORIENTED_EDGE('',*,*,#1199,.F.);
#418=ORIENTED_EDGE('',*,*,#1289,.T.);
#419=ORIENTED_EDGE('',*,*,#1298,.T.);
#420=ORIENTED_EDGE('',*,*,#1291,.F.);
#421=ORIENTED_EDGE('',*,*,#1298,.F.);
#422=ORIENTED_EDGE('',*,*,#1288,.T.);
#423=ORIENTED_EDGE('',*,*,#1295,.T.);
#424=ORIENTED_EDGE('',*,*,#1292,.F.);
#425=ORIENTED_EDGE('',*,*,#1297,.F.);
#426=ORIENTED_EDGE('',*,*,#1285,.T.);
#427=ORIENTED_EDGE('',*,*,#1222,.T.);
#428=ORIENTED_EDGE('',*,*,#1290,.F.);
#429=ORIENTED_EDGE('',*,*,#1211,.F.);
#430=ORIENTED_EDGE('',*,*,#1299,.F.);
#431=ORIENTED_EDGE('',*,*,#1300,.T.);
#432=ORIENTED_EDGE('',*,*,#1301,.T.);
#433=ORIENTED_EDGE('',*,*,#1302,.F.);
#434=ORIENTED_EDGE('',*,*,#1303,.F.);
#435=ORIENTED_EDGE('',*,*,#1191,.F.);
#436=ORIENTED_EDGE('',*,*,#1263,.T.);
#437=ORIENTED_EDGE('',*,*,#1304,.T.);
#438=ORIENTED_EDGE('',*,*,#1226,.T.);
#439=ORIENTED_EDGE('',*,*,#1174,.F.);
#440=ORIENTED_EDGE('',*,*,#1193,.T.);
#441=ORIENTED_EDGE('',*,*,#1305,.T.);
#442=ORIENTED_EDGE('',*,*,#1306,.T.);
#443=ORIENTED_EDGE('',*,*,#1307,.F.);
#444=ORIENTED_EDGE('',*,*,#1308,.F.);
#445=ORIENTED_EDGE('',*,*,#1309,.F.);
#446=ORIENTED_EDGE('',*,*,#1301,.F.);
#447=ORIENTED_EDGE('',*,*,#1310,.T.);
#448=ORIENTED_EDGE('',*,*,#1307,.T.);
#449=ORIENTED_EDGE('',*,*,#1300,.F.);
#450=ORIENTED_EDGE('',*,*,#1311,.T.);
#451=ORIENTED_EDGE('',*,*,#1308,.T.);
#452=ORIENTED_EDGE('',*,*,#1310,.F.);
#453=ORIENTED_EDGE('',*,*,#1192,.F.);
#454=ORIENTED_EDGE('',*,*,#1303,.T.);
#455=ORIENTED_EDGE('',*,*,#1312,.T.);
#456=ORIENTED_EDGE('',*,*,#1305,.F.);
#457=ORIENTED_EDGE('',*,*,#1312,.F.);
#458=ORIENTED_EDGE('',*,*,#1302,.T.);
#459=ORIENTED_EDGE('',*,*,#1309,.T.);
#460=ORIENTED_EDGE('',*,*,#1306,.F.);
#461=ORIENTED_EDGE('',*,*,#1311,.F.);
#462=ORIENTED_EDGE('',*,*,#1299,.T.);
#463=ORIENTED_EDGE('',*,*,#1210,.T.);
#464=ORIENTED_EDGE('',*,*,#1304,.F.);
#465=ORIENTED_EDGE('',*,*,#1313,.F.);
#466=ORIENTED_EDGE('',*,*,#1314,.T.);
#467=ORIENTED_EDGE('',*,*,#1315,.T.);
#468=ORIENTED_EDGE('',*,*,#1316,.T.);
#469=ORIENTED_EDGE('',*,*,#1317,.T.);
#470=ORIENTED_EDGE('',*,*,#1318,.T.);
#471=ORIENTED_EDGE('',*,*,#1319,.T.);
#472=ORIENTED_EDGE('',*,*,#1320,.T.);
#473=ORIENTED_EDGE('',*,*,#1321,.F.);
#474=ORIENTED_EDGE('',*,*,#1322,.F.);
#475=ORIENTED_EDGE('',*,*,#1323,.T.);
#476=ORIENTED_EDGE('',*,*,#1324,.T.);
#477=ORIENTED_EDGE('',*,*,#1325,.T.);
#478=ORIENTED_EDGE('',*,*,#1326,.T.);
#479=ORIENTED_EDGE('',*,*,#1327,.T.);
#480=ORIENTED_EDGE('',*,*,#1328,.T.);
#481=ORIENTED_EDGE('',*,*,#1329,.F.);
#482=ORIENTED_EDGE('',*,*,#1330,.T.);
#483=ORIENTED_EDGE('',*,*,#1331,.T.);
#484=ORIENTED_EDGE('',*,*,#1332,.F.);
#485=ORIENTED_EDGE('',*,*,#1333,.T.);
#486=ORIENTED_EDGE('',*,*,#1334,.T.);
#487=ORIENTED_EDGE('',*,*,#1335,.T.);
#488=ORIENTED_EDGE('',*,*,#1336,.F.);
#489=ORIENTED_EDGE('',*,*,#1337,.F.);
#490=ORIENTED_EDGE('',*,*,#1338,.F.);
#491=ORIENTED_EDGE('',*,*,#1339,.T.);
#492=ORIENTED_EDGE('',*,*,#1340,.F.);
#493=ORIENTED_EDGE('',*,*,#1341,.T.);
#494=ORIENTED_EDGE('',*,*,#1332,.T.);
#495=ORIENTED_EDGE('',*,*,#1342,.T.);
#496=ORIENTED_EDGE('',*,*,#1341,.F.);
#497=ORIENTED_EDGE('',*,*,#1343,.T.);
#498=ORIENTED_EDGE('',*,*,#1344,.F.);
#499=ORIENTED_EDGE('',*,*,#1320,.F.);
#500=ORIENTED_EDGE('',*,*,#1345,.T.);
#501=ORIENTED_EDGE('',*,*,#1346,.F.);
#502=ORIENTED_EDGE('',*,*,#1336,.T.);
#503=ORIENTED_EDGE('',*,*,#1347,.T.);
#504=ORIENTED_EDGE('',*,*,#1348,.F.);
#505=ORIENTED_EDGE('',*,*,#1349,.T.);
#506=ORIENTED_EDGE('',*,*,#1350,.F.);
#507=ORIENTED_EDGE('',*,*,#1351,.F.);
#508=ORIENTED_EDGE('',*,*,#1316,.F.);
#509=ORIENTED_EDGE('',*,*,#1352,.T.);
#510=ORIENTED_EDGE('',*,*,#1353,.T.);
#511=ORIENTED_EDGE('',*,*,#1354,.T.);
#512=ORIENTED_EDGE('',*,*,#1355,.T.);
#513=ORIENTED_EDGE('',*,*,#1356,.F.);
#514=ORIENTED_EDGE('',*,*,#1357,.T.);
#515=ORIENTED_EDGE('',*,*,#1358,.F.);
#516=ORIENTED_EDGE('',*,*,#1359,.T.);
#517=ORIENTED_EDGE('',*,*,#1360,.T.);
#518=ORIENTED_EDGE('',*,*,#1361,.F.);
#519=ORIENTED_EDGE('',*,*,#1353,.F.);
#520=ORIENTED_EDGE('',*,*,#1350,.T.);
#521=ORIENTED_EDGE('',*,*,#1362,.T.);
#522=ORIENTED_EDGE('',*,*,#1327,.F.);
#523=ORIENTED_EDGE('',*,*,#1363,.F.);
#524=ORIENTED_EDGE('',*,*,#1364,.F.);
#525=ORIENTED_EDGE('',*,*,#1365,.F.);
#526=ORIENTED_EDGE('',*,*,#1366,.T.);
#527=ORIENTED_EDGE('',*,*,#1351,.T.);
#528=ORIENTED_EDGE('',*,*,#1364,.T.);
#529=ORIENTED_EDGE('',*,*,#1367,.T.);
#530=ORIENTED_EDGE('',*,*,#1354,.F.);
#531=ORIENTED_EDGE('',*,*,#1361,.T.);
#532=ORIENTED_EDGE('',*,*,#1368,.T.);
#533=ORIENTED_EDGE('',*,*,#1369,.T.);
#534=ORIENTED_EDGE('',*,*,#1370,.T.);
#535=ORIENTED_EDGE('',*,*,#1371,.F.);
#536=ORIENTED_EDGE('',*,*,#1372,.F.);
#537=ORIENTED_EDGE('',*,*,#1373,.T.);
#538=ORIENTED_EDGE('',*,*,#1374,.F.);
#539=ORIENTED_EDGE('',*,*,#1375,.T.);
#540=ORIENTED_EDGE('',*,*,#1360,.F.);
#541=ORIENTED_EDGE('',*,*,#1376,.F.);
#542=ORIENTED_EDGE('',*,*,#1377,.F.);
#543=ORIENTED_EDGE('',*,*,#1378,.F.);
#544=ORIENTED_EDGE('',*,*,#1368,.F.);
#545=ORIENTED_EDGE('',*,*,#1379,.F.);
#546=ORIENTED_EDGE('',*,*,#1339,.F.);
#547=ORIENTED_EDGE('',*,*,#1380,.F.);
#548=ORIENTED_EDGE('',*,*,#1381,.F.);
#549=ORIENTED_EDGE('',*,*,#1382,.F.);
#550=ORIENTED_EDGE('',*,*,#1383,.F.);
#551=ORIENTED_EDGE('',*,*,#1384,.T.);
#552=ORIENTED_EDGE('',*,*,#1385,.T.);
#553=ORIENTED_EDGE('',*,*,#1386,.F.);
#554=ORIENTED_EDGE('',*,*,#1387,.F.);
#555=ORIENTED_EDGE('',*,*,#1388,.T.);
#556=ORIENTED_EDGE('',*,*,#1356,.T.);
#557=ORIENTED_EDGE('',*,*,#1389,.F.);
#558=ORIENTED_EDGE('',*,*,#1390,.T.);
#559=ORIENTED_EDGE('',*,*,#1391,.T.);
#560=ORIENTED_EDGE('',*,*,#1392,.F.);
#561=ORIENTED_EDGE('',*,*,#1393,.T.);
#562=ORIENTED_EDGE('',*,*,#1394,.T.);
#563=ORIENTED_EDGE('',*,*,#1395,.T.);
#564=ORIENTED_EDGE('',*,*,#1396,.T.);
#565=ORIENTED_EDGE('',*,*,#1334,.F.);
#566=ORIENTED_EDGE('',*,*,#1397,.T.);
#567=ORIENTED_EDGE('',*,*,#1318,.F.);
#568=ORIENTED_EDGE('',*,*,#1398,.T.);
#569=ORIENTED_EDGE('',*,*,#1387,.T.);
#570=ORIENTED_EDGE('',*,*,#1399,.T.);
#571=ORIENTED_EDGE('',*,*,#1400,.T.);
#572=ORIENTED_EDGE('',*,*,#1401,.T.);
#573=ORIENTED_EDGE('',*,*,#1402,.T.);
#574=ORIENTED_EDGE('',*,*,#1403,.T.);
#575=ORIENTED_EDGE('',*,*,#1404,.T.);
#576=ORIENTED_EDGE('',*,*,#1405,.T.);
#577=ORIENTED_EDGE('',*,*,#1406,.T.);
#578=ORIENTED_EDGE('',*,*,#1407,.T.);
#579=ORIENTED_EDGE('',*,*,#1408,.T.);
#580=ORIENTED_EDGE('',*,*,#1409,.T.);
#581=ORIENTED_EDGE('',*,*,#1410,.T.);
#582=ORIENTED_EDGE('',*,*,#1411,.T.);
#583=ORIENTED_EDGE('',*,*,#1412,.T.);
#584=ORIENTED_EDGE('',*,*,#1413,.F.);
#585=ORIENTED_EDGE('',*,*,#1414,.T.);
#586=ORIENTED_EDGE('',*,*,#1415,.F.);
#587=ORIENTED_EDGE('',*,*,#1416,.T.);
#588=ORIENTED_EDGE('',*,*,#1417,.F.);
#589=ORIENTED_EDGE('',*,*,#1418,.F.);
#590=ORIENTED_EDGE('',*,*,#1419,.F.);
#591=ORIENTED_EDGE('',*,*,#1382,.T.);
#592=ORIENTED_EDGE('',*,*,#1420,.F.);
#593=ORIENTED_EDGE('',*,*,#1376,.T.);
#594=ORIENTED_EDGE('',*,*,#1359,.F.);
#595=ORIENTED_EDGE('',*,*,#1421,.T.);
#596=ORIENTED_EDGE('',*,*,#1422,.T.);
#597=ORIENTED_EDGE('',*,*,#1423,.T.);
#598=ORIENTED_EDGE('',*,*,#1369,.F.);
#599=ORIENTED_EDGE('',*,*,#1378,.T.);
#600=ORIENTED_EDGE('',*,*,#1424,.F.);
#601=ORIENTED_EDGE('',*,*,#1425,.T.);
#602=ORIENTED_EDGE('',*,*,#1426,.T.);
#603=ORIENTED_EDGE('',*,*,#1348,.T.);
#604=ORIENTED_EDGE('',*,*,#1427,.T.);
#605=ORIENTED_EDGE('',*,*,#1395,.F.);
#606=ORIENTED_EDGE('',*,*,#1428,.T.);
#607=ORIENTED_EDGE('',*,*,#1429,.T.);
#608=ORIENTED_EDGE('',*,*,#1430,.F.);
#609=ORIENTED_EDGE('',*,*,#1431,.F.);
#610=ORIENTED_EDGE('',*,*,#1365,.T.);
#611=ORIENTED_EDGE('',*,*,#1432,.T.);
#612=ORIENTED_EDGE('',*,*,#1433,.F.);
#613=ORIENTED_EDGE('',*,*,#1434,.F.);
#614=ORIENTED_EDGE('',*,*,#1435,.F.);
#615=ORIENTED_EDGE('',*,*,#1436,.T.);
#616=ORIENTED_EDGE('',*,*,#1437,.F.);
#617=ORIENTED_EDGE('',*,*,#1438,.F.);
#618=ORIENTED_EDGE('',*,*,#1439,.F.);
#619=ORIENTED_EDGE('',*,*,#1440,.T.);
#620=ORIENTED_EDGE('',*,*,#1441,.F.);
#621=ORIENTED_EDGE('',*,*,#1380,.T.);
#622=ORIENTED_EDGE('',*,*,#1338,.T.);
#623=ORIENTED_EDGE('',*,*,#1442,.T.);
#624=ORIENTED_EDGE('',*,*,#1443,.F.);
#625=ORIENTED_EDGE('',*,*,#1444,.T.);
#626=ORIENTED_EDGE('',*,*,#1445,.T.);
#627=ORIENTED_EDGE('',*,*,#1446,.T.);
#628=ORIENTED_EDGE('',*,*,#1447,.T.);
#629=ORIENTED_EDGE('',*,*,#1448,.T.);
#630=ORIENTED_EDGE('',*,*,#1449,.F.);
#631=ORIENTED_EDGE('',*,*,#1450,.T.);
#632=ORIENTED_EDGE('',*,*,#1451,.T.);
#633=ORIENTED_EDGE('',*,*,#1452,.T.);
#634=ORIENTED_EDGE('',*,*,#1453,.T.);
#635=ORIENTED_EDGE('',*,*,#1454,.T.);
#636=ORIENTED_EDGE('',*,*,#1455,.F.);
#637=ORIENTED_EDGE('',*,*,#1456,.T.);
#638=ORIENTED_EDGE('',*,*,#1457,.F.);
#639=ORIENTED_EDGE('',*,*,#1458,.T.);
#640=ORIENTED_EDGE('',*,*,#1459,.T.);
#641=ORIENTED_EDGE('',*,*,#1460,.T.);
#642=ORIENTED_EDGE('',*,*,#1461,.T.);
#643=ORIENTED_EDGE('',*,*,#1462,.T.);
#644=ORIENTED_EDGE('',*,*,#1463,.T.);
#645=ORIENTED_EDGE('',*,*,#1464,.T.);
#646=ORIENTED_EDGE('',*,*,#1465,.F.);
#647=ORIENTED_EDGE('',*,*,#1466,.T.);
#648=ORIENTED_EDGE('',*,*,#1467,.F.);
#649=ORIENTED_EDGE('',*,*,#1468,.F.);
#650=ORIENTED_EDGE('',*,*,#1469,.F.);
#651=ORIENTED_EDGE('',*,*,#1470,.T.);
#652=ORIENTED_EDGE('',*,*,#1471,.F.);
#653=ORIENTED_EDGE('',*,*,#1472,.T.);
#654=ORIENTED_EDGE('',*,*,#1473,.F.);
#655=ORIENTED_EDGE('',*,*,#1474,.T.);
#656=ORIENTED_EDGE('',*,*,#1475,.F.);
#657=ORIENTED_EDGE('',*,*,#1476,.T.);
#658=ORIENTED_EDGE('',*,*,#1477,.T.);
#659=ORIENTED_EDGE('',*,*,#1478,.T.);
#660=ORIENTED_EDGE('',*,*,#1479,.F.);
#661=ORIENTED_EDGE('',*,*,#1480,.T.);
#662=ORIENTED_EDGE('',*,*,#1481,.F.);
#663=ORIENTED_EDGE('',*,*,#1482,.F.);
#664=ORIENTED_EDGE('',*,*,#1483,.F.);
#665=ORIENTED_EDGE('',*,*,#1484,.T.);
#666=ORIENTED_EDGE('',*,*,#1485,.T.);
#667=ORIENTED_EDGE('',*,*,#1486,.F.);
#668=ORIENTED_EDGE('',*,*,#1325,.F.);
#669=ORIENTED_EDGE('',*,*,#1487,.T.);
#670=ORIENTED_EDGE('',*,*,#1422,.F.);
#671=ORIENTED_EDGE('',*,*,#1377,.T.);
#672=ORIENTED_EDGE('',*,*,#1420,.T.);
#673=ORIENTED_EDGE('',*,*,#1381,.T.);
#674=ORIENTED_EDGE('',*,*,#1441,.T.);
#675=ORIENTED_EDGE('',*,*,#1488,.T.);
#676=ORIENTED_EDGE('',*,*,#1489,.F.);
#677=ORIENTED_EDGE('',*,*,#1490,.F.);
#678=ORIENTED_EDGE('',*,*,#1491,.T.);
#679=ORIENTED_EDGE('',*,*,#1492,.F.);
#680=ORIENTED_EDGE('',*,*,#1437,.T.);
#681=ORIENTED_EDGE('',*,*,#1493,.T.);
#682=ORIENTED_EDGE('',*,*,#1494,.F.);
#683=ORIENTED_EDGE('',*,*,#1495,.T.);
#684=ORIENTED_EDGE('',*,*,#1496,.T.);
#685=ORIENTED_EDGE('',*,*,#1497,.F.);
#686=ORIENTED_EDGE('',*,*,#1433,.T.);
#687=ORIENTED_EDGE('',*,*,#1498,.T.);
#688=ORIENTED_EDGE('',*,*,#1499,.F.);
#689=ORIENTED_EDGE('',*,*,#1500,.T.);
#690=ORIENTED_EDGE('',*,*,#1501,.T.);
#691=ORIENTED_EDGE('',*,*,#1479,.T.);
#692=ORIENTED_EDGE('',*,*,#1502,.F.);
#693=ORIENTED_EDGE('',*,*,#1503,.F.);
#694=ORIENTED_EDGE('',*,*,#1504,.T.);
#695=ORIENTED_EDGE('',*,*,#1483,.T.);
#696=ORIENTED_EDGE('',*,*,#1505,.F.);
#697=ORIENTED_EDGE('',*,*,#1506,.T.);
#698=ORIENTED_EDGE('',*,*,#1383,.T.);
#699=ORIENTED_EDGE('',*,*,#1507,.T.);
#700=ORIENTED_EDGE('',*,*,#1490,.T.);
#701=ORIENTED_EDGE('',*,*,#1508,.F.);
#702=ORIENTED_EDGE('',*,*,#1489,.T.);
#703=ORIENTED_EDGE('',*,*,#1509,.F.);
#704=ORIENTED_EDGE('',*,*,#1510,.F.);
#705=ORIENTED_EDGE('',*,*,#1508,.T.);
#706=ORIENTED_EDGE('',*,*,#1488,.F.);
#707=ORIENTED_EDGE('',*,*,#1440,.F.);
#708=ORIENTED_EDGE('',*,*,#1511,.T.);
#709=ORIENTED_EDGE('',*,*,#1509,.T.);
#710=ORIENTED_EDGE('',*,*,#1439,.T.);
#711=ORIENTED_EDGE('',*,*,#1512,.T.);
#712=ORIENTED_EDGE('',*,*,#1513,.F.);
#713=ORIENTED_EDGE('',*,*,#1505,.T.);
#714=ORIENTED_EDGE('',*,*,#1510,.T.);
#715=ORIENTED_EDGE('',*,*,#1511,.F.);
#716=ORIENTED_EDGE('',*,*,#1486,.T.);
#717=ORIENTED_EDGE('',*,*,#1514,.F.);
#718=ORIENTED_EDGE('',*,*,#1515,.F.);
#719=ORIENTED_EDGE('',*,*,#1502,.T.);
#720=ORIENTED_EDGE('',*,*,#1485,.F.);
#721=ORIENTED_EDGE('',*,*,#1516,.F.);
#722=ORIENTED_EDGE('',*,*,#1517,.T.);
#723=ORIENTED_EDGE('',*,*,#1514,.T.);
#724=ORIENTED_EDGE('',*,*,#1484,.F.);
#725=ORIENTED_EDGE('',*,*,#1504,.F.);
#726=ORIENTED_EDGE('',*,*,#1518,.T.);
#727=ORIENTED_EDGE('',*,*,#1516,.T.);
#728=ORIENTED_EDGE('',*,*,#1503,.T.);
#729=ORIENTED_EDGE('',*,*,#1515,.T.);
#730=ORIENTED_EDGE('',*,*,#1517,.F.);
#731=ORIENTED_EDGE('',*,*,#1518,.F.);
#732=ORIENTED_EDGE('',*,*,#1519,.T.);
#733=ORIENTED_EDGE('',*,*,#1520,.T.);
#734=ORIENTED_EDGE('',*,*,#1521,.T.);
#735=ORIENTED_EDGE('',*,*,#1471,.T.);
#736=ORIENTED_EDGE('',*,*,#1522,.F.);
#737=ORIENTED_EDGE('',*,*,#1523,.F.);
#738=ORIENTED_EDGE('',*,*,#1478,.F.);
#739=ORIENTED_EDGE('',*,*,#1524,.F.);
#740=ORIENTED_EDGE('',*,*,#1525,.T.);
#741=ORIENTED_EDGE('',*,*,#1522,.T.);
#742=ORIENTED_EDGE('',*,*,#1477,.F.);
#743=ORIENTED_EDGE('',*,*,#1526,.F.);
#744=ORIENTED_EDGE('',*,*,#1527,.T.);
#745=ORIENTED_EDGE('',*,*,#1524,.T.);
#746=ORIENTED_EDGE('',*,*,#1476,.F.);
#747=ORIENTED_EDGE('',*,*,#1528,.F.);
#748=ORIENTED_EDGE('',*,*,#1529,.T.);
#749=ORIENTED_EDGE('',*,*,#1526,.T.);
#750=ORIENTED_EDGE('',*,*,#1475,.T.);
#751=ORIENTED_EDGE('',*,*,#1530,.F.);
#752=ORIENTED_EDGE('',*,*,#1531,.F.);
#753=ORIENTED_EDGE('',*,*,#1528,.T.);
#754=ORIENTED_EDGE('',*,*,#1532,.F.);
#755=ORIENTED_EDGE('',*,*,#1533,.F.);
#756=ORIENTED_EDGE('',*,*,#1519,.F.);
#757=ORIENTED_EDGE('',*,*,#1534,.T.);
#758=ORIENTED_EDGE('',*,*,#1530,.T.);
#759=ORIENTED_EDGE('',*,*,#1474,.F.);
#760=ORIENTED_EDGE('',*,*,#1523,.T.);
#761=ORIENTED_EDGE('',*,*,#1525,.F.);
#762=ORIENTED_EDGE('',*,*,#1527,.F.);
#763=ORIENTED_EDGE('',*,*,#1529,.F.);
#764=ORIENTED_EDGE('',*,*,#1531,.T.);
#765=ORIENTED_EDGE('',*,*,#1534,.F.);
#766=ORIENTED_EDGE('',*,*,#1535,.F.);
#767=ORIENTED_EDGE('',*,*,#1536,.F.);
#768=ORIENTED_EDGE('',*,*,#1537,.F.);
#769=ORIENTED_EDGE('',*,*,#1538,.T.);
#770=ORIENTED_EDGE('',*,*,#1539,.T.);
#771=ORIENTED_EDGE('',*,*,#1466,.F.);
#772=ORIENTED_EDGE('',*,*,#1540,.F.);
#773=ORIENTED_EDGE('',*,*,#1541,.T.);
#774=ORIENTED_EDGE('',*,*,#1463,.F.);
#775=ORIENTED_EDGE('',*,*,#1542,.F.);
#776=ORIENTED_EDGE('',*,*,#1543,.T.);
#777=ORIENTED_EDGE('',*,*,#1537,.T.);
#778=ORIENTED_EDGE('',*,*,#1470,.F.);
#779=ORIENTED_EDGE('',*,*,#1544,.F.);
#780=ORIENTED_EDGE('',*,*,#1545,.T.);
#781=ORIENTED_EDGE('',*,*,#1542,.T.);
#782=ORIENTED_EDGE('',*,*,#1469,.T.);
#783=ORIENTED_EDGE('',*,*,#1546,.F.);
#784=ORIENTED_EDGE('',*,*,#1547,.F.);
#785=ORIENTED_EDGE('',*,*,#1544,.T.);
#786=ORIENTED_EDGE('',*,*,#1468,.T.);
#787=ORIENTED_EDGE('',*,*,#1548,.F.);
#788=ORIENTED_EDGE('',*,*,#1549,.F.);
#789=ORIENTED_EDGE('',*,*,#1546,.T.);
#790=ORIENTED_EDGE('',*,*,#1467,.T.);
#791=ORIENTED_EDGE('',*,*,#1539,.F.);
#792=ORIENTED_EDGE('',*,*,#1550,.F.);
#793=ORIENTED_EDGE('',*,*,#1548,.T.);
#794=ORIENTED_EDGE('',*,*,#1538,.F.);
#795=ORIENTED_EDGE('',*,*,#1543,.F.);
#796=ORIENTED_EDGE('',*,*,#1545,.F.);
#797=ORIENTED_EDGE('',*,*,#1547,.T.);
#798=ORIENTED_EDGE('',*,*,#1549,.T.);
#799=ORIENTED_EDGE('',*,*,#1550,.T.);
#800=ORIENTED_EDGE('',*,*,#1551,.F.);
#801=ORIENTED_EDGE('',*,*,#1552,.T.);
#802=ORIENTED_EDGE('',*,*,#1553,.T.);
#803=ORIENTED_EDGE('',*,*,#1495,.F.);
#804=ORIENTED_EDGE('',*,*,#1554,.F.);
#805=ORIENTED_EDGE('',*,*,#1555,.F.);
#806=ORIENTED_EDGE('',*,*,#1497,.T.);
#807=ORIENTED_EDGE('',*,*,#1556,.F.);
#808=ORIENTED_EDGE('',*,*,#1557,.F.);
#809=ORIENTED_EDGE('',*,*,#1434,.T.);
#810=ORIENTED_EDGE('',*,*,#1496,.F.);
#811=ORIENTED_EDGE('',*,*,#1553,.F.);
#812=ORIENTED_EDGE('',*,*,#1558,.T.);
#813=ORIENTED_EDGE('',*,*,#1556,.T.);
#814=ORIENTED_EDGE('',*,*,#1552,.F.);
#815=ORIENTED_EDGE('',*,*,#1559,.T.);
#816=ORIENTED_EDGE('',*,*,#1560,.F.);
#817=ORIENTED_EDGE('',*,*,#1435,.T.);
#818=ORIENTED_EDGE('',*,*,#1557,.T.);
#819=ORIENTED_EDGE('',*,*,#1558,.F.);
#820=ORIENTED_EDGE('',*,*,#1482,.T.);
#821=ORIENTED_EDGE('',*,*,#1561,.F.);
#822=ORIENTED_EDGE('',*,*,#1562,.F.);
#823=ORIENTED_EDGE('',*,*,#1499,.T.);
#824=ORIENTED_EDGE('',*,*,#1481,.T.);
#825=ORIENTED_EDGE('',*,*,#1563,.F.);
#826=ORIENTED_EDGE('',*,*,#1564,.F.);
#827=ORIENTED_EDGE('',*,*,#1561,.T.);
#828=ORIENTED_EDGE('',*,*,#1480,.F.);
#829=ORIENTED_EDGE('',*,*,#1501,.F.);
#830=ORIENTED_EDGE('',*,*,#1565,.T.);
#831=ORIENTED_EDGE('',*,*,#1563,.T.);
#832=ORIENTED_EDGE('',*,*,#1500,.F.);
#833=ORIENTED_EDGE('',*,*,#1562,.T.);
#834=ORIENTED_EDGE('',*,*,#1564,.T.);
#835=ORIENTED_EDGE('',*,*,#1565,.F.);
#836=ORIENTED_EDGE('',*,*,#1492,.T.);
#837=ORIENTED_EDGE('',*,*,#1566,.F.);
#838=ORIENTED_EDGE('',*,*,#1385,.F.);
#839=ORIENTED_EDGE('',*,*,#1567,.F.);
#840=ORIENTED_EDGE('',*,*,#1512,.F.);
#841=ORIENTED_EDGE('',*,*,#1438,.T.);
#842=ORIENTED_EDGE('',*,*,#1491,.F.);
#843=ORIENTED_EDGE('',*,*,#1507,.F.);
#844=ORIENTED_EDGE('',*,*,#1386,.T.);
#845=ORIENTED_EDGE('',*,*,#1566,.T.);
#846=ORIENTED_EDGE('',*,*,#1493,.F.);
#847=ORIENTED_EDGE('',*,*,#1436,.F.);
#848=ORIENTED_EDGE('',*,*,#1560,.T.);
#849=ORIENTED_EDGE('',*,*,#1568,.T.);
#850=ORIENTED_EDGE('',*,*,#1569,.T.);
#851=ORIENTED_EDGE('',*,*,#1570,.T.);
#852=ORIENTED_EDGE('',*,*,#1494,.T.);
#853=ORIENTED_EDGE('',*,*,#1570,.F.);
#854=ORIENTED_EDGE('',*,*,#1571,.F.);
#855=ORIENTED_EDGE('',*,*,#1554,.T.);
#856=ORIENTED_EDGE('',*,*,#1572,.F.);
#857=ORIENTED_EDGE('',*,*,#1555,.T.);
#858=ORIENTED_EDGE('',*,*,#1571,.T.);
#859=ORIENTED_EDGE('',*,*,#1569,.F.);
#860=ORIENTED_EDGE('',*,*,#1464,.F.);
#861=ORIENTED_EDGE('',*,*,#1541,.F.);
#862=ORIENTED_EDGE('',*,*,#1573,.T.);
#863=ORIENTED_EDGE('',*,*,#1574,.T.);
#864=ORIENTED_EDGE('',*,*,#1465,.T.);
#865=ORIENTED_EDGE('',*,*,#1574,.F.);
#866=ORIENTED_EDGE('',*,*,#1575,.F.);
#867=ORIENTED_EDGE('',*,*,#1535,.T.);
#868=ORIENTED_EDGE('',*,*,#1573,.F.);
#869=ORIENTED_EDGE('',*,*,#1540,.T.);
#870=ORIENTED_EDGE('',*,*,#1536,.T.);
#871=ORIENTED_EDGE('',*,*,#1575,.T.);
#872=ORIENTED_EDGE('',*,*,#1473,.T.);
#873=ORIENTED_EDGE('',*,*,#1576,.F.);
#874=ORIENTED_EDGE('',*,*,#1577,.F.);
#875=ORIENTED_EDGE('',*,*,#1532,.T.);
#876=ORIENTED_EDGE('',*,*,#1472,.F.);
#877=ORIENTED_EDGE('',*,*,#1521,.F.);
#878=ORIENTED_EDGE('',*,*,#1578,.T.);
#879=ORIENTED_EDGE('',*,*,#1576,.T.);
#880=ORIENTED_EDGE('',*,*,#1520,.F.);
#881=ORIENTED_EDGE('',*,*,#1533,.T.);
#882=ORIENTED_EDGE('',*,*,#1577,.T.);
#883=ORIENTED_EDGE('',*,*,#1578,.F.);
#884=ORIENTED_EDGE('',*,*,#1579,.T.);
#885=ORIENTED_EDGE('',*,*,#1580,.T.);
#886=ORIENTED_EDGE('',*,*,#1393,.F.);
#887=ORIENTED_EDGE('',*,*,#1581,.T.);
#888=ORIENTED_EDGE('',*,*,#1582,.T.);
#889=ORIENTED_EDGE('',*,*,#1583,.T.);
#890=ORIENTED_EDGE('',*,*,#1584,.T.);
#891=ORIENTED_EDGE('',*,*,#1585,.T.);
#892=ORIENTED_EDGE('',*,*,#1586,.T.);
#893=ORIENTED_EDGE('',*,*,#1587,.T.);
#894=ORIENTED_EDGE('',*,*,#1588,.T.);
#895=ORIENTED_EDGE('',*,*,#1589,.T.);
#896=ORIENTED_EDGE('',*,*,#1590,.T.);
#897=ORIENTED_EDGE('',*,*,#1591,.T.);
#898=ORIENTED_EDGE('',*,*,#1592,.T.);
#899=ORIENTED_EDGE('',*,*,#1593,.T.);
#900=ORIENTED_EDGE('',*,*,#1594,.T.);
#901=ORIENTED_EDGE('',*,*,#1595,.T.);
#902=ORIENTED_EDGE('',*,*,#1596,.T.);
#903=ORIENTED_EDGE('',*,*,#1597,.T.);
#904=ORIENTED_EDGE('',*,*,#1445,.F.);
#905=ORIENTED_EDGE('',*,*,#1598,.T.);
#906=ORIENTED_EDGE('',*,*,#1457,.T.);
#907=ORIENTED_EDGE('',*,*,#1599,.T.);
#908=ORIENTED_EDGE('',*,*,#1443,.T.);
#909=ORIENTED_EDGE('',*,*,#1600,.T.);
#910=ORIENTED_EDGE('',*,*,#1459,.F.);
#911=ORIENTED_EDGE('',*,*,#1601,.T.);
#912=ORIENTED_EDGE('',*,*,#1449,.T.);
#913=ORIENTED_EDGE('',*,*,#1602,.T.);
#914=ORIENTED_EDGE('',*,*,#1461,.F.);
#915=ORIENTED_EDGE('',*,*,#1603,.T.);
#916=ORIENTED_EDGE('',*,*,#1455,.T.);
#917=ORIENTED_EDGE('',*,*,#1604,.T.);
#918=ORIENTED_EDGE('',*,*,#1447,.F.);
#919=ORIENTED_EDGE('',*,*,#1605,.T.);
#920=ORIENTED_EDGE('',*,*,#1606,.F.);
#921=ORIENTED_EDGE('',*,*,#1429,.F.);
#922=ORIENTED_EDGE('',*,*,#1607,.T.);
#923=ORIENTED_EDGE('',*,*,#1579,.F.);
#924=ORIENTED_EDGE('',*,*,#1608,.F.);
#925=ORIENTED_EDGE('',*,*,#1372,.T.);
#926=ORIENTED_EDGE('',*,*,#1609,.F.);
#927=ORIENTED_EDGE('',*,*,#1415,.T.);
#928=ORIENTED_EDGE('',*,*,#1610,.T.);
#929=ORIENTED_EDGE('',*,*,#1581,.F.);
#930=ORIENTED_EDGE('',*,*,#1392,.T.);
#931=ORIENTED_EDGE('',*,*,#1611,.T.);
#932=ORIENTED_EDGE('',*,*,#1389,.T.);
#933=ORIENTED_EDGE('',*,*,#1612,.T.);
#934=ORIENTED_EDGE('',*,*,#1411,.F.);
#935=ORIENTED_EDGE('',*,*,#1613,.T.);
#936=ORIENTED_EDGE('',*,*,#1399,.F.);
#937=ORIENTED_EDGE('',*,*,#1413,.T.);
#938=ORIENTED_EDGE('',*,*,#1614,.T.);
#939=ORIENTED_EDGE('',*,*,#1374,.T.);
#940=ORIENTED_EDGE('',*,*,#1615,.T.);
#941=ORIENTED_EDGE('',*,*,#1572,.T.);
#942=ORIENTED_EDGE('',*,*,#1568,.F.);
#943=ORIENTED_EDGE('',*,*,#1559,.F.);
#944=ORIENTED_EDGE('',*,*,#1551,.T.);
#945=ORIENTED_EDGE('',*,*,#1384,.F.);
#946=ORIENTED_EDGE('',*,*,#1506,.F.);
#947=ORIENTED_EDGE('',*,*,#1513,.T.);
#948=ORIENTED_EDGE('',*,*,#1567,.T.);
#949=ORIENTED_EDGE('',*,*,#1409,.F.);
#950=ORIENTED_EDGE('',*,*,#1616,.T.);
#951=ORIENTED_EDGE('',*,*,#1594,.F.);
#952=ORIENTED_EDGE('',*,*,#1617,.T.);
#953=ORIENTED_EDGE('',*,*,#1592,.F.);
#954=ORIENTED_EDGE('',*,*,#1618,.T.);
#955=ORIENTED_EDGE('',*,*,#1407,.F.);
#956=ORIENTED_EDGE('',*,*,#1619,.T.);
#957=ORIENTED_EDGE('',*,*,#1453,.F.);
#958=ORIENTED_EDGE('',*,*,#1620,.T.);
#959=ORIENTED_EDGE('',*,*,#1590,.F.);
#960=ORIENTED_EDGE('',*,*,#1621,.T.);
#961=ORIENTED_EDGE('',*,*,#1596,.F.);
#962=ORIENTED_EDGE('',*,*,#1622,.T.);
#963=ORIENTED_EDGE('',*,*,#1451,.F.);
#964=ORIENTED_EDGE('',*,*,#1623,.T.);
#965=ORIENTED_EDGE('',*,*,#1324,.F.);
#966=ORIENTED_EDGE('',*,*,#1624,.T.);
#967=ORIENTED_EDGE('',*,*,#1370,.F.);
#968=ORIENTED_EDGE('',*,*,#1423,.F.);
#969=ORIENTED_EDGE('',*,*,#1487,.F.);
#970=ORIENTED_EDGE('',*,*,#1394,.F.);
#971=ORIENTED_EDGE('',*,*,#1580,.F.);
#972=ORIENTED_EDGE('',*,*,#1607,.F.);
#973=ORIENTED_EDGE('',*,*,#1428,.F.);
#974=ORIENTED_EDGE('',*,*,#1367,.F.);
#975=ORIENTED_EDGE('',*,*,#1363,.T.);
#976=ORIENTED_EDGE('',*,*,#1326,.F.);
#977=ORIENTED_EDGE('',*,*,#1498,.F.);
#978=ORIENTED_EDGE('',*,*,#1432,.F.);
#979=ORIENTED_EDGE('',*,*,#1396,.F.);
#980=ORIENTED_EDGE('',*,*,#1427,.F.);
#981=ORIENTED_EDGE('',*,*,#1347,.F.);
#982=ORIENTED_EDGE('',*,*,#1335,.F.);
#983=ORIENTED_EDGE('',*,*,#1398,.F.);
#984=ORIENTED_EDGE('',*,*,#1317,.F.);
#985=ORIENTED_EDGE('',*,*,#1357,.F.);
#986=ORIENTED_EDGE('',*,*,#1388,.F.);
#987=ORIENTED_EDGE('',*,*,#1397,.F.);
#988=ORIENTED_EDGE('',*,*,#1333,.F.);
#989=ORIENTED_EDGE('',*,*,#1345,.F.);
#990=ORIENTED_EDGE('',*,*,#1319,.F.);
#991=ORIENTED_EDGE('',*,*,#1625,.F.);
#992=ORIENTED_EDGE('',*,*,#1622,.F.);
#993=ORIENTED_EDGE('',*,*,#1626,.F.);
#994=ORIENTED_EDGE('',*,*,#1587,.F.);
#995=ORIENTED_EDGE('',*,*,#1626,.T.);
#996=ORIENTED_EDGE('',*,*,#1595,.F.);
#997=ORIENTED_EDGE('',*,*,#1627,.F.);
#998=ORIENTED_EDGE('',*,*,#1588,.F.);
#999=ORIENTED_EDGE('',*,*,#1625,.T.);
#1000=ORIENTED_EDGE('',*,*,#1586,.F.);
#1001=ORIENTED_EDGE('',*,*,#1628,.F.);
#1002=ORIENTED_EDGE('',*,*,#1452,.F.);
#1003=ORIENTED_EDGE('',*,*,#1627,.T.);
#1004=ORIENTED_EDGE('',*,*,#1616,.F.);
#1005=ORIENTED_EDGE('',*,*,#1629,.F.);
#1006=ORIENTED_EDGE('',*,*,#1589,.F.);
#1007=ORIENTED_EDGE('',*,*,#1628,.T.);
#1008=ORIENTED_EDGE('',*,*,#1585,.F.);
#1009=ORIENTED_EDGE('',*,*,#1630,.F.);
#1010=ORIENTED_EDGE('',*,*,#1620,.F.);
#1011=ORIENTED_EDGE('',*,*,#1629,.T.);
#1012=ORIENTED_EDGE('',*,*,#1408,.F.);
#1013=ORIENTED_EDGE('',*,*,#1631,.F.);
#1014=ORIENTED_EDGE('',*,*,#1582,.F.);
#1015=ORIENTED_EDGE('',*,*,#1630,.T.);
#1016=ORIENTED_EDGE('',*,*,#1584,.F.);
#1017=ORIENTED_EDGE('',*,*,#1632,.F.);
#1018=ORIENTED_EDGE('',*,*,#1591,.F.);
#1019=ORIENTED_EDGE('',*,*,#1631,.T.);
#1020=ORIENTED_EDGE('',*,*,#1618,.F.);
#1021=ORIENTED_EDGE('',*,*,#1632,.T.);
#1022=ORIENTED_EDGE('',*,*,#1583,.F.);
#1023=ORIENTED_EDGE('',*,*,#1613,.F.);
#1024=ORIENTED_EDGE('',*,*,#1410,.F.);
#1025=ORIENTED_EDGE('',*,*,#1633,.F.);
#1026=ORIENTED_EDGE('',*,*,#1400,.F.);
#1027=ORIENTED_EDGE('',*,*,#1633,.T.);
#1028=ORIENTED_EDGE('',*,*,#1617,.F.);
#1029=ORIENTED_EDGE('',*,*,#1634,.F.);
#1030=ORIENTED_EDGE('',*,*,#1401,.F.);
#1031=ORIENTED_EDGE('',*,*,#1634,.T.);
#1032=ORIENTED_EDGE('',*,*,#1597,.F.);
#1033=ORIENTED_EDGE('',*,*,#1635,.F.);
#1034=ORIENTED_EDGE('',*,*,#1402,.F.);
#1035=ORIENTED_EDGE('',*,*,#1635,.T.);
#1036=ORIENTED_EDGE('',*,*,#1623,.F.);
#1037=ORIENTED_EDGE('',*,*,#1636,.F.);
#1038=ORIENTED_EDGE('',*,*,#1403,.F.);
#1039=ORIENTED_EDGE('',*,*,#1636,.T.);
#1040=ORIENTED_EDGE('',*,*,#1454,.F.);
#1041=ORIENTED_EDGE('',*,*,#1637,.F.);
#1042=ORIENTED_EDGE('',*,*,#1404,.F.);
#1043=ORIENTED_EDGE('',*,*,#1637,.T.);
#1044=ORIENTED_EDGE('',*,*,#1621,.F.);
#1045=ORIENTED_EDGE('',*,*,#1638,.F.);
#1046=ORIENTED_EDGE('',*,*,#1405,.F.);
#1047=ORIENTED_EDGE('',*,*,#1638,.T.);
#1048=ORIENTED_EDGE('',*,*,#1593,.F.);
#1049=ORIENTED_EDGE('',*,*,#1639,.F.);
#1050=ORIENTED_EDGE('',*,*,#1406,.F.);
#1051=ORIENTED_EDGE('',*,*,#1639,.T.);
#1052=ORIENTED_EDGE('',*,*,#1619,.F.);
#1053=ORIENTED_EDGE('',*,*,#1640,.F.);
#1054=ORIENTED_EDGE('',*,*,#1390,.F.);
#1055=ORIENTED_EDGE('',*,*,#1611,.F.);
#1056=ORIENTED_EDGE('',*,*,#1391,.F.);
#1057=ORIENTED_EDGE('',*,*,#1640,.T.);
#1058=ORIENTED_EDGE('',*,*,#1416,.F.);
#1059=ORIENTED_EDGE('',*,*,#1462,.F.);
#1060=ORIENTED_EDGE('',*,*,#1602,.F.);
#1061=ORIENTED_EDGE('',*,*,#1448,.F.);
#1062=ORIENTED_EDGE('',*,*,#1604,.F.);
#1063=ORIENTED_EDGE('',*,*,#1460,.F.);
#1064=ORIENTED_EDGE('',*,*,#1600,.F.);
#1065=ORIENTED_EDGE('',*,*,#1450,.F.);
#1066=ORIENTED_EDGE('',*,*,#1603,.F.);
#1067=ORIENTED_EDGE('',*,*,#1458,.F.);
#1068=ORIENTED_EDGE('',*,*,#1598,.F.);
#1069=ORIENTED_EDGE('',*,*,#1444,.F.);
#1070=ORIENTED_EDGE('',*,*,#1601,.F.);
#1071=ORIENTED_EDGE('',*,*,#1456,.F.);
#1072=ORIENTED_EDGE('',*,*,#1605,.F.);
#1073=ORIENTED_EDGE('',*,*,#1446,.F.);
#1074=ORIENTED_EDGE('',*,*,#1599,.F.);
#1075=ORIENTED_EDGE('',*,*,#1375,.F.);
#1076=ORIENTED_EDGE('',*,*,#1614,.F.);
#1077=ORIENTED_EDGE('',*,*,#1412,.F.);
#1078=ORIENTED_EDGE('',*,*,#1612,.F.);
#1079=ORIENTED_EDGE('',*,*,#1355,.F.);
#1080=ORIENTED_EDGE('',*,*,#1608,.T.);
#1081=ORIENTED_EDGE('',*,*,#1610,.F.);
#1082=ORIENTED_EDGE('',*,*,#1414,.F.);
#1083=ORIENTED_EDGE('',*,*,#1615,.F.);
#1084=ORIENTED_EDGE('',*,*,#1373,.F.);
#1085=ORIENTED_EDGE('',*,*,#1419,.T.);
#1086=ORIENTED_EDGE('',*,*,#1641,.T.);
#1087=ORIENTED_EDGE('',*,*,#1343,.F.);
#1088=ORIENTED_EDGE('',*,*,#1340,.T.);
#1089=ORIENTED_EDGE('',*,*,#1379,.T.);
#1090=ORIENTED_EDGE('',*,*,#1642,.F.);
#1091=ORIENTED_EDGE('',*,*,#1609,.T.);
#1092=ORIENTED_EDGE('',*,*,#1371,.T.);
#1093=ORIENTED_EDGE('',*,*,#1624,.F.);
#1094=ORIENTED_EDGE('',*,*,#1323,.F.);
#1095=ORIENTED_EDGE('',*,*,#1328,.F.);
#1096=ORIENTED_EDGE('',*,*,#1362,.F.);
#1097=ORIENTED_EDGE('',*,*,#1349,.F.);
#1098=ORIENTED_EDGE('',*,*,#1426,.F.);
#1099=ORIENTED_EDGE('',*,*,#1643,.F.);
#1100=ORIENTED_EDGE('',*,*,#1644,.F.);
#1101=ORIENTED_EDGE('',*,*,#1645,.T.);
#1102=ORIENTED_EDGE('',*,*,#1606,.T.);
#1103=ORIENTED_EDGE('',*,*,#1642,.T.);
#1104=ORIENTED_EDGE('',*,*,#1322,.T.);
#1105=ORIENTED_EDGE('',*,*,#1646,.F.);
#1106=ORIENTED_EDGE('',*,*,#1647,.T.);
#1107=ORIENTED_EDGE('',*,*,#1648,.T.);
#1108=ORIENTED_EDGE('',*,*,#1424,.T.);
#1109=ORIENTED_EDGE('',*,*,#1421,.F.);
#1110=ORIENTED_EDGE('',*,*,#1358,.T.);
#1111=ORIENTED_EDGE('',*,*,#1352,.F.);
#1112=ORIENTED_EDGE('',*,*,#1315,.F.);
#1113=ORIENTED_EDGE('',*,*,#1649,.F.);
#1114=ORIENTED_EDGE('',*,*,#1650,.F.);
#1115=ORIENTED_EDGE('',*,*,#1651,.T.);
#1116=ORIENTED_EDGE('',*,*,#1344,.T.);
#1117=ORIENTED_EDGE('',*,*,#1641,.F.);
#1118=ORIENTED_EDGE('',*,*,#1418,.T.);
#1119=ORIENTED_EDGE('',*,*,#1652,.F.);
#1120=ORIENTED_EDGE('',*,*,#1653,.T.);
#1121=ORIENTED_EDGE('',*,*,#1654,.T.);
#1122=ORIENTED_EDGE('',*,*,#1313,.T.);
#1123=ORIENTED_EDGE('',*,*,#1337,.T.);
#1124=ORIENTED_EDGE('',*,*,#1342,.F.);
#1125=ORIENTED_EDGE('',*,*,#1331,.F.);
#1126=ORIENTED_EDGE('',*,*,#1655,.F.);
#1127=ORIENTED_EDGE('',*,*,#1656,.F.);
#1128=ORIENTED_EDGE('',*,*,#1657,.T.);
#1129=ORIENTED_EDGE('',*,*,#1442,.F.);
#1130=ORIENTED_EDGE('',*,*,#1431,.T.);
#1131=ORIENTED_EDGE('',*,*,#1658,.F.);
#1132=ORIENTED_EDGE('',*,*,#1659,.T.);
#1133=ORIENTED_EDGE('',*,*,#1660,.T.);
#1134=ORIENTED_EDGE('',*,*,#1329,.T.);
#1135=ORIENTED_EDGE('',*,*,#1346,.T.);
#1136=ORIENTED_EDGE('',*,*,#1366,.F.);
#1137=ORIENTED_EDGE('',*,*,#1330,.F.);
#1138=ORIENTED_EDGE('',*,*,#1660,.F.);
#1139=ORIENTED_EDGE('',*,*,#1661,.T.);
#1140=ORIENTED_EDGE('',*,*,#1655,.T.);
#1141=ORIENTED_EDGE('',*,*,#1430,.T.);
#1142=ORIENTED_EDGE('',*,*,#1657,.F.);
#1143=ORIENTED_EDGE('',*,*,#1662,.F.);
#1144=ORIENTED_EDGE('',*,*,#1658,.T.);
#1145=ORIENTED_EDGE('',*,*,#1661,.F.);
#1146=ORIENTED_EDGE('',*,*,#1659,.F.);
#1147=ORIENTED_EDGE('',*,*,#1662,.T.);
#1148=ORIENTED_EDGE('',*,*,#1656,.T.);
#1149=ORIENTED_EDGE('',*,*,#1425,.F.);
#1150=ORIENTED_EDGE('',*,*,#1648,.F.);
#1151=ORIENTED_EDGE('',*,*,#1663,.T.);
#1152=ORIENTED_EDGE('',*,*,#1643,.T.);
#1153=ORIENTED_EDGE('',*,*,#1321,.T.);
#1154=ORIENTED_EDGE('',*,*,#1645,.F.);
#1155=ORIENTED_EDGE('',*,*,#1664,.F.);
#1156=ORIENTED_EDGE('',*,*,#1646,.T.);
#1157=ORIENTED_EDGE('',*,*,#1663,.F.);
#1158=ORIENTED_EDGE('',*,*,#1647,.F.);
#1159=ORIENTED_EDGE('',*,*,#1664,.T.);
#1160=ORIENTED_EDGE('',*,*,#1644,.T.);
#1161=ORIENTED_EDGE('',*,*,#1314,.F.);
#1162=ORIENTED_EDGE('',*,*,#1654,.F.);
#1163=ORIENTED_EDGE('',*,*,#1665,.T.);
#1164=ORIENTED_EDGE('',*,*,#1649,.T.);
#1165=ORIENTED_EDGE('',*,*,#1417,.T.);
#1166=ORIENTED_EDGE('',*,*,#1651,.F.);
#1167=ORIENTED_EDGE('',*,*,#1666,.F.);
#1168=ORIENTED_EDGE('',*,*,#1652,.T.);
#1169=ORIENTED_EDGE('',*,*,#1665,.F.);
#1170=ORIENTED_EDGE('',*,*,#1653,.F.);
#1171=ORIENTED_EDGE('',*,*,#1666,.T.);
#1172=ORIENTED_EDGE('',*,*,#1650,.T.);
#1173=EDGE_CURVE('',#1667,#1668,#1997,.T.);
#1174=EDGE_CURVE('',#1667,#1669,#1998,.T.);
#1175=EDGE_CURVE('',#1670,#1669,#1999,.T.);
#1176=EDGE_CURVE('',#1668,#1670,#2000,.T.);
#1177=EDGE_CURVE('',#1671,#1672,#2001,.T.);
#1178=EDGE_CURVE('',#1671,#1673,#2002,.T.);
#1179=EDGE_CURVE('',#1674,#1673,#2003,.T.);
#1180=EDGE_CURVE('',#1672,#1674,#2004,.T.);
#1181=EDGE_CURVE('',#1675,#1676,#2005,.T.);
#1182=EDGE_CURVE('',#1675,#1677,#2006,.F.);
#1183=EDGE_CURVE('',#1678,#1677,#2007,.T.);
#1184=EDGE_CURVE('',#1678,#1676,#2008,.T.);
#1185=EDGE_CURVE('',#1679,#1680,#2009,.F.);
#1186=EDGE_CURVE('',#1680,#1681,#2010,.T.);
#1187=EDGE_CURVE('',#1681,#1682,#2011,.T.);
#1188=EDGE_CURVE('',#1682,#1679,#2012,.T.);
#1189=EDGE_CURVE('',#1683,#1684,#2013,.F.);
#1190=EDGE_CURVE('',#1684,#1685,#2014,.T.);
#1191=EDGE_CURVE('',#1685,#1686,#2015,.T.);
#1192=EDGE_CURVE('',#1686,#1687,#2016,.T.);
#1193=EDGE_CURVE('',#1667,#1687,#2017,.T.);
#1194=EDGE_CURVE('',#1668,#1688,#2018,.T.);
#1195=EDGE_CURVE('',#1683,#1688,#2019,.T.);
#1196=EDGE_CURVE('',#1689,#1690,#2020,.F.);
#1197=EDGE_CURVE('',#1690,#1691,#2021,.T.);
#1198=EDGE_CURVE('',#1691,#1692,#2022,.T.);
#1199=EDGE_CURVE('',#1692,#1693,#2023,.T.);
#1200=EDGE_CURVE('',#1671,#1693,#2024,.T.);
#1201=EDGE_CURVE('',#1672,#1694,#2025,.T.);
#1202=EDGE_CURVE('',#1689,#1694,#2026,.T.);
#1203=EDGE_CURVE('',#1695,#1696,#2027,.F.);
#1204=EDGE_CURVE('',#1696,#1697,#2028,.T.);
#1205=EDGE_CURVE('',#1697,#1698,#2029,.T.);
#1206=EDGE_CURVE('',#1698,#1699,#2030,.T.);
#1207=EDGE_CURVE('',#1675,#1699,#2031,.T.);
#1208=EDGE_CURVE('',#1676,#1700,#2032,.T.);
#1209=EDGE_CURVE('',#1700,#1695,#2033,.T.);
#1210=EDGE_CURVE('',#1701,#1702,#2034,.T.);
#1211=EDGE_CURVE('',#1701,#1703,#2035,.T.);
#1212=EDGE_CURVE('',#1703,#1704,#2036,.T.);
#1213=EDGE_CURVE('',#1704,#1705,#89,.F.);
#1214=EDGE_CURVE('',#1705,#1706,#2037,.T.);
#1215=EDGE_CURVE('',#1706,#1678,#90,.F.);
#1216=EDGE_CURVE('',#1707,#1677,#2038,.T.);
#1217=EDGE_CURVE('',#1708,#1707,#2039,.T.);
#1218=EDGE_CURVE('',#1708,#1709,#2040,.T.);
#1219=EDGE_CURVE('',#1709,#1710,#2041,.T.);
#1220=EDGE_CURVE('',#1710,#1674,#91,.F.);
#1221=EDGE_CURVE('',#1711,#1673,#2042,.T.);
#1222=EDGE_CURVE('',#1712,#1711,#2043,.T.);
#1223=EDGE_CURVE('',#1712,#1713,#2044,.T.);
#1224=EDGE_CURVE('',#1713,#1714,#2045,.T.);
#1225=EDGE_CURVE('',#1714,#1670,#92,.F.);
#1226=EDGE_CURVE('',#1702,#1669,#2046,.T.);
#1227=EDGE_CURVE('',#1715,#1715,#93,.T.);
#1228=EDGE_CURVE('',#1716,#1716,#94,.T.);
#1229=EDGE_CURVE('',#1717,#1717,#95,.T.);
#1230=EDGE_CURVE('',#1718,#1718,#96,.T.);
#1231=EDGE_CURVE('',#1719,#1719,#97,.T.);
#1232=EDGE_CURVE('',#1720,#1720,#98,.T.);
#1233=EDGE_CURVE('',#1721,#1721,#99,.T.);
#1234=EDGE_CURVE('',#1722,#1722,#100,.T.);
#1235=EDGE_CURVE('',#1723,#1723,#101,.T.);
#1236=EDGE_CURVE('',#1724,#1724,#102,.T.);
#1237=EDGE_CURVE('',#1725,#1725,#103,.T.);
#1238=EDGE_CURVE('',#1726,#1726,#104,.T.);
#1239=EDGE_CURVE('',#1727,#1727,#105,.T.);
#1240=EDGE_CURVE('',#1728,#1728,#106,.T.);
#1241=EDGE_CURVE('',#1729,#1729,#107,.T.);
#1242=EDGE_CURVE('',#1730,#1730,#108,.T.);
#1243=EDGE_CURVE('',#1731,#1731,#109,.T.);
#1244=EDGE_CURVE('',#1732,#1732,#110,.T.);
#1245=EDGE_CURVE('',#1733,#1733,#111,.T.);
#1246=EDGE_CURVE('',#1734,#1734,#112,.T.);
#1247=EDGE_CURVE('',#1735,#1735,#113,.T.);
#1248=EDGE_CURVE('',#1736,#1736,#114,.T.);
#1249=EDGE_CURVE('',#1737,#1737,#115,.T.);
#1250=EDGE_CURVE('',#1738,#1738,#116,.T.);
#1251=EDGE_CURVE('',#1739,#1739,#117,.T.);
#1252=EDGE_CURVE('',#1740,#1740,#118,.T.);
#1253=EDGE_CURVE('',#1741,#1741,#119,.T.);
#1254=EDGE_CURVE('',#1742,#1742,#120,.T.);
#1255=EDGE_CURVE('',#1694,#1695,#121,.T.);
#1256=EDGE_CURVE('',#1700,#1679,#122,.T.);
#1257=EDGE_CURVE('',#1682,#1683,#123,.T.);
#1258=EDGE_CURVE('',#1688,#1689,#124,.T.);
#1259=EDGE_CURVE('',#1672,#1696,#125,.T.);
#1260=EDGE_CURVE('',#1681,#1684,#126,.T.);
#1261=EDGE_CURVE('',#1676,#1680,#127,.T.);
#1262=EDGE_CURVE('',#1668,#1690,#128,.T.);
#1263=EDGE_CURVE('',#1685,#1703,#2047,.T.);
#1264=EDGE_CURVE('',#1704,#1684,#2048,.T.);
#1265=EDGE_CURVE('',#1705,#1681,#2049,.T.);
#1266=EDGE_CURVE('',#1690,#1714,#2050,.T.);
#1267=EDGE_CURVE('',#1706,#1680,#2051,.T.);
#1268=EDGE_CURVE('',#1691,#1713,#2052,.T.);
#1269=EDGE_CURVE('',#1696,#1710,#2053,.T.);
#1270=EDGE_CURVE('',#1697,#1709,#2054,.F.);
#1271=EDGE_CURVE('',#1743,#1708,#2055,.T.);
#1272=EDGE_CURVE('',#1743,#1744,#2056,.T.);
#1273=EDGE_CURVE('',#1744,#1745,#2057,.T.);
#1274=EDGE_CURVE('',#1746,#1745,#2058,.T.);
#1275=EDGE_CURVE('',#1698,#1746,#2059,.T.);
#1276=EDGE_CURVE('',#1747,#1707,#2060,.T.);
#1277=EDGE_CURVE('',#1699,#1748,#2061,.T.);
#1278=EDGE_CURVE('',#1748,#1749,#2062,.T.);
#1279=EDGE_CURVE('',#1750,#1749,#2063,.T.);
#1280=EDGE_CURVE('',#1747,#1750,#2064,.T.);
#1281=EDGE_CURVE('',#1745,#1749,#2065,.T.);
#1282=EDGE_CURVE('',#1744,#1750,#2066,.T.);
#1283=EDGE_CURVE('',#1743,#1747,#2067,.T.);
#1284=EDGE_CURVE('',#1746,#1748,#2068,.T.);
#1285=EDGE_CURVE('',#1751,#1712,#2069,.T.);
#1286=EDGE_CURVE('',#1751,#1752,#2070,.T.);
#1287=EDGE_CURVE('',#1752,#1753,#2071,.T.);
#1288=EDGE_CURVE('',#1754,#1753,#2072,.T.);
#1289=EDGE_CURVE('',#1692,#1754,#2073,.T.);
#1290=EDGE_CURVE('',#1755,#1711,#2074,.T.);
#1291=EDGE_CURVE('',#1693,#1756,#2075,.T.);
#1292=EDGE_CURVE('',#1756,#1757,#2076,.T.);
#1293=EDGE_CURVE('',#1758,#1757,#2077,.T.);
#1294=EDGE_CURVE('',#1755,#1758,#2078,.T.);
#1295=EDGE_CURVE('',#1753,#1757,#2079,.T.);
#1296=EDGE_CURVE('',#1752,#1758,#2080,.T.);
#1297=EDGE_CURVE('',#1751,#1755,#2081,.T.);
#1298=EDGE_CURVE('',#1754,#1756,#2082,.T.);
#1299=EDGE_CURVE('',#1759,#1701,#2083,.T.);
#1300=EDGE_CURVE('',#1759,#1760,#2084,.T.);
#1301=EDGE_CURVE('',#1760,#1761,#2085,.T.);
#1302=EDGE_CURVE('',#1762,#1761,#2086,.T.);
#1303=EDGE_CURVE('',#1686,#1762,#2087,.T.);
#1304=EDGE_CURVE('',#1763,#1702,#2088,.T.);
#1305=EDGE_CURVE('',#1687,#1764,#2089,.T.);
#1306=EDGE_CURVE('',#1764,#1765,#2090,.T.);
#1307=EDGE_CURVE('',#1766,#1765,#2091,.T.);
#1308=EDGE_CURVE('',#1763,#1766,#2092,.T.);
#1309=EDGE_CURVE('',#1761,#1765,#2093,.T.);
#1310=EDGE_CURVE('',#1760,#1766,#2094,.T.);
#1311=EDGE_CURVE('',#1759,#1763,#2095,.T.);
#1312=EDGE_CURVE('',#1762,#1764,#2096,.T.);
#1313=EDGE_CURVE('',#1767,#1768,#2097,.T.);
#1314=EDGE_CURVE('',#1767,#1769,#2098,.T.);
#1315=EDGE_CURVE('',#1769,#1770,#2099,.T.);
#1316=EDGE_CURVE('',#1770,#1771,#2100,.T.);
#1317=EDGE_CURVE('',#1771,#1772,#2101,.F.);
#1318=EDGE_CURVE('',#1772,#1773,#2102,.T.);
#1319=EDGE_CURVE('',#1773,#1774,#2103,.T.);
#1320=EDGE_CURVE('',#1774,#1768,#2104,.T.);
#1321=EDGE_CURVE('',#1775,#1776,#2105,.T.);
#1322=EDGE_CURVE('',#1777,#1775,#2106,.T.);
#1323=EDGE_CURVE('',#1777,#1778,#2107,.T.);
#1324=EDGE_CURVE('',#1778,#1779,#2108,.T.);
#1325=EDGE_CURVE('',#1779,#1780,#2109,.T.);
#1326=EDGE_CURVE('',#1780,#1781,#2110,.F.);
#1327=EDGE_CURVE('',#1781,#1782,#2111,.T.);
#1328=EDGE_CURVE('',#1782,#1776,#2112,.T.);
#1329=EDGE_CURVE('',#1783,#1784,#2113,.T.);
#1330=EDGE_CURVE('',#1783,#1785,#2114,.T.);
#1331=EDGE_CURVE('',#1785,#1786,#2115,.T.);
#1332=EDGE_CURVE('',#1787,#1786,#2116,.T.);
#1333=EDGE_CURVE('',#1787,#1788,#2117,.F.);
#1334=EDGE_CURVE('',#1788,#1789,#2118,.T.);
#1335=EDGE_CURVE('',#1789,#1790,#2119,.T.);
#1336=EDGE_CURVE('',#1784,#1790,#2120,.T.);
#1337=EDGE_CURVE('',#1791,#1792,#2121,.T.);
#1338=EDGE_CURVE('',#1793,#1791,#2122,.T.);
#1339=EDGE_CURVE('',#1793,#1794,#18,.F.);
#1340=EDGE_CURVE('',#1795,#1794,#2123,.T.);
#1341=EDGE_CURVE('',#1795,#1792,#2124,.T.);
#1342=EDGE_CURVE('',#1786,#1792,#2125,.T.);
#1343=EDGE_CURVE('',#1795,#1796,#2126,.T.);
#1344=EDGE_CURVE('',#1768,#1796,#2127,.T.);
#1345=EDGE_CURVE('',#1774,#1787,#129,.F.);
#1346=EDGE_CURVE('',#1784,#1797,#2128,.T.);
#1347=EDGE_CURVE('',#1790,#1798,#130,.F.);
#1348=EDGE_CURVE('',#1799,#1798,#2129,.T.);
#1349=EDGE_CURVE('',#1799,#1800,#2130,.T.);
#1350=EDGE_CURVE('',#1801,#1800,#2131,.T.);
#1351=EDGE_CURVE('',#1797,#1801,#2132,.T.);
#1352=EDGE_CURVE('',#1770,#1802,#2133,.T.);
#1353=EDGE_CURVE('',#1802,#1803,#2134,.T.);
#1354=EDGE_CURVE('',#1803,#1804,#2135,.T.);
#1355=EDGE_CURVE('',#1804,#1805,#2136,.T.);
#1356=EDGE_CURVE('',#1806,#1805,#2137,.T.);
#1357=EDGE_CURVE('',#1806,#1771,#131,.T.);
#1358=EDGE_CURVE('',#1807,#1802,#2138,.T.);
#1359=EDGE_CURVE('',#1807,#1808,#2139,.T.);
#1360=EDGE_CURVE('',#1808,#1809,#19,.F.);
#1361=EDGE_CURVE('',#1803,#1809,#2140,.T.);
#1362=EDGE_CURVE('',#1800,#1782,#2141,.T.);
#1363=EDGE_CURVE('',#1810,#1781,#20,.F.);
#1364=EDGE_CURVE('',#1801,#1810,#2142,.T.);
#1365=EDGE_CURVE('',#1811,#1812,#2143,.T.);
#1366=EDGE_CURVE('',#1811,#1797,#2144,.T.);
#1367=EDGE_CURVE('',#1810,#1812,#21,.F.);
#1368=EDGE_CURVE('',#1809,#1813,#22,.T.);
#1369=EDGE_CURVE('',#1813,#1814,#2145,.T.);
#1370=EDGE_CURVE('',#1814,#1815,#23,.T.);
#1371=EDGE_CURVE('',#1816,#1815,#2146,.T.);
#1372=EDGE_CURVE('',#1817,#1816,#2147,.T.);
#1373=EDGE_CURVE('',#1817,#1818,#24,.F.);
#1374=EDGE_CURVE('',#1819,#1818,#2148,.T.);
#1375=EDGE_CURVE('',#1819,#1804,#25,.F.);
#1376=EDGE_CURVE('',#1820,#1808,#2149,.F.);
#1377=EDGE_CURVE('',#1821,#1820,#132,.T.);
#1378=EDGE_CURVE('',#1813,#1821,#2150,.T.);
#1379=EDGE_CURVE('',#1794,#1822,#26,.F.);
#1380=EDGE_CURVE('',#1823,#1793,#2151,.F.);
#1381=EDGE_CURVE('',#1824,#1823,#133,.T.);
#1382=EDGE_CURVE('',#1822,#1824,#2152,.T.);
#1383=EDGE_CURVE('',#1825,#1826,#2153,.T.);
#1384=EDGE_CURVE('',#1825,#1827,#2154,.T.);
#1385=EDGE_CURVE('',#1827,#1828,#2155,.T.);
#1386=EDGE_CURVE('',#1826,#1828,#2156,.T.);
#1387=EDGE_CURVE('',#1829,#1830,#2157,.T.);
#1388=EDGE_CURVE('',#1829,#1806,#2158,.T.);
#1389=EDGE_CURVE('',#1830,#1805,#2159,.T.);
#1390=EDGE_CURVE('',#1831,#1832,#134,.T.);
#1391=EDGE_CURVE('',#1832,#1833,#2160,.F.);
#1392=EDGE_CURVE('',#1834,#1833,#2161,.T.);
#1393=EDGE_CURVE('',#1834,#1835,#2162,.T.);
#1394=EDGE_CURVE('',#1835,#1836,#135,.F.);
#1395=EDGE_CURVE('',#1836,#1837,#2163,.T.);
#1396=EDGE_CURVE('',#1837,#1789,#136,.F.);
#1397=EDGE_CURVE('',#1788,#1773,#137,.F.);
#1398=EDGE_CURVE('',#1772,#1829,#138,.F.);
#1399=EDGE_CURVE('',#1830,#1838,#2164,.T.);
#1400=EDGE_CURVE('',#1838,#1839,#2165,.F.);
#1401=EDGE_CURVE('',#1839,#1840,#139,.T.);
#1402=EDGE_CURVE('',#1840,#1841,#2166,.T.);
#1403=EDGE_CURVE('',#1841,#1842,#140,.T.);
#1404=EDGE_CURVE('',#1842,#1843,#2167,.T.);
#1405=EDGE_CURVE('',#1843,#1844,#141,.T.);
#1406=EDGE_CURVE('',#1844,#1831,#2168,.F.);
#1407=EDGE_CURVE('',#1845,#1846,#2169,.F.);
#1408=EDGE_CURVE('',#1846,#1847,#2170,.F.);
#1409=EDGE_CURVE('',#1847,#1848,#2171,.T.);
#1410=EDGE_CURVE('',#1848,#1849,#2172,.T.);
#1411=EDGE_CURVE('',#1849,#1850,#2173,.T.);
#1412=EDGE_CURVE('',#1850,#1851,#142,.T.);
#1413=EDGE_CURVE('',#1852,#1851,#2174,.T.);
#1414=EDGE_CURVE('',#1852,#1853,#143,.T.);
#1415=EDGE_CURVE('',#1854,#1853,#2175,.T.);
#1416=EDGE_CURVE('',#1854,#1845,#2176,.T.);
#1417=EDGE_CURVE('',#1855,#1856,#2177,.T.);
#1418=EDGE_CURVE('',#1857,#1855,#2178,.T.);
#1419=EDGE_CURVE('',#1822,#1857,#2179,.T.);
#1420=EDGE_CURVE('',#1820,#1824,#2180,.T.);
#1421=EDGE_CURVE('',#1807,#1856,#2181,.T.);
#1422=EDGE_CURVE('',#1821,#1858,#2182,.T.);
#1423=EDGE_CURVE('',#1858,#1814,#2183,.F.);
#1424=EDGE_CURVE('',#1859,#1860,#2184,.T.);
#1425=EDGE_CURVE('',#1859,#1861,#2185,.T.);
#1426=EDGE_CURVE('',#1861,#1799,#2186,.T.);
#1427=EDGE_CURVE('',#1798,#1837,#2187,.F.);
#1428=EDGE_CURVE('',#1836,#1862,#2188,.T.);
#1429=EDGE_CURVE('',#1862,#1860,#2189,.T.);
#1430=EDGE_CURVE('',#1863,#1864,#2190,.T.);
#1431=EDGE_CURVE('',#1811,#1863,#2191,.T.);
#1432=EDGE_CURVE('',#1812,#1865,#2192,.T.);
#1433=EDGE_CURVE('',#1866,#1865,#2193,.T.);
#1434=EDGE_CURVE('',#1867,#1866,#2194,.T.);
#1435=EDGE_CURVE('',#1868,#1867,#2195,.T.);
#1436=EDGE_CURVE('',#1868,#1869,#2196,.T.);
#1437=EDGE_CURVE('',#1870,#1869,#2197,.T.);
#1438=EDGE_CURVE('',#1871,#1870,#2198,.T.);
#1439=EDGE_CURVE('',#1872,#1871,#2199,.T.);
#1440=EDGE_CURVE('',#1872,#1873,#2200,.T.);
#1441=EDGE_CURVE('',#1823,#1873,#2201,.T.);
#1442=EDGE_CURVE('',#1791,#1864,#2202,.T.);
#1443=EDGE_CURVE('',#1874,#1875,#2203,.T.);
#1444=EDGE_CURVE('',#1874,#1876,#144,.F.);
#1445=EDGE_CURVE('',#1876,#1877,#2204,.T.);
#1446=EDGE_CURVE('',#1877,#1878,#145,.F.);
#1447=EDGE_CURVE('',#1878,#1879,#2205,.T.);
#1448=EDGE_CURVE('',#1879,#1880,#146,.F.);
#1449=EDGE_CURVE('',#1881,#1880,#2206,.T.);
#1450=EDGE_CURVE('',#1881,#1875,#147,.F.);
#1451=EDGE_CURVE('',#1882,#1883,#2207,.F.);
#1452=EDGE_CURVE('',#1883,#1884,#2208,.T.);
#1453=EDGE_CURVE('',#1884,#1885,#2209,.T.);
#1454=EDGE_CURVE('',#1885,#1882,#2210,.F.);
#1455=EDGE_CURVE('',#1886,#1887,#2211,.T.);
#1456=EDGE_CURVE('',#1886,#1888,#148,.F.);
#1457=EDGE_CURVE('',#1889,#1888,#2212,.T.);
#1458=EDGE_CURVE('',#1889,#1890,#149,.F.);
#1459=EDGE_CURVE('',#1890,#1891,#2213,.T.);
#1460=EDGE_CURVE('',#1891,#1892,#150,.F.);
#1461=EDGE_CURVE('',#1892,#1893,#2214,.T.);
#1462=EDGE_CURVE('',#1893,#1887,#151,.F.);
#1463=EDGE_CURVE('',#1894,#1895,#2215,.T.);
#1464=EDGE_CURVE('',#1895,#1896,#2216,.T.);
#1465=EDGE_CURVE('',#1897,#1896,#2217,.T.);
#1466=EDGE_CURVE('',#1897,#1898,#2218,.T.);
#1467=EDGE_CURVE('',#1899,#1898,#2219,.T.);
#1468=EDGE_CURVE('',#1900,#1899,#2220,.T.);
#1469=EDGE_CURVE('',#1901,#1900,#2221,.T.);
#1470=EDGE_CURVE('',#1901,#1894,#2222,.T.);
#1471=EDGE_CURVE('',#1902,#1903,#2223,.T.);
#1472=EDGE_CURVE('',#1902,#1904,#2224,.T.);
#1473=EDGE_CURVE('',#1905,#1904,#2225,.T.);
#1474=EDGE_CURVE('',#1905,#1906,#2226,.T.);
#1475=EDGE_CURVE('',#1907,#1906,#2227,.T.);
#1476=EDGE_CURVE('',#1907,#1908,#2228,.T.);
#1477=EDGE_CURVE('',#1908,#1909,#2229,.T.);
#1478=EDGE_CURVE('',#1909,#1903,#2230,.T.);
#1479=EDGE_CURVE('',#1910,#1911,#2231,.T.);
#1480=EDGE_CURVE('',#1910,#1912,#2232,.T.);
#1481=EDGE_CURVE('',#1913,#1912,#2233,.T.);
#1482=EDGE_CURVE('',#1914,#1913,#2234,.T.);
#1483=EDGE_CURVE('',#1915,#1914,#2235,.T.);
#1484=EDGE_CURVE('',#1915,#1916,#2236,.T.);
#1485=EDGE_CURVE('',#1916,#1917,#2237,.T.);
#1486=EDGE_CURVE('',#1911,#1917,#2238,.T.);
#1487=EDGE_CURVE('',#1779,#1858,#152,.T.);
#1488=EDGE_CURVE('',#1873,#1918,#2239,.T.);
#1489=EDGE_CURVE('',#1919,#1918,#2240,.T.);
#1490=EDGE_CURVE('',#1920,#1919,#2241,.T.);
#1491=EDGE_CURVE('',#1920,#1921,#2242,.T.);
#1492=EDGE_CURVE('',#1870,#1921,#2243,.T.);
#1493=EDGE_CURVE('',#1869,#1922,#2244,.T.);
#1494=EDGE_CURVE('',#1923,#1922,#2245,.T.);
#1495=EDGE_CURVE('',#1923,#1924,#2246,.T.);
#1496=EDGE_CURVE('',#1924,#1925,#2247,.T.);
#1497=EDGE_CURVE('',#1866,#1925,#2248,.T.);
#1498=EDGE_CURVE('',#1865,#1780,#153,.T.);
#1499=EDGE_CURVE('',#1926,#1914,#2249,.T.);
#1500=EDGE_CURVE('',#1926,#1927,#2250,.T.);
#1501=EDGE_CURVE('',#1927,#1910,#2251,.T.);
#1502=EDGE_CURVE('',#1928,#1911,#2252,.T.);
#1503=EDGE_CURVE('',#1929,#1928,#2253,.T.);
#1504=EDGE_CURVE('',#1929,#1915,#2254,.T.);
#1505=EDGE_CURVE('',#1930,#1931,#2255,.T.);
#1506=EDGE_CURVE('',#1930,#1825,#2256,.T.);
#1507=EDGE_CURVE('',#1826,#1920,#2257,.T.);
#1508=EDGE_CURVE('',#1931,#1919,#2258,.T.);
#1509=EDGE_CURVE('',#1932,#1918,#2259,.T.);
#1510=EDGE_CURVE('',#1931,#1932,#2260,.T.);
#1511=EDGE_CURVE('',#1872,#1932,#2261,.T.);
#1512=EDGE_CURVE('',#1871,#1933,#2262,.T.);
#1513=EDGE_CURVE('',#1930,#1933,#2263,.T.);
#1514=EDGE_CURVE('',#1934,#1917,#2264,.T.);
#1515=EDGE_CURVE('',#1928,#1934,#2265,.T.);
#1516=EDGE_CURVE('',#1935,#1916,#2266,.T.);
#1517=EDGE_CURVE('',#1935,#1934,#2267,.T.);
#1518=EDGE_CURVE('',#1929,#1935,#2268,.T.);
#1519=EDGE_CURVE('',#1936,#1937,#2269,.T.);
#1520=EDGE_CURVE('',#1937,#1938,#2270,.T.);
#1521=EDGE_CURVE('',#1938,#1902,#2271,.T.);
#1522=EDGE_CURVE('',#1939,#1903,#2272,.T.);
#1523=EDGE_CURVE('',#1936,#1939,#2273,.T.);
#1524=EDGE_CURVE('',#1940,#1909,#2274,.T.);
#1525=EDGE_CURVE('',#1940,#1939,#2275,.T.);
#1526=EDGE_CURVE('',#1941,#1908,#2276,.T.);
#1527=EDGE_CURVE('',#1941,#1940,#2277,.T.);
#1528=EDGE_CURVE('',#1942,#1907,#2278,.T.);
#1529=EDGE_CURVE('',#1942,#1941,#2279,.T.);
#1530=EDGE_CURVE('',#1943,#1906,#2280,.T.);
#1531=EDGE_CURVE('',#1942,#1943,#2281,.T.);
#1532=EDGE_CURVE('',#1944,#1905,#2282,.T.);
#1533=EDGE_CURVE('',#1937,#1944,#2283,.T.);
#1534=EDGE_CURVE('',#1936,#1943,#2284,.T.);
#1535=EDGE_CURVE('',#1945,#1897,#2285,.T.);
#1536=EDGE_CURVE('',#1946,#1945,#2286,.T.);
#1537=EDGE_CURVE('',#1947,#1946,#2287,.T.);
#1538=EDGE_CURVE('',#1947,#1948,#2288,.T.);
#1539=EDGE_CURVE('',#1948,#1898,#2289,.T.);
#1540=EDGE_CURVE('',#1949,#1946,#2290,.T.);
#1541=EDGE_CURVE('',#1949,#1895,#2291,.T.);
#1542=EDGE_CURVE('',#1950,#1894,#2292,.T.);
#1543=EDGE_CURVE('',#1950,#1947,#2293,.T.);
#1544=EDGE_CURVE('',#1951,#1901,#2294,.T.);
#1545=EDGE_CURVE('',#1951,#1950,#2295,.T.);
#1546=EDGE_CURVE('',#1952,#1900,#2296,.T.);
#1547=EDGE_CURVE('',#1951,#1952,#2297,.T.);
#1548=EDGE_CURVE('',#1953,#1899,#2298,.T.);
#1549=EDGE_CURVE('',#1952,#1953,#2299,.T.);
#1550=EDGE_CURVE('',#1953,#1948,#2300,.T.);
#1551=EDGE_CURVE('',#1954,#1955,#2301,.T.);
#1552=EDGE_CURVE('',#1954,#1956,#2302,.T.);
#1553=EDGE_CURVE('',#1956,#1924,#2303,.T.);
#1554=EDGE_CURVE('',#1957,#1923,#2304,.T.);
#1555=EDGE_CURVE('',#1955,#1957,#2305,.T.);
#1556=EDGE_CURVE('',#1958,#1925,#2306,.T.);
#1557=EDGE_CURVE('',#1867,#1958,#2307,.T.);
#1558=EDGE_CURVE('',#1956,#1958,#2308,.T.);
#1559=EDGE_CURVE('',#1954,#1959,#2309,.T.);
#1560=EDGE_CURVE('',#1868,#1959,#2310,.T.);
#1561=EDGE_CURVE('',#1960,#1913,#2311,.T.);
#1562=EDGE_CURVE('',#1926,#1960,#2312,.T.);
#1563=EDGE_CURVE('',#1961,#1912,#2313,.T.);
#1564=EDGE_CURVE('',#1960,#1961,#2314,.T.);
#1565=EDGE_CURVE('',#1927,#1961,#2315,.T.);
#1566=EDGE_CURVE('',#1828,#1921,#2316,.T.);
#1567=EDGE_CURVE('',#1933,#1827,#2317,.T.);
#1568=EDGE_CURVE('',#1959,#1962,#2318,.T.);
#1569=EDGE_CURVE('',#1962,#1963,#2319,.T.);
#1570=EDGE_CURVE('',#1963,#1922,#2320,.T.);
#1571=EDGE_CURVE('',#1957,#1963,#2321,.T.);
#1572=EDGE_CURVE('',#1955,#1962,#2322,.T.);
#1573=EDGE_CURVE('',#1949,#1964,#2323,.T.);
#1574=EDGE_CURVE('',#1964,#1896,#2324,.T.);
#1575=EDGE_CURVE('',#1945,#1964,#2325,.T.);
#1576=EDGE_CURVE('',#1965,#1904,#2326,.T.);
#1577=EDGE_CURVE('',#1944,#1965,#2327,.T.);
#1578=EDGE_CURVE('',#1938,#1965,#2328,.T.);
#1579=EDGE_CURVE('',#1966,#1967,#2329,.T.);
#1580=EDGE_CURVE('',#1967,#1835,#2330,.F.);
#1581=EDGE_CURVE('',#1834,#1966,#2331,.T.);
#1582=EDGE_CURVE('',#1968,#1969,#2332,.T.);
#1583=EDGE_CURVE('',#1969,#1970,#154,.F.);
#1584=EDGE_CURVE('',#1970,#1971,#2333,.T.);
#1585=EDGE_CURVE('',#1971,#1972,#155,.F.);
#1586=EDGE_CURVE('',#1972,#1973,#2334,.F.);
#1587=EDGE_CURVE('',#1973,#1974,#156,.F.);
#1588=EDGE_CURVE('',#1974,#1975,#2335,.F.);
#1589=EDGE_CURVE('',#1975,#1968,#157,.F.);
#1590=EDGE_CURVE('',#1976,#1977,#2336,.F.);
#1591=EDGE_CURVE('',#1977,#1978,#2337,.F.);
#1592=EDGE_CURVE('',#1978,#1979,#2338,.T.);
#1593=EDGE_CURVE('',#1979,#1976,#2339,.T.);
#1594=EDGE_CURVE('',#1980,#1981,#2340,.F.);
#1595=EDGE_CURVE('',#1981,#1982,#2341,.T.);
#1596=EDGE_CURVE('',#1982,#1983,#2342,.T.);
#1597=EDGE_CURVE('',#1983,#1980,#2343,.F.);
#1598=EDGE_CURVE('',#1876,#1889,#2344,.F.);
#1599=EDGE_CURVE('',#1888,#1877,#2345,.T.);
#1600=EDGE_CURVE('',#1875,#1891,#2346,.F.);
#1601=EDGE_CURVE('',#1890,#1874,#2347,.T.);
#1602=EDGE_CURVE('',#1880,#1893,#2348,.F.);
#1603=EDGE_CURVE('',#1892,#1881,#2349,.T.);
#1604=EDGE_CURVE('',#1887,#1879,#2350,.T.);
#1605=EDGE_CURVE('',#1878,#1886,#2351,.F.);
#1606=EDGE_CURVE('',#1860,#1984,#2352,.T.);
#1607=EDGE_CURVE('',#1862,#1967,#158,.T.);
#1608=EDGE_CURVE('',#1817,#1966,#2353,.T.);
#1609=EDGE_CURVE('',#1984,#1816,#2354,.T.);
#1610=EDGE_CURVE('',#1853,#1966,#2355,.F.);
#1611=EDGE_CURVE('',#1833,#1854,#159,.F.);
#1612=EDGE_CURVE('',#1805,#1850,#2356,.T.);
#1613=EDGE_CURVE('',#1849,#1838,#160,.T.);
#1614=EDGE_CURVE('',#1851,#1819,#2357,.F.);
#1615=EDGE_CURVE('',#1818,#1852,#2358,.T.);
#1616=EDGE_CURVE('',#1847,#1981,#161,.T.);
#1617=EDGE_CURVE('',#1980,#1848,#162,.F.);
#1618=EDGE_CURVE('',#1978,#1846,#163,.T.);
#1619=EDGE_CURVE('',#1845,#1979,#164,.F.);
#1620=EDGE_CURVE('',#1884,#1977,#165,.T.);
#1621=EDGE_CURVE('',#1976,#1885,#166,.F.);
#1622=EDGE_CURVE('',#1982,#1883,#167,.T.);
#1623=EDGE_CURVE('',#1882,#1983,#168,.F.);
#1624=EDGE_CURVE('',#1778,#1815,#27,.F.);
#1625=EDGE_CURVE('',#1883,#1973,#169,.T.);
#1626=EDGE_CURVE('',#1974,#1982,#170,.T.);
#1627=EDGE_CURVE('',#1975,#1981,#171,.T.);
#1628=EDGE_CURVE('',#1884,#1972,#172,.T.);
#1629=EDGE_CURVE('',#1968,#1847,#173,.T.);
#1630=EDGE_CURVE('',#1977,#1971,#174,.T.);
#1631=EDGE_CURVE('',#1969,#1846,#175,.T.);
#1632=EDGE_CURVE('',#1978,#1970,#176,.T.);
#1633=EDGE_CURVE('',#1839,#1848,#177,.T.);
#1634=EDGE_CURVE('',#1840,#1980,#178,.T.);
#1635=EDGE_CURVE('',#1841,#1983,#179,.T.);
#1636=EDGE_CURVE('',#1842,#1882,#180,.T.);
#1637=EDGE_CURVE('',#1843,#1885,#181,.T.);
#1638=EDGE_CURVE('',#1844,#1976,#182,.T.);
#1639=EDGE_CURVE('',#1831,#1979,#183,.T.);
#1640=EDGE_CURVE('',#1832,#1845,#184,.T.);
#1641=EDGE_CURVE('',#1857,#1796,#2359,.T.);
#1642=EDGE_CURVE('',#1984,#1777,#2360,.T.);
#1643=EDGE_CURVE('',#1985,#1861,#2361,.T.);
#1644=EDGE_CURVE('',#1986,#1985,#2362,.T.);
#1645=EDGE_CURVE('',#1986,#1776,#2363,.T.);
#1646=EDGE_CURVE('',#1987,#1775,#2364,.T.);
#1647=EDGE_CURVE('',#1987,#1988,#2365,.T.);
#1648=EDGE_CURVE('',#1988,#1859,#2366,.T.);
#1649=EDGE_CURVE('',#1989,#1769,#2367,.T.);
#1650=EDGE_CURVE('',#1990,#1989,#2368,.T.);
#1651=EDGE_CURVE('',#1990,#1856,#2369,.T.);
#1652=EDGE_CURVE('',#1991,#1855,#2370,.T.);
#1653=EDGE_CURVE('',#1991,#1992,#2371,.T.);
#1654=EDGE_CURVE('',#1992,#1767,#2372,.T.);
#1655=EDGE_CURVE('',#1993,#1785,#2373,.T.);
#1656=EDGE_CURVE('',#1994,#1993,#2374,.T.);
#1657=EDGE_CURVE('',#1994,#1864,#2375,.T.);
#1658=EDGE_CURVE('',#1995,#1863,#2376,.T.);
#1659=EDGE_CURVE('',#1995,#1996,#2377,.T.);
#1660=EDGE_CURVE('',#1996,#1783,#2378,.T.);
#1661=EDGE_CURVE('',#1996,#1993,#2379,.T.);
#1662=EDGE_CURVE('',#1995,#1994,#2380,.T.);
#1663=EDGE_CURVE('',#1988,#1985,#2381,.T.);
#1664=EDGE_CURVE('',#1987,#1986,#2382,.T.);
#1665=EDGE_CURVE('',#1992,#1989,#2383,.T.);
#1666=EDGE_CURVE('',#1991,#1990,#2384,.T.);
#1667=VERTEX_POINT('',#4849);
#1668=VERTEX_POINT('',#4850);
#1669=VERTEX_POINT('',#4852);
#1670=VERTEX_POINT('',#4854);
#1671=VERTEX_POINT('',#4858);
#1672=VERTEX_POINT('',#4859);
#1673=VERTEX_POINT('',#4861);
#1674=VERTEX_POINT('',#4863);
#1675=VERTEX_POINT('',#4867);
#1676=VERTEX_POINT('',#4868);
#1677=VERTEX_POINT('',#4870);
#1678=VERTEX_POINT('',#4872);
#1679=VERTEX_POINT('',#4876);
#1680=VERTEX_POINT('',#4877);
#1681=VERTEX_POINT('',#4879);
#1682=VERTEX_POINT('',#4881);
#1683=VERTEX_POINT('',#4885);
#1684=VERTEX_POINT('',#4886);
#1685=VERTEX_POINT('',#4888);
#1686=VERTEX_POINT('',#4890);
#1687=VERTEX_POINT('',#4892);
#1688=VERTEX_POINT('',#4895);
#1689=VERTEX_POINT('',#4899);
#1690=VERTEX_POINT('',#4900);
#1691=VERTEX_POINT('',#4902);
#1692=VERTEX_POINT('',#4904);
#1693=VERTEX_POINT('',#4906);
#1694=VERTEX_POINT('',#4909);
#1695=VERTEX_POINT('',#4913);
#1696=VERTEX_POINT('',#4914);
#1697=VERTEX_POINT('',#4916);
#1698=VERTEX_POINT('',#4918);
#1699=VERTEX_POINT('',#4920);
#1700=VERTEX_POINT('',#4923);
#1701=VERTEX_POINT('',#4927);
#1702=VERTEX_POINT('',#4928);
#1703=VERTEX_POINT('',#4930);
#1704=VERTEX_POINT('',#4932);
#1705=VERTEX_POINT('',#4934);
#1706=VERTEX_POINT('',#4936);
#1707=VERTEX_POINT('',#4939);
#1708=VERTEX_POINT('',#4941);
#1709=VERTEX_POINT('',#4943);
#1710=VERTEX_POINT('',#4945);
#1711=VERTEX_POINT('',#4948);
#1712=VERTEX_POINT('',#4950);
#1713=VERTEX_POINT('',#4952);
#1714=VERTEX_POINT('',#4954);
#1715=VERTEX_POINT('',#4958);
#1716=VERTEX_POINT('',#4960);
#1717=VERTEX_POINT('',#4962);
#1718=VERTEX_POINT('',#4964);
#1719=VERTEX_POINT('',#4966);
#1720=VERTEX_POINT('',#4968);
#1721=VERTEX_POINT('',#4970);
#1722=VERTEX_POINT('',#4972);
#1723=VERTEX_POINT('',#4974);
#1724=VERTEX_POINT('',#4976);
#1725=VERTEX_POINT('',#4978);
#1726=VERTEX_POINT('',#4980);
#1727=VERTEX_POINT('',#4982);
#1728=VERTEX_POINT('',#4984);
#1729=VERTEX_POINT('',#4987);
#1730=VERTEX_POINT('',#4989);
#1731=VERTEX_POINT('',#4991);
#1732=VERTEX_POINT('',#4993);
#1733=VERTEX_POINT('',#4995);
#1734=VERTEX_POINT('',#4997);
#1735=VERTEX_POINT('',#4999);
#1736=VERTEX_POINT('',#5001);
#1737=VERTEX_POINT('',#5003);
#1738=VERTEX_POINT('',#5005);
#1739=VERTEX_POINT('',#5007);
#1740=VERTEX_POINT('',#5009);
#1741=VERTEX_POINT('',#5011);
#1742=VERTEX_POINT('',#5013);
#1743=VERTEX_POINT('',#5058);
#1744=VERTEX_POINT('',#5060);
#1745=VERTEX_POINT('',#5062);
#1746=VERTEX_POINT('',#5064);
#1747=VERTEX_POINT('',#5068);
#1748=VERTEX_POINT('',#5070);
#1749=VERTEX_POINT('',#5072);
#1750=VERTEX_POINT('',#5074);
#1751=VERTEX_POINT('',#5087);
#1752=VERTEX_POINT('',#5089);
#1753=VERTEX_POINT('',#5091);
#1754=VERTEX_POINT('',#5093);
#1755=VERTEX_POINT('',#5097);
#1756=VERTEX_POINT('',#5099);
#1757=VERTEX_POINT('',#5101);
#1758=VERTEX_POINT('',#5103);
#1759=VERTEX_POINT('',#5116);
#1760=VERTEX_POINT('',#5118);
#1761=VERTEX_POINT('',#5120);
#1762=VERTEX_POINT('',#5122);
#1763=VERTEX_POINT('',#5126);
#1764=VERTEX_POINT('',#5128);
#1765=VERTEX_POINT('',#5130);
#1766=VERTEX_POINT('',#5132);
#1767=VERTEX_POINT('',#5146);
#1768=VERTEX_POINT('',#5147);
#1769=VERTEX_POINT('',#5149);
#1770=VERTEX_POINT('',#5151);
#1771=VERTEX_POINT('',#5153);
#1772=VERTEX_POINT('',#5155);
#1773=VERTEX_POINT('',#5157);
#1774=VERTEX_POINT('',#5159);
#1775=VERTEX_POINT('',#5163);
#1776=VERTEX_POINT('',#5164);
#1777=VERTEX_POINT('',#5166);
#1778=VERTEX_POINT('',#5168);
#1779=VERTEX_POINT('',#5170);
#1780=VERTEX_POINT('',#5172);
#1781=VERTEX_POINT('',#5174);
#1782=VERTEX_POINT('',#5176);
#1783=VERTEX_POINT('',#5180);
#1784=VERTEX_POINT('',#5181);
#1785=VERTEX_POINT('',#5183);
#1786=VERTEX_POINT('',#5185);
#1787=VERTEX_POINT('',#5187);
#1788=VERTEX_POINT('',#5189);
#1789=VERTEX_POINT('',#5191);
#1790=VERTEX_POINT('',#5193);
#1791=VERTEX_POINT('',#5197);
#1792=VERTEX_POINT('',#5198);
#1793=VERTEX_POINT('',#5200);
#1794=VERTEX_POINT('',#5202);
#1795=VERTEX_POINT('',#5204);
#1796=VERTEX_POINT('',#5209);
#1797=VERTEX_POINT('',#5214);
#1798=VERTEX_POINT('',#5216);
#1799=VERTEX_POINT('',#5218);
#1800=VERTEX_POINT('',#5220);
#1801=VERTEX_POINT('',#5222);
#1802=VERTEX_POINT('',#5226);
#1803=VERTEX_POINT('',#5228);
#1804=VERTEX_POINT('',#5230);
#1805=VERTEX_POINT('',#5232);
#1806=VERTEX_POINT('',#5234);
#1807=VERTEX_POINT('',#5238);
#1808=VERTEX_POINT('',#5240);
#1809=VERTEX_POINT('',#5242);
#1810=VERTEX_POINT('',#5247);
#1811=VERTEX_POINT('',#5251);
#1812=VERTEX_POINT('',#5252);
#1813=VERTEX_POINT('',#5257);
#1814=VERTEX_POINT('',#5259);
#1815=VERTEX_POINT('',#5261);
#1816=VERTEX_POINT('',#5263);
#1817=VERTEX_POINT('',#5265);
#1818=VERTEX_POINT('',#5267);
#1819=VERTEX_POINT('',#5269);
#1820=VERTEX_POINT('',#5273);
#1821=VERTEX_POINT('',#5275);
#1822=VERTEX_POINT('',#5279);
#1823=VERTEX_POINT('',#5281);
#1824=VERTEX_POINT('',#5283);
#1825=VERTEX_POINT('',#5287);
#1826=VERTEX_POINT('',#5288);
#1827=VERTEX_POINT('',#5290);
#1828=VERTEX_POINT('',#5292);
#1829=VERTEX_POINT('',#5296);
#1830=VERTEX_POINT('',#5297);
#1831=VERTEX_POINT('',#5302);
#1832=VERTEX_POINT('',#5303);
#1833=VERTEX_POINT('',#5305);
#1834=VERTEX_POINT('',#5307);
#1835=VERTEX_POINT('',#5309);
#1836=VERTEX_POINT('',#5311);
#1837=VERTEX_POINT('',#5313);
#1838=VERTEX_POINT('',#5318);
#1839=VERTEX_POINT('',#5320);
#1840=VERTEX_POINT('',#5322);
#1841=VERTEX_POINT('',#5324);
#1842=VERTEX_POINT('',#5326);
#1843=VERTEX_POINT('',#5328);
#1844=VERTEX_POINT('',#5330);
#1845=VERTEX_POINT('',#5334);
#1846=VERTEX_POINT('',#5335);
#1847=VERTEX_POINT('',#5337);
#1848=VERTEX_POINT('',#5339);
#1849=VERTEX_POINT('',#5341);
#1850=VERTEX_POINT('',#5343);
#1851=VERTEX_POINT('',#5345);
#1852=VERTEX_POINT('',#5347);
#1853=VERTEX_POINT('',#5349);
#1854=VERTEX_POINT('',#5351);
#1855=VERTEX_POINT('',#5355);
#1856=VERTEX_POINT('',#5356);
#1857=VERTEX_POINT('',#5358);
#1858=VERTEX_POINT('',#5364);
#1859=VERTEX_POINT('',#5368);
#1860=VERTEX_POINT('',#5369);
#1861=VERTEX_POINT('',#5371);
#1862=VERTEX_POINT('',#5375);
#1863=VERTEX_POINT('',#5379);
#1864=VERTEX_POINT('',#5380);
#1865=VERTEX_POINT('',#5383);
#1866=VERTEX_POINT('',#5385);
#1867=VERTEX_POINT('',#5387);
#1868=VERTEX_POINT('',#5389);
#1869=VERTEX_POINT('',#5391);
#1870=VERTEX_POINT('',#5393);
#1871=VERTEX_POINT('',#5395);
#1872=VERTEX_POINT('',#5397);
#1873=VERTEX_POINT('',#5399);
#1874=VERTEX_POINT('',#5403);
#1875=VERTEX_POINT('',#5404);
#1876=VERTEX_POINT('',#5406);
#1877=VERTEX_POINT('',#5408);
#1878=VERTEX_POINT('',#5410);
#1879=VERTEX_POINT('',#5412);
#1880=VERTEX_POINT('',#5414);
#1881=VERTEX_POINT('',#5416);
#1882=VERTEX_POINT('',#5420);
#1883=VERTEX_POINT('',#5421);
#1884=VERTEX_POINT('',#5423);
#1885=VERTEX_POINT('',#5425);
#1886=VERTEX_POINT('',#5428);
#1887=VERTEX_POINT('',#5429);
#1888=VERTEX_POINT('',#5431);
#1889=VERTEX_POINT('',#5433);
#1890=VERTEX_POINT('',#5435);
#1891=VERTEX_POINT('',#5437);
#1892=VERTEX_POINT('',#5439);
#1893=VERTEX_POINT('',#5441);
#1894=VERTEX_POINT('',#5445);
#1895=VERTEX_POINT('',#5446);
#1896=VERTEX_POINT('',#5448);
#1897=VERTEX_POINT('',#5450);
#1898=VERTEX_POINT('',#5452);
#1899=VERTEX_POINT('',#5454);
#1900=VERTEX_POINT('',#5456);
#1901=VERTEX_POINT('',#5458);
#1902=VERTEX_POINT('',#5461);
#1903=VERTEX_POINT('',#5462);
#1904=VERTEX_POINT('',#5464);
#1905=VERTEX_POINT('',#5466);
#1906=VERTEX_POINT('',#5468);
#1907=VERTEX_POINT('',#5470);
#1908=VERTEX_POINT('',#5472);
#1909=VERTEX_POINT('',#5474);
#1910=VERTEX_POINT('',#5477);
#1911=VERTEX_POINT('',#5478);
#1912=VERTEX_POINT('',#5480);
#1913=VERTEX_POINT('',#5482);
#1914=VERTEX_POINT('',#5484);
#1915=VERTEX_POINT('',#5486);
#1916=VERTEX_POINT('',#5488);
#1917=VERTEX_POINT('',#5490);
#1918=VERTEX_POINT('',#5494);
#1919=VERTEX_POINT('',#5496);
#1920=VERTEX_POINT('',#5498);
#1921=VERTEX_POINT('',#5500);
#1922=VERTEX_POINT('',#5503);
#1923=VERTEX_POINT('',#5505);
#1924=VERTEX_POINT('',#5507);
#1925=VERTEX_POINT('',#5509);
#1926=VERTEX_POINT('',#5514);
#1927=VERTEX_POINT('',#5516);
#1928=VERTEX_POINT('',#5519);
#1929=VERTEX_POINT('',#5521);
#1930=VERTEX_POINT('',#5525);
#1931=VERTEX_POINT('',#5526);
#1932=VERTEX_POINT('',#5532);
#1933=VERTEX_POINT('',#5538);
#1934=VERTEX_POINT('',#5542);
#1935=VERTEX_POINT('',#5546);
#1936=VERTEX_POINT('',#5553);
#1937=VERTEX_POINT('',#5554);
#1938=VERTEX_POINT('',#5556);
#1939=VERTEX_POINT('',#5559);
#1940=VERTEX_POINT('',#5563);
#1941=VERTEX_POINT('',#5567);
#1942=VERTEX_POINT('',#5571);
#1943=VERTEX_POINT('',#5575);
#1944=VERTEX_POINT('',#5579);
#1945=VERTEX_POINT('',#5585);
#1946=VERTEX_POINT('',#5587);
#1947=VERTEX_POINT('',#5589);
#1948=VERTEX_POINT('',#5591);
#1949=VERTEX_POINT('',#5595);
#1950=VERTEX_POINT('',#5598);
#1951=VERTEX_POINT('',#5602);
#1952=VERTEX_POINT('',#5606);
#1953=VERTEX_POINT('',#5610);
#1954=VERTEX_POINT('',#5617);
#1955=VERTEX_POINT('',#5618);
#1956=VERTEX_POINT('',#5620);
#1957=VERTEX_POINT('',#5623);
#1958=VERTEX_POINT('',#5627);
#1959=VERTEX_POINT('',#5633);
#1960=VERTEX_POINT('',#5637);
#1961=VERTEX_POINT('',#5641);
#1962=VERTEX_POINT('',#5652);
#1963=VERTEX_POINT('',#5654);
#1964=VERTEX_POINT('',#5662);
#1965=VERTEX_POINT('',#5669);
#1966=VERTEX_POINT('',#5676);
#1967=VERTEX_POINT('',#5677);
#1968=VERTEX_POINT('',#5682);
#1969=VERTEX_POINT('',#5683);
#1970=VERTEX_POINT('',#5685);
#1971=VERTEX_POINT('',#5687);
#1972=VERTEX_POINT('',#5689);
#1973=VERTEX_POINT('',#5691);
#1974=VERTEX_POINT('',#5693);
#1975=VERTEX_POINT('',#5695);
#1976=VERTEX_POINT('',#5699);
#1977=VERTEX_POINT('',#5700);
#1978=VERTEX_POINT('',#5702);
#1979=VERTEX_POINT('',#5704);
#1980=VERTEX_POINT('',#5708);
#1981=VERTEX_POINT('',#5709);
#1982=VERTEX_POINT('',#5711);
#1983=VERTEX_POINT('',#5713);
#1984=VERTEX_POINT('',#5729);
#1985=VERTEX_POINT('',#5808);
#1986=VERTEX_POINT('',#5810);
#1987=VERTEX_POINT('',#5814);
#1988=VERTEX_POINT('',#5816);
#1989=VERTEX_POINT('',#5820);
#1990=VERTEX_POINT('',#5822);
#1991=VERTEX_POINT('',#5826);
#1992=VERTEX_POINT('',#5828);
#1993=VERTEX_POINT('',#5832);
#1994=VERTEX_POINT('',#5834);
#1995=VERTEX_POINT('',#5838);
#1996=VERTEX_POINT('',#5840);
#1997=LINE('',#4848,#2385);
#1998=LINE('',#4851,#2386);
#1999=LINE('',#4853,#2387);
#2000=LINE('',#4855,#2388);
#2001=LINE('',#4857,#2389);
#2002=LINE('',#4860,#2390);
#2003=LINE('',#4862,#2391);
#2004=LINE('',#4864,#2392);
#2005=LINE('',#4866,#2393);
#2006=LINE('',#4869,#2394);
#2007=LINE('',#4871,#2395);
#2008=LINE('',#4873,#2396);
#2009=LINE('',#4875,#2397);
#2010=LINE('',#4878,#2398);
#2011=LINE('',#4880,#2399);
#2012=LINE('',#4882,#2400);
#2013=LINE('',#4884,#2401);
#2014=LINE('',#4887,#2402);
#2015=LINE('',#4889,#2403);
#2016=LINE('',#4891,#2404);
#2017=LINE('',#4893,#2405);
#2018=LINE('',#4894,#2406);
#2019=LINE('',#4896,#2407);
#2020=LINE('',#4898,#2408);
#2021=LINE('',#4901,#2409);
#2022=LINE('',#4903,#2410);
#2023=LINE('',#4905,#2411);
#2024=LINE('',#4907,#2412);
#2025=LINE('',#4908,#2413);
#2026=LINE('',#4910,#2414);
#2027=LINE('',#4912,#2415);
#2028=LINE('',#4915,#2416);
#2029=LINE('',#4917,#2417);
#2030=LINE('',#4919,#2418);
#2031=LINE('',#4921,#2419);
#2032=LINE('',#4922,#2420);
#2033=LINE('',#4924,#2421);
#2034=LINE('',#4926,#2422);
#2035=LINE('',#4929,#2423);
#2036=LINE('',#4931,#2424);
#2037=LINE('',#4935,#2425);
#2038=LINE('',#4938,#2426);
#2039=LINE('',#4940,#2427);
#2040=LINE('',#4942,#2428);
#2041=LINE('',#4944,#2429);
#2042=LINE('',#4947,#2430);
#2043=LINE('',#4949,#2431);
#2044=LINE('',#4951,#2432);
#2045=LINE('',#4953,#2433);
#2046=LINE('',#4956,#2434);
#2047=LINE('',#5041,#2435);
#2048=LINE('',#5042,#2436);
#2049=LINE('',#5044,#2437);
#2050=LINE('',#5046,#2438);
#2051=LINE('',#5048,#2439);
#2052=LINE('',#5050,#2440);
#2053=LINE('',#5053,#2441);
#2054=LINE('',#5055,#2442);
#2055=LINE('',#5057,#2443);
#2056=LINE('',#5059,#2444);
#2057=LINE('',#5061,#2445);
#2058=LINE('',#5063,#2446);
#2059=LINE('',#5065,#2447);
#2060=LINE('',#5067,#2448);
#2061=LINE('',#5069,#2449);
#2062=LINE('',#5071,#2450);
#2063=LINE('',#5073,#2451);
#2064=LINE('',#5075,#2452);
#2065=LINE('',#5077,#2453);
#2066=LINE('',#5078,#2454);
#2067=LINE('',#5080,#2455);
#2068=LINE('',#5082,#2456);
#2069=LINE('',#5086,#2457);
#2070=LINE('',#5088,#2458);
#2071=LINE('',#5090,#2459);
#2072=LINE('',#5092,#2460);
#2073=LINE('',#5094,#2461);
#2074=LINE('',#5096,#2462);
#2075=LINE('',#5098,#2463);
#2076=LINE('',#5100,#2464);
#2077=LINE('',#5102,#2465);
#2078=LINE('',#5104,#2466);
#2079=LINE('',#5106,#2467);
#2080=LINE('',#5107,#2468);
#2081=LINE('',#5109,#2469);
#2082=LINE('',#5111,#2470);
#2083=LINE('',#5115,#2471);
#2084=LINE('',#5117,#2472);
#2085=LINE('',#5119,#2473);
#2086=LINE('',#5121,#2474);
#2087=LINE('',#5123,#2475);
#2088=LINE('',#5125,#2476);
#2089=LINE('',#5127,#2477);
#2090=LINE('',#5129,#2478);
#2091=LINE('',#5131,#2479);
#2092=LINE('',#5133,#2480);
#2093=LINE('',#5135,#2481);
#2094=LINE('',#5136,#2482);
#2095=LINE('',#5138,#2483);
#2096=LINE('',#5140,#2484);
#2097=LINE('',#5145,#2485);
#2098=LINE('',#5148,#2486);
#2099=LINE('',#5150,#2487);
#2100=LINE('',#5152,#2488);
#2101=LINE('',#5154,#2489);
#2102=LINE('',#5156,#2490);
#2103=LINE('',#5158,#2491);
#2104=LINE('',#5160,#2492);
#2105=LINE('',#5162,#2493);
#2106=LINE('',#5165,#2494);
#2107=LINE('',#5167,#2495);
#2108=LINE('',#5169,#2496);
#2109=LINE('',#5171,#2497);
#2110=LINE('',#5173,#2498);
#2111=LINE('',#5175,#2499);
#2112=LINE('',#5177,#2500);
#2113=LINE('',#5179,#2501);
#2114=LINE('',#5182,#2502);
#2115=LINE('',#5184,#2503);
#2116=LINE('',#5186,#2504);
#2117=LINE('',#5188,#2505);
#2118=LINE('',#5190,#2506);
#2119=LINE('',#5192,#2507);
#2120=LINE('',#5194,#2508);
#2121=LINE('',#5196,#2509);
#2122=LINE('',#5199,#2510);
#2123=LINE('',#5203,#2511);
#2124=LINE('',#5205,#2512);
#2125=LINE('',#5207,#2513);
#2126=LINE('',#5208,#2514);
#2127=LINE('',#5210,#2515);
#2128=LINE('',#5213,#2516);
#2129=LINE('',#5217,#2517);
#2130=LINE('',#5219,#2518);
#2131=LINE('',#5221,#2519);
#2132=LINE('',#5223,#2520);
#2133=LINE('',#5225,#2521);
#2134=LINE('',#5227,#2522);
#2135=LINE('',#5229,#2523);
#2136=LINE('',#5231,#2524);
#2137=LINE('',#5233,#2525);
#2138=LINE('',#5237,#2526);
#2139=LINE('',#5239,#2527);
#2140=LINE('',#5243,#2528);
#2141=LINE('',#5245,#2529);
#2142=LINE('',#5248,#2530);
#2143=LINE('',#5250,#2531);
#2144=LINE('',#5253,#2532);
#2145=LINE('',#5258,#2533);
#2146=LINE('',#5262,#2534);
#2147=LINE('',#5264,#2535);
#2148=LINE('',#5268,#2536);
#2149=LINE('',#5272,#2537);
#2150=LINE('',#5276,#2538);
#2151=LINE('',#5280,#2539);
#2152=LINE('',#5284,#2540);
#2153=LINE('',#5286,#2541);
#2154=LINE('',#5289,#2542);
#2155=LINE('',#5291,#2543);
#2156=LINE('',#5293,#2544);
#2157=LINE('',#5295,#2545);
#2158=LINE('',#5298,#2546);
#2159=LINE('',#5299,#2547);
#2160=LINE('',#5304,#2548);
#2161=LINE('',#5306,#2549);
#2162=LINE('',#5308,#2550);
#2163=LINE('',#5312,#2551);
#2164=LINE('',#5317,#2552);
#2165=LINE('',#5319,#2553);
#2166=LINE('',#5323,#2554);
#2167=LINE('',#5327,#2555);
#2168=LINE('',#5331,#2556);
#2169=LINE('',#5333,#2557);
#2170=LINE('',#5336,#2558);
#2171=LINE('',#5338,#2559);
#2172=LINE('',#5340,#2560);
#2173=LINE('',#5342,#2561);
#2174=LINE('',#5346,#2562);
#2175=LINE('',#5350,#2563);
#2176=LINE('',#5352,#2564);
#2177=LINE('',#5354,#2565);
#2178=LINE('',#5357,#2566);
#2179=LINE('',#5359,#2567);
#2180=LINE('',#5360,#2568);
#2181=LINE('',#5361,#2569);
#2182=LINE('',#5363,#2570);
#2183=LINE('',#5365,#2571);
#2184=LINE('',#5367,#2572);
#2185=LINE('',#5370,#2573);
#2186=LINE('',#5372,#2574);
#2187=LINE('',#5373,#2575);
#2188=LINE('',#5374,#2576);
#2189=LINE('',#5376,#2577);
#2190=LINE('',#5378,#2578);
#2191=LINE('',#5381,#2579);
#2192=LINE('',#5382,#2580);
#2193=LINE('',#5384,#2581);
#2194=LINE('',#5386,#2582);
#2195=LINE('',#5388,#2583);
#2196=LINE('',#5390,#2584);
#2197=LINE('',#5392,#2585);
#2198=LINE('',#5394,#2586);
#2199=LINE('',#5396,#2587);
#2200=LINE('',#5398,#2588);
#2201=LINE('',#5400,#2589);
#2202=LINE('',#5401,#2590);
#2203=LINE('',#5402,#2591);
#2204=LINE('',#5407,#2592);
#2205=LINE('',#5411,#2593);
#2206=LINE('',#5415,#2594);
#2207=LINE('',#5419,#2595);
#2208=LINE('',#5422,#2596);
#2209=LINE('',#5424,#2597);
#2210=LINE('',#5426,#2598);
#2211=LINE('',#5427,#2599);
#2212=LINE('',#5432,#2600);
#2213=LINE('',#5436,#2601);
#2214=LINE('',#5440,#2602);
#2215=LINE('',#5444,#2603);
#2216=LINE('',#5447,#2604);
#2217=LINE('',#5449,#2605);
#2218=LINE('',#5451,#2606);
#2219=LINE('',#5453,#2607);
#2220=LINE('',#5455,#2608);
#2221=LINE('',#5457,#2609);
#2222=LINE('',#5459,#2610);
#2223=LINE('',#5460,#2611);
#2224=LINE('',#5463,#2612);
#2225=LINE('',#5465,#2613);
#2226=LINE('',#5467,#2614);
#2227=LINE('',#5469,#2615);
#2228=LINE('',#5471,#2616);
#2229=LINE('',#5473,#2617);
#2230=LINE('',#5475,#2618);
#2231=LINE('',#5476,#2619);
#2232=LINE('',#5479,#2620);
#2233=LINE('',#5481,#2621);
#2234=LINE('',#5483,#2622);
#2235=LINE('',#5485,#2623);
#2236=LINE('',#5487,#2624);
#2237=LINE('',#5489,#2625);
#2238=LINE('',#5491,#2626);
#2239=LINE('',#5493,#2627);
#2240=LINE('',#5495,#2628);
#2241=LINE('',#5497,#2629);
#2242=LINE('',#5499,#2630);
#2243=LINE('',#5501,#2631);
#2244=LINE('',#5502,#2632);
#2245=LINE('',#5504,#2633);
#2246=LINE('',#5506,#2634);
#2247=LINE('',#5508,#2635);
#2248=LINE('',#5510,#2636);
#2249=LINE('',#5513,#2637);
#2250=LINE('',#5515,#2638);
#2251=LINE('',#5517,#2639);
#2252=LINE('',#5518,#2640);
#2253=LINE('',#5520,#2641);
#2254=LINE('',#5522,#2642);
#2255=LINE('',#5524,#2643);
#2256=LINE('',#5527,#2644);
#2257=LINE('',#5528,#2645);
#2258=LINE('',#5529,#2646);
#2259=LINE('',#5531,#2647);
#2260=LINE('',#5533,#2648);
#2261=LINE('',#5535,#2649);
#2262=LINE('',#5537,#2650);
#2263=LINE('',#5539,#2651);
#2264=LINE('',#5541,#2652);
#2265=LINE('',#5543,#2653);
#2266=LINE('',#5545,#2654);
#2267=LINE('',#5547,#2655);
#2268=LINE('',#5549,#2656);
#2269=LINE('',#5552,#2657);
#2270=LINE('',#5555,#2658);
#2271=LINE('',#5557,#2659);
#2272=LINE('',#5558,#2660);
#2273=LINE('',#5560,#2661);
#2274=LINE('',#5562,#2662);
#2275=LINE('',#5564,#2663);
#2276=LINE('',#5566,#2664);
#2277=LINE('',#5568,#2665);
#2278=LINE('',#5570,#2666);
#2279=LINE('',#5572,#2667);
#2280=LINE('',#5574,#2668);
#2281=LINE('',#5576,#2669);
#2282=LINE('',#5578,#2670);
#2283=LINE('',#5580,#2671);
#2284=LINE('',#5581,#2672);
#2285=LINE('',#5584,#2673);
#2286=LINE('',#5586,#2674);
#2287=LINE('',#5588,#2675);
#2288=LINE('',#5590,#2676);
#2289=LINE('',#5592,#2677);
#2290=LINE('',#5594,#2678);
#2291=LINE('',#5596,#2679);
#2292=LINE('',#5597,#2680);
#2293=LINE('',#5599,#2681);
#2294=LINE('',#5601,#2682);
#2295=LINE('',#5603,#2683);
#2296=LINE('',#5605,#2684);
#2297=LINE('',#5607,#2685);
#2298=LINE('',#5609,#2686);
#2299=LINE('',#5611,#2687);
#2300=LINE('',#5613,#2688);
#2301=LINE('',#5616,#2689);
#2302=LINE('',#5619,#2690);
#2303=LINE('',#5621,#2691);
#2304=LINE('',#5622,#2692);
#2305=LINE('',#5624,#2693);
#2306=LINE('',#5626,#2694);
#2307=LINE('',#5628,#2695);
#2308=LINE('',#5630,#2696);
#2309=LINE('',#5632,#2697);
#2310=LINE('',#5634,#2698);
#2311=LINE('',#5636,#2699);
#2312=LINE('',#5638,#2700);
#2313=LINE('',#5640,#2701);
#2314=LINE('',#5642,#2702);
#2315=LINE('',#5644,#2703);
#2316=LINE('',#5647,#2704);
#2317=LINE('',#5648,#2705);
#2318=LINE('',#5651,#2706);
#2319=LINE('',#5653,#2707);
#2320=LINE('',#5655,#2708);
#2321=LINE('',#5657,#2709);
#2322=LINE('',#5659,#2710);
#2323=LINE('',#5661,#2711);
#2324=LINE('',#5663,#2712);
#2325=LINE('',#5665,#2713);
#2326=LINE('',#5668,#2714);
#2327=LINE('',#5670,#2715);
#2328=LINE('',#5672,#2716);
#2329=LINE('',#5675,#2717);
#2330=LINE('',#5678,#2718);
#2331=LINE('',#5679,#2719);
#2332=LINE('',#5681,#2720);
#2333=LINE('',#5686,#2721);
#2334=LINE('',#5690,#2722);
#2335=LINE('',#5694,#2723);
#2336=LINE('',#5698,#2724);
#2337=LINE('',#5701,#2725);
#2338=LINE('',#5703,#2726);
#2339=LINE('',#5705,#2727);
#2340=LINE('',#5707,#2728);
#2341=LINE('',#5710,#2729);
#2342=LINE('',#5712,#2730);
#2343=LINE('',#5714,#2731);
#2344=LINE('',#5716,#2732);
#2345=LINE('',#5717,#2733);
#2346=LINE('',#5719,#2734);
#2347=LINE('',#5720,#2735);
#2348=LINE('',#5722,#2736);
#2349=LINE('',#5723,#2737);
#2350=LINE('',#5725,#2738);
#2351=LINE('',#5726,#2739);
#2352=LINE('',#5728,#2740);
#2353=LINE('',#5731,#2741);
#2354=LINE('',#5732,#2742);
#2355=LINE('',#5734,#2743);
#2356=LINE('',#5737,#2744);
#2357=LINE('',#5740,#2745);
#2358=LINE('',#5741,#2746);
#2359=LINE('',#5803,#2747);
#2360=LINE('',#5805,#2748);
#2361=LINE('',#5807,#2749);
#2362=LINE('',#5809,#2750);
#2363=LINE('',#5811,#2751);
#2364=LINE('',#5813,#2752);
#2365=LINE('',#5815,#2753);
#2366=LINE('',#5817,#2754);
#2367=LINE('',#5819,#2755);
#2368=LINE('',#5821,#2756);
#2369=LINE('',#5823,#2757);
#2370=LINE('',#5825,#2758);
#2371=LINE('',#5827,#2759);
#2372=LINE('',#5829,#2760);
#2373=LINE('',#5831,#2761);
#2374=LINE('',#5833,#2762);
#2375=LINE('',#5835,#2763);
#2376=LINE('',#5837,#2764);
#2377=LINE('',#5839,#2765);
#2378=LINE('',#5841,#2766);
#2379=LINE('',#5843,#2767);
#2380=LINE('',#5845,#2768);
#2381=LINE('',#5848,#2769);
#2382=LINE('',#5850,#2770);
#2383=LINE('',#5853,#2771);
#2384=LINE('',#5855,#2772);
#2385=VECTOR('',#3874,1000.);
#2386=VECTOR('',#3875,1000.);
#2387=VECTOR('',#3876,1000.);
#2388=VECTOR('',#3877,1000.);
#2389=VECTOR('',#3880,1000.);
#2390=VECTOR('',#3881,1000.);
#2391=VECTOR('',#3882,1000.);
#2392=VECTOR('',#3883,1000.);
#2393=VECTOR('',#3886,1000.);
#2394=VECTOR('',#3887,1000.);
#2395=VECTOR('',#3888,1000.);
#2396=VECTOR('',#3889,1000.);
#2397=VECTOR('',#3892,1000.);
#2398=VECTOR('',#3893,1000.);
#2399=VECTOR('',#3894,1000.);
#2400=VECTOR('',#3895,1000.);
#2401=VECTOR('',#3898,1000.);
#2402=VECTOR('',#3899,1000.);
#2403=VECTOR('',#3900,1000.);
#2404=VECTOR('',#3901,1000.);
#2405=VECTOR('',#3902,1000.);
#2406=VECTOR('',#3903,1000.);
#2407=VECTOR('',#3904,1000.);
#2408=VECTOR('',#3907,1000.);
#2409=VECTOR('',#3908,1000.);
#2410=VECTOR('',#3909,1000.);
#2411=VECTOR('',#3910,1000.);
#2412=VECTOR('',#3911,1000.);
#2413=VECTOR('',#3912,1000.);
#2414=VECTOR('',#3913,1000.);
#2415=VECTOR('',#3916,1000.);
#2416=VECTOR('',#3917,1000.);
#2417=VECTOR('',#3918,1000.);
#2418=VECTOR('',#3919,1000.);
#2419=VECTOR('',#3920,1000.);
#2420=VECTOR('',#3921,1000.);
#2421=VECTOR('',#3922,1000.);
#2422=VECTOR('',#3925,1000.);
#2423=VECTOR('',#3926,1000.);
#2424=VECTOR('',#3927,1000.);
#2425=VECTOR('',#3930,1000.);
#2426=VECTOR('',#3933,1000.);
#2427=VECTOR('',#3934,1000.);
#2428=VECTOR('',#3935,1000.);
#2429=VECTOR('',#3936,1000.);
#2430=VECTOR('',#3939,1000.);
#2431=VECTOR('',#3940,1000.);
#2432=VECTOR('',#3941,1000.);
#2433=VECTOR('',#3942,1000.);
#2434=VECTOR('',#3945,1000.);
#2435=VECTOR('',#4058,1000.);
#2436=VECTOR('',#4059,1000.);
#2437=VECTOR('',#4062,1000.);
#2438=VECTOR('',#4065,1000.);
#2439=VECTOR('',#4068,1000.);
#2440=VECTOR('',#4071,1000.);
#2441=VECTOR('',#4076,1000.);
#2442=VECTOR('',#4079,1000.);
#2443=VECTOR('',#4082,1000.);
#2444=VECTOR('',#4083,1000.);
#2445=VECTOR('',#4084,1000.);
#2446=VECTOR('',#4085,1000.);
#2447=VECTOR('',#4086,1000.);
#2448=VECTOR('',#4089,1000.);
#2449=VECTOR('',#4090,1000.);
#2450=VECTOR('',#4091,1000.);
#2451=VECTOR('',#4092,1000.);
#2452=VECTOR('',#4093,1000.);
#2453=VECTOR('',#4096,1000.);
#2454=VECTOR('',#4097,1000.);
#2455=VECTOR('',#4100,1000.);
#2456=VECTOR('',#4103,1000.);
#2457=VECTOR('',#4110,1000.);
#2458=VECTOR('',#4111,1000.);
#2459=VECTOR('',#4112,1000.);
#2460=VECTOR('',#4113,1000.);
#2461=VECTOR('',#4114,1000.);
#2462=VECTOR('',#4117,1000.);
#2463=VECTOR('',#4118,1000.);
#2464=VECTOR('',#4119,1000.);
#2465=VECTOR('',#4120,1000.);
#2466=VECTOR('',#4121,1000.);
#2467=VECTOR('',#4124,1000.);
#2468=VECTOR('',#4125,1000.);
#2469=VECTOR('',#4128,1000.);
#2470=VECTOR('',#4131,1000.);
#2471=VECTOR('',#4138,1000.);
#2472=VECTOR('',#4139,1000.);
#2473=VECTOR('',#4140,1000.);
#2474=VECTOR('',#4141,1000.);
#2475=VECTOR('',#4142,1000.);
#2476=VECTOR('',#4145,1000.);
#2477=VECTOR('',#4146,1000.);
#2478=VECTOR('',#4147,1000.);
#2479=VECTOR('',#4148,1000.);
#2480=VECTOR('',#4149,1000.);
#2481=VECTOR('',#4152,1000.);
#2482=VECTOR('',#4153,1000.);
#2483=VECTOR('',#4156,1000.);
#2484=VECTOR('',#4159,1000.);
#2485=VECTOR('',#4168,1000.);
#2486=VECTOR('',#4169,1000.);
#2487=VECTOR('',#4170,1000.);
#2488=VECTOR('',#4171,1000.);
#2489=VECTOR('',#4172,1000.);
#2490=VECTOR('',#4173,1000.);
#2491=VECTOR('',#4174,1000.);
#2492=VECTOR('',#4175,1000.);
#2493=VECTOR('',#4178,1000.);
#2494=VECTOR('',#4179,1000.);
#2495=VECTOR('',#4180,1000.);
#2496=VECTOR('',#4181,1000.);
#2497=VECTOR('',#4182,1000.);
#2498=VECTOR('',#4183,1000.);
#2499=VECTOR('',#4184,1000.);
#2500=VECTOR('',#4185,1000.);
#2501=VECTOR('',#4188,1000.);
#2502=VECTOR('',#4189,1000.);
#2503=VECTOR('',#4190,1000.);
#2504=VECTOR('',#4191,1000.);
#2505=VECTOR('',#4192,1000.);
#2506=VECTOR('',#4193,1000.);
#2507=VECTOR('',#4194,1000.);
#2508=VECTOR('',#4195,1000.);
#2509=VECTOR('',#4198,1000.);
#2510=VECTOR('',#4199,1000.);
#2511=VECTOR('',#4202,1000.);
#2512=VECTOR('',#4203,1000.);
#2513=VECTOR('',#4206,1000.);
#2514=VECTOR('',#4207,1000.);
#2515=VECTOR('',#4208,1000.);
#2516=VECTOR('',#4213,1000.);
#2517=VECTOR('',#4216,1000.);
#2518=VECTOR('',#4217,1000.);
#2519=VECTOR('',#4218,1000.);
#2520=VECTOR('',#4219,1000.);
#2521=VECTOR('',#4222,1000.);
#2522=VECTOR('',#4223,1000.);
#2523=VECTOR('',#4224,1000.);
#2524=VECTOR('',#4225,1000.);
#2525=VECTOR('',#4226,1000.);
#2526=VECTOR('',#4231,1000.);
#2527=VECTOR('',#4232,1000.);
#2528=VECTOR('',#4235,1000.);
#2529=VECTOR('',#4238,1000.);
#2530=VECTOR('',#4241,1000.);
#2531=VECTOR('',#4244,1000.);
#2532=VECTOR('',#4245,1000.);
#2533=VECTOR('',#4252,1000.);
#2534=VECTOR('',#4255,1000.);
#2535=VECTOR('',#4256,1000.);
#2536=VECTOR('',#4259,1000.);
#2537=VECTOR('',#4264,1000.);
#2538=VECTOR('',#4267,1000.);
#2539=VECTOR('',#4272,1000.);
#2540=VECTOR('',#4275,1000.);
#2541=VECTOR('',#4278,1000.);
#2542=VECTOR('',#4279,1000.);
#2543=VECTOR('',#4280,1000.);
#2544=VECTOR('',#4281,1000.);
#2545=VECTOR('',#4284,1000.);
#2546=VECTOR('',#4285,1000.);
#2547=VECTOR('',#4286,1000.);
#2548=VECTOR('',#4291,1000.);
#2549=VECTOR('',#4292,1000.);
#2550=VECTOR('',#4293,1000.);
#2551=VECTOR('',#4296,1000.);
#2552=VECTOR('',#4303,1000.);
#2553=VECTOR('',#4304,1000.);
#2554=VECTOR('',#4307,1000.);
#2555=VECTOR('',#4310,1000.);
#2556=VECTOR('',#4313,1000.);
#2557=VECTOR('',#4316,1000.);
#2558=VECTOR('',#4317,1000.);
#2559=VECTOR('',#4318,1000.);
#2560=VECTOR('',#4319,1000.);
#2561=VECTOR('',#4320,1000.);
#2562=VECTOR('',#4323,1000.);
#2563=VECTOR('',#4326,1000.);
#2564=VECTOR('',#4327,1000.);
#2565=VECTOR('',#4330,1000.);
#2566=VECTOR('',#4331,1000.);
#2567=VECTOR('',#4332,1000.);
#2568=VECTOR('',#4333,1000.);
#2569=VECTOR('',#4334,1000.);
#2570=VECTOR('',#4337,1000.);
#2571=VECTOR('',#4338,1000.);
#2572=VECTOR('',#4341,1000.);
#2573=VECTOR('',#4342,1000.);
#2574=VECTOR('',#4343,1000.);
#2575=VECTOR('',#4344,1000.);
#2576=VECTOR('',#4345,1000.);
#2577=VECTOR('',#4346,1000.);
#2578=VECTOR('',#4349,1000.);
#2579=VECTOR('',#4350,1000.);
#2580=VECTOR('',#4351,1000.);
#2581=VECTOR('',#4352,1000.);
#2582=VECTOR('',#4353,1000.);
#2583=VECTOR('',#4354,1000.);
#2584=VECTOR('',#4355,1000.);
#2585=VECTOR('',#4356,1000.);
#2586=VECTOR('',#4357,1000.);
#2587=VECTOR('',#4358,1000.);
#2588=VECTOR('',#4359,1000.);
#2589=VECTOR('',#4360,1000.);
#2590=VECTOR('',#4361,1000.);
#2591=VECTOR('',#4362,1000.);
#2592=VECTOR('',#4365,1000.);
#2593=VECTOR('',#4368,1000.);
#2594=VECTOR('',#4371,1000.);
#2595=VECTOR('',#4376,1000.);
#2596=VECTOR('',#4377,1000.);
#2597=VECTOR('',#4378,1000.);
#2598=VECTOR('',#4379,1000.);
#2599=VECTOR('',#4380,1000.);
#2600=VECTOR('',#4383,1000.);
#2601=VECTOR('',#4386,1000.);
#2602=VECTOR('',#4389,1000.);
#2603=VECTOR('',#4394,1000.);
#2604=VECTOR('',#4395,1000.);
#2605=VECTOR('',#4396,1000.);
#2606=VECTOR('',#4397,1000.);
#2607=VECTOR('',#4398,1000.);
#2608=VECTOR('',#4399,1000.);
#2609=VECTOR('',#4400,1000.);
#2610=VECTOR('',#4401,1000.);
#2611=VECTOR('',#4402,1000.);
#2612=VECTOR('',#4403,1000.);
#2613=VECTOR('',#4404,1000.);
#2614=VECTOR('',#4405,1000.);
#2615=VECTOR('',#4406,1000.);
#2616=VECTOR('',#4407,1000.);
#2617=VECTOR('',#4408,1000.);
#2618=VECTOR('',#4409,1000.);
#2619=VECTOR('',#4410,1000.);
#2620=VECTOR('',#4411,1000.);
#2621=VECTOR('',#4412,1000.);
#2622=VECTOR('',#4413,1000.);
#2623=VECTOR('',#4414,1000.);
#2624=VECTOR('',#4415,1000.);
#2625=VECTOR('',#4416,1000.);
#2626=VECTOR('',#4417,1000.);
#2627=VECTOR('',#4420,1000.);
#2628=VECTOR('',#4421,1000.);
#2629=VECTOR('',#4422,1000.);
#2630=VECTOR('',#4423,1000.);
#2631=VECTOR('',#4424,1000.);
#2632=VECTOR('',#4425,1000.);
#2633=VECTOR('',#4426,1000.);
#2634=VECTOR('',#4427,1000.);
#2635=VECTOR('',#4428,1000.);
#2636=VECTOR('',#4429,1000.);
#2637=VECTOR('',#4434,1000.);
#2638=VECTOR('',#4435,1000.);
#2639=VECTOR('',#4436,1000.);
#2640=VECTOR('',#4437,1000.);
#2641=VECTOR('',#4438,1000.);
#2642=VECTOR('',#4439,1000.);
#2643=VECTOR('',#4442,1000.);
#2644=VECTOR('',#4443,1000.);
#2645=VECTOR('',#4444,1000.);
#2646=VECTOR('',#4445,1000.);
#2647=VECTOR('',#4448,1000.);
#2648=VECTOR('',#4449,1000.);
#2649=VECTOR('',#4452,1000.);
#2650=VECTOR('',#4455,1000.);
#2651=VECTOR('',#4456,1000.);
#2652=VECTOR('',#4459,1000.);
#2653=VECTOR('',#4460,1000.);
#2654=VECTOR('',#4463,1000.);
#2655=VECTOR('',#4464,1000.);
#2656=VECTOR('',#4467,1000.);
#2657=VECTOR('',#4472,1000.);
#2658=VECTOR('',#4473,1000.);
#2659=VECTOR('',#4474,1000.);
#2660=VECTOR('',#4475,1000.);
#2661=VECTOR('',#4476,1000.);
#2662=VECTOR('',#4479,1000.);
#2663=VECTOR('',#4480,1000.);
#2664=VECTOR('',#4483,1000.);
#2665=VECTOR('',#4484,1000.);
#2666=VECTOR('',#4487,1000.);
#2667=VECTOR('',#4488,1000.);
#2668=VECTOR('',#4491,1000.);
#2669=VECTOR('',#4492,1000.);
#2670=VECTOR('',#4495,1000.);
#2671=VECTOR('',#4496,1000.);
#2672=VECTOR('',#4497,1000.);
#2673=VECTOR('',#4502,1000.);
#2674=VECTOR('',#4503,1000.);
#2675=VECTOR('',#4504,1000.);
#2676=VECTOR('',#4505,1000.);
#2677=VECTOR('',#4506,1000.);
#2678=VECTOR('',#4509,1000.);
#2679=VECTOR('',#4510,1000.);
#2680=VECTOR('',#4511,1000.);
#2681=VECTOR('',#4512,1000.);
#2682=VECTOR('',#4515,1000.);
#2683=VECTOR('',#4516,1000.);
#2684=VECTOR('',#4519,1000.);
#2685=VECTOR('',#4520,1000.);
#2686=VECTOR('',#4523,1000.);
#2687=VECTOR('',#4524,1000.);
#2688=VECTOR('',#4527,1000.);
#2689=VECTOR('',#4532,1000.);
#2690=VECTOR('',#4533,1000.);
#2691=VECTOR('',#4534,1000.);
#2692=VECTOR('',#4535,1000.);
#2693=VECTOR('',#4536,1000.);
#2694=VECTOR('',#4539,1000.);
#2695=VECTOR('',#4540,1000.);
#2696=VECTOR('',#4543,1000.);
#2697=VECTOR('',#4546,1000.);
#2698=VECTOR('',#4547,1000.);
#2699=VECTOR('',#4550,1000.);
#2700=VECTOR('',#4551,1000.);
#2701=VECTOR('',#4554,1000.);
#2702=VECTOR('',#4555,1000.);
#2703=VECTOR('',#4558,1000.);
#2704=VECTOR('',#4563,1000.);
#2705=VECTOR('',#4564,1000.);
#2706=VECTOR('',#4569,1000.);
#2707=VECTOR('',#4570,1000.);
#2708=VECTOR('',#4571,1000.);
#2709=VECTOR('',#4574,1000.);
#2710=VECTOR('',#4577,1000.);
#2711=VECTOR('',#4580,1000.);
#2712=VECTOR('',#4581,1000.);
#2713=VECTOR('',#4584,1000.);
#2714=VECTOR('',#4589,1000.);
#2715=VECTOR('',#4590,1000.);
#2716=VECTOR('',#4593,1000.);
#2717=VECTOR('',#4598,1000.);
#2718=VECTOR('',#4599,1000.);
#2719=VECTOR('',#4600,1000.);
#2720=VECTOR('',#4603,1000.);
#2721=VECTOR('',#4606,1000.);
#2722=VECTOR('',#4609,1000.);
#2723=VECTOR('',#4612,1000.);
#2724=VECTOR('',#4617,1000.);
#2725=VECTOR('',#4618,1000.);
#2726=VECTOR('',#4619,1000.);
#2727=VECTOR('',#4620,1000.);
#2728=VECTOR('',#4623,1000.);
#2729=VECTOR('',#4624,1000.);
#2730=VECTOR('',#4625,1000.);
#2731=VECTOR('',#4626,1000.);
#2732=VECTOR('',#4629,1000.);
#2733=VECTOR('',#4630,1000.);
#2734=VECTOR('',#4633,1000.);
#2735=VECTOR('',#4634,1000.);
#2736=VECTOR('',#4637,1000.);
#2737=VECTOR('',#4638,1000.);
#2738=VECTOR('',#4641,1000.);
#2739=VECTOR('',#4642,1000.);
#2740=VECTOR('',#4645,1000.);
#2741=VECTOR('',#4648,1000.);
#2742=VECTOR('',#4649,1000.);
#2743=VECTOR('',#4652,1000.);
#2744=VECTOR('',#4657,1000.);
#2745=VECTOR('',#4662,1000.);
#2746=VECTOR('',#4663,1000.);
#2747=VECTOR('',#4786,1000.);
#2748=VECTOR('',#4789,1000.);
#2749=VECTOR('',#4792,1000.);
#2750=VECTOR('',#4793,1000.);
#2751=VECTOR('',#4794,1000.);
#2752=VECTOR('',#4797,1000.);
#2753=VECTOR('',#4798,1000.);
#2754=VECTOR('',#4799,1000.);
#2755=VECTOR('',#4802,1000.);
#2756=VECTOR('',#4803,1000.);
#2757=VECTOR('',#4804,1000.);
#2758=VECTOR('',#4807,1000.);
#2759=VECTOR('',#4808,1000.);
#2760=VECTOR('',#4809,1000.);
#2761=VECTOR('',#4812,1000.);
#2762=VECTOR('',#4813,1000.);
#2763=VECTOR('',#4814,1000.);
#2764=VECTOR('',#4817,1000.);
#2765=VECTOR('',#4818,1000.);
#2766=VECTOR('',#4819,1000.);
#2767=VECTOR('',#4822,1000.);
#2768=VECTOR('',#4825,1000.);
#2769=VECTOR('',#4830,1000.);
#2770=VECTOR('',#4833,1000.);
#2771=VECTOR('',#4838,1000.);
#2772=VECTOR('',#4841,1000.);
#2773=EDGE_LOOP('',(#185,#186,#187,#188));
#2774=EDGE_LOOP('',(#189,#190,#191,#192));
#2775=EDGE_LOOP('',(#193,#194,#195,#196));
#2776=EDGE_LOOP('',(#197,#198,#199,#200));
#2777=EDGE_LOOP('',(#201,#202,#203,#204,#205,#206,#207,#208));
#2778=EDGE_LOOP('',(#209,#210,#211,#212,#213,#214,#215,#216));
#2779=EDGE_LOOP('',(#217,#218,#219,#220,#221,#222,#223,#224));
#2780=EDGE_LOOP('',(#225,#226,#227,#228,#229,#230,#231,#232,#233,#234,#235,
#236,#237,#238,#239,#240,#241,#242,#243,#244));
#2781=EDGE_LOOP('',(#245));
#2782=EDGE_LOOP('',(#246));
#2783=EDGE_LOOP('',(#247));
#2784=EDGE_LOOP('',(#248));
#2785=EDGE_LOOP('',(#249));
#2786=EDGE_LOOP('',(#250));
#2787=EDGE_LOOP('',(#251));
#2788=EDGE_LOOP('',(#252));
#2789=EDGE_LOOP('',(#253));
#2790=EDGE_LOOP('',(#254));
#2791=EDGE_LOOP('',(#255));
#2792=EDGE_LOOP('',(#256));
#2793=EDGE_LOOP('',(#257));
#2794=EDGE_LOOP('',(#258));
#2795=EDGE_LOOP('',(#259));
#2796=EDGE_LOOP('',(#260));
#2797=EDGE_LOOP('',(#261));
#2798=EDGE_LOOP('',(#262));
#2799=EDGE_LOOP('',(#263));
#2800=EDGE_LOOP('',(#264));
#2801=EDGE_LOOP('',(#265));
#2802=EDGE_LOOP('',(#266));
#2803=EDGE_LOOP('',(#267));
#2804=EDGE_LOOP('',(#268));
#2805=EDGE_LOOP('',(#269));
#2806=EDGE_LOOP('',(#270));
#2807=EDGE_LOOP('',(#271));
#2808=EDGE_LOOP('',(#272));
#2809=EDGE_LOOP('',(#273,#274,#275,#276,#277,#278,#279,#280));
#2810=EDGE_LOOP('',(#281));
#2811=EDGE_LOOP('',(#282));
#2812=EDGE_LOOP('',(#283));
#2813=EDGE_LOOP('',(#284));
#2814=EDGE_LOOP('',(#285));
#2815=EDGE_LOOP('',(#286));
#2816=EDGE_LOOP('',(#287));
#2817=EDGE_LOOP('',(#288));
#2818=EDGE_LOOP('',(#289));
#2819=EDGE_LOOP('',(#290));
#2820=EDGE_LOOP('',(#291));
#2821=EDGE_LOOP('',(#292));
#2822=EDGE_LOOP('',(#293));
#2823=EDGE_LOOP('',(#294));
#2824=EDGE_LOOP('',(#295));
#2825=EDGE_LOOP('',(#296));
#2826=EDGE_LOOP('',(#297));
#2827=EDGE_LOOP('',(#298));
#2828=EDGE_LOOP('',(#299));
#2829=EDGE_LOOP('',(#300));
#2830=EDGE_LOOP('',(#301));
#2831=EDGE_LOOP('',(#302));
#2832=EDGE_LOOP('',(#303));
#2833=EDGE_LOOP('',(#304));
#2834=EDGE_LOOP('',(#305));
#2835=EDGE_LOOP('',(#306));
#2836=EDGE_LOOP('',(#307));
#2837=EDGE_LOOP('',(#308));
#2838=EDGE_LOOP('',(#309,#310,#311,#312));
#2839=EDGE_LOOP('',(#313,#314,#315,#316));
#2840=EDGE_LOOP('',(#317,#318,#319,#320));
#2841=EDGE_LOOP('',(#321,#322,#323,#324));
#2842=EDGE_LOOP('',(#325,#326,#327,#328));
#2843=EDGE_LOOP('',(#329,#330,#331,#332));
#2844=EDGE_LOOP('',(#333,#334,#335,#336));
#2845=EDGE_LOOP('',(#337,#338,#339,#340));
#2846=EDGE_LOOP('',(#341,#342,#343,#344));
#2847=EDGE_LOOP('',(#345,#346,#347,#348));
#2848=EDGE_LOOP('',(#349,#350,#351,#352));
#2849=EDGE_LOOP('',(#353,#354,#355,#356));
#2850=EDGE_LOOP('',(#357,#358,#359,#360,#361,#362,#363,#364));
#2851=EDGE_LOOP('',(#365,#366,#367,#368,#369,#370,#371,#372));
#2852=EDGE_LOOP('',(#373,#374,#375,#376));
#2853=EDGE_LOOP('',(#377,#378,#379,#380));
#2854=EDGE_LOOP('',(#381,#382,#383,#384));
#2855=EDGE_LOOP('',(#385,#386,#387,#388));
#2856=EDGE_LOOP('',(#389,#390,#391,#392));
#2857=EDGE_LOOP('',(#393,#394,#395,#396,#397,#398,#399,#400));
#2858=EDGE_LOOP('',(#401,#402,#403,#404,#405,#406,#407,#408));
#2859=EDGE_LOOP('',(#409,#410,#411,#412));
#2860=EDGE_LOOP('',(#413,#414,#415,#416));
#2861=EDGE_LOOP('',(#417,#418,#419,#420));
#2862=EDGE_LOOP('',(#421,#422,#423,#424));
#2863=EDGE_LOOP('',(#425,#426,#427,#428));
#2864=EDGE_LOOP('',(#429,#430,#431,#432,#433,#434,#435,#436));
#2865=EDGE_LOOP('',(#437,#438,#439,#440,#441,#442,#443,#444));
#2866=EDGE_LOOP('',(#445,#446,#447,#448));
#2867=EDGE_LOOP('',(#449,#450,#451,#452));
#2868=EDGE_LOOP('',(#453,#454,#455,#456));
#2869=EDGE_LOOP('',(#457,#458,#459,#460));
#2870=EDGE_LOOP('',(#461,#462,#463,#464));
#2871=EDGE_LOOP('',(#465,#466,#467,#468,#469,#470,#471,#472));
#2872=EDGE_LOOP('',(#473,#474,#475,#476,#477,#478,#479,#480));
#2873=EDGE_LOOP('',(#481,#482,#483,#484,#485,#486,#487,#488));
#2874=EDGE_LOOP('',(#489,#490,#491,#492,#493));
#2875=EDGE_LOOP('',(#494,#495,#496,#497,#498,#499,#500));
#2876=EDGE_LOOP('',(#501,#502,#503,#504,#505,#506,#507));
#2877=EDGE_LOOP('',(#508,#509,#510,#511,#512,#513,#514));
#2878=EDGE_LOOP('',(#515,#516,#517,#518,#519));
#2879=EDGE_LOOP('',(#520,#521,#522,#523,#524));
#2880=EDGE_LOOP('',(#525,#526,#527,#528,#529));
#2881=EDGE_LOOP('',(#530,#531,#532,#533,#534,#535,#536,#537,#538,#539));
#2882=EDGE_LOOP('',(#540,#541,#542,#543,#544));
#2883=EDGE_LOOP('',(#545,#546,#547,#548,#549));
#2884=EDGE_LOOP('',(#550,#551,#552,#553));
#2885=EDGE_LOOP('',(#554,#555,#556,#557));
#2886=EDGE_LOOP('',(#558,#559,#560,#561,#562,#563,#564,#565,#566,#567,#568,
#569,#570,#571,#572,#573,#574,#575,#576,#577));
#2887=EDGE_LOOP('',(#578,#579,#580,#581,#582,#583,#584,#585,#586,#587));
#2888=EDGE_LOOP('',(#588,#589,#590,#591,#592,#593,#594,#595));
#2889=EDGE_LOOP('',(#596,#597,#598,#599));
#2890=EDGE_LOOP('',(#600,#601,#602,#603,#604,#605,#606,#607));
#2891=EDGE_LOOP('',(#608,#609,#610,#611,#612,#613,#614,#615,#616,#617,#618,
#619,#620,#621,#622,#623));
#2892=EDGE_LOOP('',(#624,#625,#626,#627,#628,#629,#630,#631));
#2893=EDGE_LOOP('',(#632,#633,#634,#635));
#2894=EDGE_LOOP('',(#636,#637,#638,#639,#640,#641,#642,#643));
#2895=EDGE_LOOP('',(#644,#645,#646,#647,#648,#649,#650,#651));
#2896=EDGE_LOOP('',(#652,#653,#654,#655,#656,#657,#658,#659));
#2897=EDGE_LOOP('',(#660,#661,#662,#663,#664,#665,#666,#667));
#2898=EDGE_LOOP('',(#668,#669,#670,#671,#672,#673,#674,#675,#676,#677,#678,
#679,#680,#681,#682,#683,#684,#685,#686,#687));
#2899=EDGE_LOOP('',(#688,#689,#690,#691,#692,#693,#694,#695));
#2900=EDGE_LOOP('',(#696,#697,#698,#699,#700,#701));
#2901=EDGE_LOOP('',(#702,#703,#704,#705));
#2902=EDGE_LOOP('',(#706,#707,#708,#709));
#2903=EDGE_LOOP('',(#710,#711,#712,#713,#714,#715));
#2904=EDGE_LOOP('',(#716,#717,#718,#719));
#2905=EDGE_LOOP('',(#720,#721,#722,#723));
#2906=EDGE_LOOP('',(#724,#725,#726,#727));
#2907=EDGE_LOOP('',(#728,#729,#730,#731));
#2908=EDGE_LOOP('',(#732,#733,#734,#735,#736,#737));
#2909=EDGE_LOOP('',(#738,#739,#740,#741));
#2910=EDGE_LOOP('',(#742,#743,#744,#745));
#2911=EDGE_LOOP('',(#746,#747,#748,#749));
#2912=EDGE_LOOP('',(#750,#751,#752,#753));
#2913=EDGE_LOOP('',(#754,#755,#756,#757,#758,#759));
#2914=EDGE_LOOP('',(#760,#761,#762,#763,#764,#765));
#2915=EDGE_LOOP('',(#766,#767,#768,#769,#770,#771));
#2916=EDGE_LOOP('',(#772,#773,#774,#775,#776,#777));
#2917=EDGE_LOOP('',(#778,#779,#780,#781));
#2918=EDGE_LOOP('',(#782,#783,#784,#785));
#2919=EDGE_LOOP('',(#786,#787,#788,#789));
#2920=EDGE_LOOP('',(#790,#791,#792,#793));
#2921=EDGE_LOOP('',(#794,#795,#796,#797,#798,#799));
#2922=EDGE_LOOP('',(#800,#801,#802,#803,#804,#805));
#2923=EDGE_LOOP('',(#806,#807,#808,#809));
#2924=EDGE_LOOP('',(#810,#811,#812,#813));
#2925=EDGE_LOOP('',(#814,#815,#816,#817,#818,#819));
#2926=EDGE_LOOP('',(#820,#821,#822,#823));
#2927=EDGE_LOOP('',(#824,#825,#826,#827));
#2928=EDGE_LOOP('',(#828,#829,#830,#831));
#2929=EDGE_LOOP('',(#832,#833,#834,#835));
#2930=EDGE_LOOP('',(#836,#837,#838,#839,#840,#841));
#2931=EDGE_LOOP('',(#842,#843,#844,#845));
#2932=EDGE_LOOP('',(#846,#847,#848,#849,#850,#851));
#2933=EDGE_LOOP('',(#852,#853,#854,#855));
#2934=EDGE_LOOP('',(#856,#857,#858,#859));
#2935=EDGE_LOOP('',(#860,#861,#862,#863));
#2936=EDGE_LOOP('',(#864,#865,#866,#867));
#2937=EDGE_LOOP('',(#868,#869,#870,#871));
#2938=EDGE_LOOP('',(#872,#873,#874,#875));
#2939=EDGE_LOOP('',(#876,#877,#878,#879));
#2940=EDGE_LOOP('',(#880,#881,#882,#883));
#2941=EDGE_LOOP('',(#884,#885,#886,#887));
#2942=EDGE_LOOP('',(#888,#889,#890,#891,#892,#893,#894,#895));
#2943=EDGE_LOOP('',(#896,#897,#898,#899));
#2944=EDGE_LOOP('',(#900,#901,#902,#903));
#2945=EDGE_LOOP('',(#904,#905,#906,#907));
#2946=EDGE_LOOP('',(#908,#909,#910,#911));
#2947=EDGE_LOOP('',(#912,#913,#914,#915));
#2948=EDGE_LOOP('',(#916,#917,#918,#919));
#2949=EDGE_LOOP('',(#920,#921,#922,#923,#924,#925,#926));
#2950=EDGE_LOOP('',(#927,#928,#929,#930,#931));
#2951=EDGE_LOOP('',(#932,#933,#934,#935,#936));
#2952=EDGE_LOOP('',(#937,#938,#939,#940));
#2953=EDGE_LOOP('',(#941,#942,#943,#944));
#2954=EDGE_LOOP('',(#945,#946,#947,#948));
#2955=EDGE_LOOP('',(#949,#950,#951,#952));
#2956=EDGE_LOOP('',(#953,#954,#955,#956));
#2957=EDGE_LOOP('',(#957,#958,#959,#960));
#2958=EDGE_LOOP('',(#961,#962,#963,#964));
#2959=EDGE_LOOP('',(#965,#966,#967,#968,#969));
#2960=EDGE_LOOP('',(#970,#971,#972,#973));
#2961=EDGE_LOOP('',(#974,#975,#976,#977,#978));
#2962=EDGE_LOOP('',(#979,#980,#981,#982));
#2963=EDGE_LOOP('',(#983,#984,#985,#986));
#2964=EDGE_LOOP('',(#987,#988,#989,#990));
#2965=EDGE_LOOP('',(#991,#992,#993,#994));
#2966=EDGE_LOOP('',(#995,#996,#997,#998));
#2967=EDGE_LOOP('',(#999,#1000,#1001,#1002));
#2968=EDGE_LOOP('',(#1003,#1004,#1005,#1006));
#2969=EDGE_LOOP('',(#1007,#1008,#1009,#1010));
#2970=EDGE_LOOP('',(#1011,#1012,#1013,#1014));
#2971=EDGE_LOOP('',(#1015,#1016,#1017,#1018));
#2972=EDGE_LOOP('',(#1019,#1020,#1021,#1022));
#2973=EDGE_LOOP('',(#1023,#1024,#1025,#1026));
#2974=EDGE_LOOP('',(#1027,#1028,#1029,#1030));
#2975=EDGE_LOOP('',(#1031,#1032,#1033,#1034));
#2976=EDGE_LOOP('',(#1035,#1036,#1037,#1038));
#2977=EDGE_LOOP('',(#1039,#1040,#1041,#1042));
#2978=EDGE_LOOP('',(#1043,#1044,#1045,#1046));
#2979=EDGE_LOOP('',(#1047,#1048,#1049,#1050));
#2980=EDGE_LOOP('',(#1051,#1052,#1053,#1054));
#2981=EDGE_LOOP('',(#1055,#1056,#1057,#1058));
#2982=EDGE_LOOP('',(#1059,#1060,#1061,#1062));
#2983=EDGE_LOOP('',(#1063,#1064,#1065,#1066));
#2984=EDGE_LOOP('',(#1067,#1068,#1069,#1070));
#2985=EDGE_LOOP('',(#1071,#1072,#1073,#1074));
#2986=EDGE_LOOP('',(#1075,#1076,#1077,#1078,#1079));
#2987=EDGE_LOOP('',(#1080,#1081,#1082,#1083,#1084));
#2988=EDGE_LOOP('',(#1085,#1086,#1087,#1088,#1089));
#2989=EDGE_LOOP('',(#1090,#1091,#1092,#1093,#1094));
#2990=EDGE_LOOP('',(#1095,#1096,#1097,#1098,#1099,#1100,#1101));
#2991=EDGE_LOOP('',(#1102,#1103,#1104,#1105,#1106,#1107,#1108));
#2992=EDGE_LOOP('',(#1109,#1110,#1111,#1112,#1113,#1114,#1115));
#2993=EDGE_LOOP('',(#1116,#1117,#1118,#1119,#1120,#1121,#1122));
#2994=EDGE_LOOP('',(#1123,#1124,#1125,#1126,#1127,#1128,#1129));
#2995=EDGE_LOOP('',(#1130,#1131,#1132,#1133,#1134,#1135,#1136));
#2996=EDGE_LOOP('',(#1137,#1138,#1139,#1140));
#2997=EDGE_LOOP('',(#1141,#1142,#1143,#1144));
#2998=EDGE_LOOP('',(#1145,#1146,#1147,#1148));
#2999=EDGE_LOOP('',(#1149,#1150,#1151,#1152));
#3000=EDGE_LOOP('',(#1153,#1154,#1155,#1156));
#3001=EDGE_LOOP('',(#1157,#1158,#1159,#1160));
#3002=EDGE_LOOP('',(#1161,#1162,#1163,#1164));
#3003=EDGE_LOOP('',(#1165,#1166,#1167,#1168));
#3004=EDGE_LOOP('',(#1169,#1170,#1171,#1172));
#3005=FACE_BOUND('',#2773,.T.);
#3006=FACE_BOUND('',#2774,.T.);
#3007=FACE_BOUND('',#2775,.T.);
#3008=FACE_BOUND('',#2776,.T.);
#3009=FACE_BOUND('',#2777,.T.);
#3010=FACE_BOUND('',#2778,.T.);
#3011=FACE_BOUND('',#2779,.T.);
#3012=FACE_BOUND('',#2780,.T.);
#3013=FACE_BOUND('',#2781,.T.);
#3014=FACE_BOUND('',#2782,.T.);
#3015=FACE_BOUND('',#2783,.T.);
#3016=FACE_BOUND('',#2784,.T.);
#3017=FACE_BOUND('',#2785,.T.);
#3018=FACE_BOUND('',#2786,.T.);
#3019=FACE_BOUND('',#2787,.T.);
#3020=FACE_BOUND('',#2788,.T.);
#3021=FACE_BOUND('',#2789,.T.);
#3022=FACE_BOUND('',#2790,.T.);
#3023=FACE_BOUND('',#2791,.T.);
#3024=FACE_BOUND('',#2792,.T.);
#3025=FACE_BOUND('',#2793,.T.);
#3026=FACE_BOUND('',#2794,.T.);
#3027=FACE_BOUND('',#2795,.T.);
#3028=FACE_BOUND('',#2796,.T.);
#3029=FACE_BOUND('',#2797,.T.);
#3030=FACE_BOUND('',#2798,.T.);
#3031=FACE_BOUND('',#2799,.T.);
#3032=FACE_BOUND('',#2800,.T.);
#3033=FACE_BOUND('',#2801,.T.);
#3034=FACE_BOUND('',#2802,.T.);
#3035=FACE_BOUND('',#2803,.T.);
#3036=FACE_BOUND('',#2804,.T.);
#3037=FACE_BOUND('',#2805,.T.);
#3038=FACE_BOUND('',#2806,.T.);
#3039=FACE_BOUND('',#2807,.T.);
#3040=FACE_BOUND('',#2808,.T.);
#3041=FACE_BOUND('',#2809,.T.);
#3042=FACE_BOUND('',#2810,.T.);
#3043=FACE_BOUND('',#2811,.T.);
#3044=FACE_BOUND('',#2812,.T.);
#3045=FACE_BOUND('',#2813,.T.);
#3046=FACE_BOUND('',#2814,.T.);
#3047=FACE_BOUND('',#2815,.T.);
#3048=FACE_BOUND('',#2816,.T.);
#3049=FACE_BOUND('',#2817,.T.);
#3050=FACE_BOUND('',#2818,.T.);
#3051=FACE_BOUND('',#2819,.T.);
#3052=FACE_BOUND('',#2820,.T.);
#3053=FACE_BOUND('',#2821,.T.);
#3054=FACE_BOUND('',#2822,.T.);
#3055=FACE_BOUND('',#2823,.T.);
#3056=FACE_BOUND('',#2824,.T.);
#3057=FACE_BOUND('',#2825,.T.);
#3058=FACE_BOUND('',#2826,.T.);
#3059=FACE_BOUND('',#2827,.T.);
#3060=FACE_BOUND('',#2828,.T.);
#3061=FACE_BOUND('',#2829,.T.);
#3062=FACE_BOUND('',#2830,.T.);
#3063=FACE_BOUND('',#2831,.T.);
#3064=FACE_BOUND('',#2832,.T.);
#3065=FACE_BOUND('',#2833,.T.);
#3066=FACE_BOUND('',#2834,.T.);
#3067=FACE_BOUND('',#2835,.T.);
#3068=FACE_BOUND('',#2836,.T.);
#3069=FACE_BOUND('',#2837,.T.);
#3070=FACE_BOUND('',#2838,.T.);
#3071=FACE_BOUND('',#2839,.T.);
#3072=FACE_BOUND('',#2840,.T.);
#3073=FACE_BOUND('',#2841,.T.);
#3074=FACE_BOUND('',#2842,.T.);
#3075=FACE_BOUND('',#2843,.T.);
#3076=FACE_BOUND('',#2844,.T.);
#3077=FACE_BOUND('',#2845,.T.);
#3078=FACE_BOUND('',#2846,.T.);
#3079=FACE_BOUND('',#2847,.T.);
#3080=FACE_BOUND('',#2848,.T.);
#3081=FACE_BOUND('',#2849,.T.);
#3082=FACE_BOUND('',#2850,.T.);
#3083=FACE_BOUND('',#2851,.T.);
#3084=FACE_BOUND('',#2852,.T.);
#3085=FACE_BOUND('',#2853,.T.);
#3086=FACE_BOUND('',#2854,.T.);
#3087=FACE_BOUND('',#2855,.T.);
#3088=FACE_BOUND('',#2856,.T.);
#3089=FACE_BOUND('',#2857,.T.);
#3090=FACE_BOUND('',#2858,.T.);
#3091=FACE_BOUND('',#2859,.T.);
#3092=FACE_BOUND('',#2860,.T.);
#3093=FACE_BOUND('',#2861,.T.);
#3094=FACE_BOUND('',#2862,.T.);
#3095=FACE_BOUND('',#2863,.T.);
#3096=FACE_BOUND('',#2864,.T.);
#3097=FACE_BOUND('',#2865,.T.);
#3098=FACE_BOUND('',#2866,.T.);
#3099=FACE_BOUND('',#2867,.T.);
#3100=FACE_BOUND('',#2868,.T.);
#3101=FACE_BOUND('',#2869,.T.);
#3102=FACE_BOUND('',#2870,.T.);
#3103=FACE_BOUND('',#2871,.T.);
#3104=FACE_BOUND('',#2872,.T.);
#3105=FACE_BOUND('',#2873,.T.);
#3106=FACE_BOUND('',#2874,.T.);
#3107=FACE_BOUND('',#2875,.T.);
#3108=FACE_BOUND('',#2876,.T.);
#3109=FACE_BOUND('',#2877,.T.);
#3110=FACE_BOUND('',#2878,.T.);
#3111=FACE_BOUND('',#2879,.T.);
#3112=FACE_BOUND('',#2880,.T.);
#3113=FACE_BOUND('',#2881,.T.);
#3114=FACE_BOUND('',#2882,.T.);
#3115=FACE_BOUND('',#2883,.T.);
#3116=FACE_BOUND('',#2884,.T.);
#3117=FACE_BOUND('',#2885,.T.);
#3118=FACE_BOUND('',#2886,.T.);
#3119=FACE_BOUND('',#2887,.T.);
#3120=FACE_BOUND('',#2888,.T.);
#3121=FACE_BOUND('',#2889,.T.);
#3122=FACE_BOUND('',#2890,.T.);
#3123=FACE_BOUND('',#2891,.T.);
#3124=FACE_BOUND('',#2892,.T.);
#3125=FACE_BOUND('',#2893,.T.);
#3126=FACE_BOUND('',#2894,.T.);
#3127=FACE_BOUND('',#2895,.T.);
#3128=FACE_BOUND('',#2896,.T.);
#3129=FACE_BOUND('',#2897,.T.);
#3130=FACE_BOUND('',#2898,.T.);
#3131=FACE_BOUND('',#2899,.T.);
#3132=FACE_BOUND('',#2900,.T.);
#3133=FACE_BOUND('',#2901,.T.);
#3134=FACE_BOUND('',#2902,.T.);
#3135=FACE_BOUND('',#2903,.T.);
#3136=FACE_BOUND('',#2904,.T.);
#3137=FACE_BOUND('',#2905,.T.);
#3138=FACE_BOUND('',#2906,.T.);
#3139=FACE_BOUND('',#2907,.T.);
#3140=FACE_BOUND('',#2908,.T.);
#3141=FACE_BOUND('',#2909,.T.);
#3142=FACE_BOUND('',#2910,.T.);
#3143=FACE_BOUND('',#2911,.T.);
#3144=FACE_BOUND('',#2912,.T.);
#3145=FACE_BOUND('',#2913,.T.);
#3146=FACE_BOUND('',#2914,.T.);
#3147=FACE_BOUND('',#2915,.T.);
#3148=FACE_BOUND('',#2916,.T.);
#3149=FACE_BOUND('',#2917,.T.);
#3150=FACE_BOUND('',#2918,.T.);
#3151=FACE_BOUND('',#2919,.T.);
#3152=FACE_BOUND('',#2920,.T.);
#3153=FACE_BOUND('',#2921,.T.);
#3154=FACE_BOUND('',#2922,.T.);
#3155=FACE_BOUND('',#2923,.T.);
#3156=FACE_BOUND('',#2924,.T.);
#3157=FACE_BOUND('',#2925,.T.);
#3158=FACE_BOUND('',#2926,.T.);
#3159=FACE_BOUND('',#2927,.T.);
#3160=FACE_BOUND('',#2928,.T.);
#3161=FACE_BOUND('',#2929,.T.);
#3162=FACE_BOUND('',#2930,.T.);
#3163=FACE_BOUND('',#2931,.T.);
#3164=FACE_BOUND('',#2932,.T.);
#3165=FACE_BOUND('',#2933,.T.);
#3166=FACE_BOUND('',#2934,.T.);
#3167=FACE_BOUND('',#2935,.T.);
#3168=FACE_BOUND('',#2936,.T.);
#3169=FACE_BOUND('',#2937,.T.);
#3170=FACE_BOUND('',#2938,.T.);
#3171=FACE_BOUND('',#2939,.T.);
#3172=FACE_BOUND('',#2940,.T.);
#3173=FACE_BOUND('',#2941,.T.);
#3174=FACE_BOUND('',#2942,.T.);
#3175=FACE_BOUND('',#2943,.T.);
#3176=FACE_BOUND('',#2944,.T.);
#3177=FACE_BOUND('',#2945,.T.);
#3178=FACE_BOUND('',#2946,.T.);
#3179=FACE_BOUND('',#2947,.T.);
#3180=FACE_BOUND('',#2948,.T.);
#3181=FACE_BOUND('',#2949,.T.);
#3182=FACE_BOUND('',#2950,.T.);
#3183=FACE_BOUND('',#2951,.T.);
#3184=FACE_BOUND('',#2952,.T.);
#3185=FACE_BOUND('',#2953,.T.);
#3186=FACE_BOUND('',#2954,.T.);
#3187=FACE_BOUND('',#2955,.T.);
#3188=FACE_BOUND('',#2956,.T.);
#3189=FACE_BOUND('',#2957,.T.);
#3190=FACE_BOUND('',#2958,.T.);
#3191=FACE_BOUND('',#2959,.T.);
#3192=FACE_BOUND('',#2960,.T.);
#3193=FACE_BOUND('',#2961,.T.);
#3194=FACE_BOUND('',#2962,.T.);
#3195=FACE_BOUND('',#2963,.T.);
#3196=FACE_BOUND('',#2964,.T.);
#3197=FACE_BOUND('',#2965,.T.);
#3198=FACE_BOUND('',#2966,.T.);
#3199=FACE_BOUND('',#2967,.T.);
#3200=FACE_BOUND('',#2968,.T.);
#3201=FACE_BOUND('',#2969,.T.);
#3202=FACE_BOUND('',#2970,.T.);
#3203=FACE_BOUND('',#2971,.T.);
#3204=FACE_BOUND('',#2972,.T.);
#3205=FACE_BOUND('',#2973,.T.);
#3206=FACE_BOUND('',#2974,.T.);
#3207=FACE_BOUND('',#2975,.T.);
#3208=FACE_BOUND('',#2976,.T.);
#3209=FACE_BOUND('',#2977,.T.);
#3210=FACE_BOUND('',#2978,.T.);
#3211=FACE_BOUND('',#2979,.T.);
#3212=FACE_BOUND('',#2980,.T.);
#3213=FACE_BOUND('',#2981,.T.);
#3214=FACE_BOUND('',#2982,.T.);
#3215=FACE_BOUND('',#2983,.T.);
#3216=FACE_BOUND('',#2984,.T.);
#3217=FACE_BOUND('',#2985,.T.);
#3218=FACE_BOUND('',#2986,.T.);
#3219=FACE_BOUND('',#2987,.T.);
#3220=FACE_BOUND('',#2988,.T.);
#3221=FACE_BOUND('',#2989,.T.);
#3222=FACE_BOUND('',#2990,.T.);
#3223=FACE_BOUND('',#2991,.T.);
#3224=FACE_BOUND('',#2992,.T.);
#3225=FACE_BOUND('',#2993,.T.);
#3226=FACE_BOUND('',#2994,.T.);
#3227=FACE_BOUND('',#2995,.T.);
#3228=FACE_BOUND('',#2996,.T.);
#3229=FACE_BOUND('',#2997,.T.);
#3230=FACE_BOUND('',#2998,.T.);
#3231=FACE_BOUND('',#2999,.T.);
#3232=FACE_BOUND('',#3000,.T.);
#3233=FACE_BOUND('',#3001,.T.);
#3234=FACE_BOUND('',#3002,.T.);
#3235=FACE_BOUND('',#3003,.T.);
#3236=FACE_BOUND('',#3004,.T.);
#3237=PLANE('',#3577);
#3238=PLANE('',#3578);
#3239=PLANE('',#3579);
#3240=PLANE('',#3580);
#3241=PLANE('',#3581);
#3242=PLANE('',#3582);
#3243=PLANE('',#3583);
#3244=PLANE('',#3584);
#3245=PLANE('',#3603);
#3246=PLANE('',#3644);
#3247=PLANE('',#3647);
#3248=PLANE('',#3648);
#3249=PLANE('',#3651);
#3250=PLANE('',#3652);
#3251=PLANE('',#3653);
#3252=PLANE('',#3654);
#3253=PLANE('',#3655);
#3254=PLANE('',#3656);
#3255=PLANE('',#3657);
#3256=PLANE('',#3658);
#3257=PLANE('',#3659);
#3258=PLANE('',#3660);
#3259=PLANE('',#3661);
#3260=PLANE('',#3662);
#3261=PLANE('',#3663);
#3262=PLANE('',#3664);
#3263=PLANE('',#3665);
#3264=PLANE('',#3666);
#3265=PLANE('',#3667);
#3266=PLANE('',#3668);
#3267=PLANE('',#3669);
#3268=PLANE('',#3670);
#3269=PLANE('',#3671);
#3270=PLANE('',#3672);
#3271=PLANE('',#3674);
#3272=PLANE('',#3675);
#3273=PLANE('',#3676);
#3274=PLANE('',#3677);
#3275=PLANE('',#3679);
#3276=PLANE('',#3681);
#3277=PLANE('',#3683);
#3278=PLANE('',#3685);
#3279=PLANE('',#3687);
#3280=PLANE('',#3689);
#3281=PLANE('',#3691);
#3282=PLANE('',#3701);
#3283=PLANE('',#3702);
#3284=PLANE('',#3703);
#3285=PLANE('',#3712);
#3286=PLANE('',#3715);
#3287=PLANE('',#3716);
#3288=PLANE('',#3717);
#3289=PLANE('',#3718);
#3290=PLANE('',#3723);
#3291=PLANE('',#3728);
#3292=PLANE('',#3731);
#3293=PLANE('',#3732);
#3294=PLANE('',#3733);
#3295=PLANE('',#3734);
#3296=PLANE('',#3735);
#3297=PLANE('',#3736);
#3298=PLANE('',#3737);
#3299=PLANE('',#3738);
#3300=PLANE('',#3739);
#3301=PLANE('',#3740);
#3302=PLANE('',#3741);
#3303=PLANE('',#3742);
#3304=PLANE('',#3743);
#3305=PLANE('',#3744);
#3306=PLANE('',#3745);
#3307=PLANE('',#3746);
#3308=PLANE('',#3747);
#3309=PLANE('',#3748);
#3310=PLANE('',#3749);
#3311=PLANE('',#3750);
#3312=PLANE('',#3751);
#3313=PLANE('',#3752);
#3314=PLANE('',#3753);
#3315=PLANE('',#3754);
#3316=PLANE('',#3755);
#3317=PLANE('',#3756);
#3318=PLANE('',#3757);
#3319=PLANE('',#3758);
#3320=PLANE('',#3759);
#3321=PLANE('',#3760);
#3322=PLANE('',#3761);
#3323=PLANE('',#3762);
#3324=PLANE('',#3763);
#3325=PLANE('',#3764);
#3326=PLANE('',#3765);
#3327=PLANE('',#3766);
#3328=PLANE('',#3767);
#3329=PLANE('',#3768);
#3330=PLANE('',#3769);
#3331=PLANE('',#3770);
#3332=PLANE('',#3771);
#3333=PLANE('',#3772);
#3334=PLANE('',#3773);
#3335=PLANE('',#3774);
#3336=PLANE('',#3779);
#3337=PLANE('',#3780);
#3338=PLANE('',#3781);
#3339=PLANE('',#3782);
#3340=PLANE('',#3783);
#3341=PLANE('',#3784);
#3342=PLANE('',#3785);
#3343=PLANE('',#3787);
#3344=PLANE('',#3789);
#3345=PLANE('',#3791);
#3346=PLANE('',#3792);
#3347=PLANE('',#3793);
#3348=PLANE('',#3852);
#3349=PLANE('',#3853);
#3350=PLANE('',#3854);
#3351=PLANE('',#3855);
#3352=PLANE('',#3856);
#3353=PLANE('',#3857);
#3354=PLANE('',#3858);
#3355=PLANE('',#3859);
#3356=PLANE('',#3860);
#3357=PLANE('',#3861);
#3358=PLANE('',#3862);
#3359=PLANE('',#3863);
#3360=PLANE('',#3864);
#3361=PLANE('',#3865);
#3362=PLANE('',#3866);
#3363=PLANE('',#3867);
#3364=PLANE('',#3868);
#3365=ADVANCED_FACE('',(#3005),#3237,.T.);
#3366=ADVANCED_FACE('',(#3006),#3238,.T.);
#3367=ADVANCED_FACE('',(#3007),#3239,.F.);
#3368=ADVANCED_FACE('',(#3008),#3240,.F.);
#3369=ADVANCED_FACE('',(#3009),#3241,.T.);
#3370=ADVANCED_FACE('',(#3010),#3242,.T.);
#3371=ADVANCED_FACE('',(#3011),#3243,.F.);
#3372=ADVANCED_FACE('',(#3012,#3013,#3014,#3015,#3016,#3017,#3018,#3019,
#3020,#3021,#3022,#3023,#3024,#3025,#3026),#3244,.F.);
#3373=ADVANCED_FACE('',(#3027,#3028,#3029,#3030,#3031,#3032,#3033,#3034,
#3035,#3036,#3037,#3038,#3039,#3040,#3041),#3245,.T.);
#3374=ADVANCED_FACE('',(#3042,#3043),#44,.F.);
#3375=ADVANCED_FACE('',(#3044,#3045),#45,.F.);
#3376=ADVANCED_FACE('',(#3046,#3047),#46,.F.);
#3377=ADVANCED_FACE('',(#3048,#3049),#47,.F.);
#3378=ADVANCED_FACE('',(#3050,#3051),#48,.F.);
#3379=ADVANCED_FACE('',(#3052,#3053),#49,.F.);
#3380=ADVANCED_FACE('',(#3054,#3055),#50,.F.);
#3381=ADVANCED_FACE('',(#3056,#3057),#51,.F.);
#3382=ADVANCED_FACE('',(#3058,#3059),#52,.F.);
#3383=ADVANCED_FACE('',(#3060,#3061),#53,.F.);
#3384=ADVANCED_FACE('',(#3062,#3063),#54,.F.);
#3385=ADVANCED_FACE('',(#3064,#3065),#55,.F.);
#3386=ADVANCED_FACE('',(#3066,#3067),#56,.F.);
#3387=ADVANCED_FACE('',(#3068,#3069),#57,.F.);
#3388=ADVANCED_FACE('',(#3070),#58,.T.);
#3389=ADVANCED_FACE('',(#3071),#59,.T.);
#3390=ADVANCED_FACE('',(#3072),#60,.T.);
#3391=ADVANCED_FACE('',(#3073),#61,.T.);
#3392=ADVANCED_FACE('',(#3074),#3246,.T.);
#3393=ADVANCED_FACE('',(#3075),#40,.T.);
#3394=ADVANCED_FACE('',(#3076),#41,.T.);
#3395=ADVANCED_FACE('',(#3077),#3247,.F.);
#3396=ADVANCED_FACE('',(#3078),#3248,.T.);
#3397=ADVANCED_FACE('',(#3079),#42,.T.);
#3398=ADVANCED_FACE('',(#3080),#43,.T.);
#3399=ADVANCED_FACE('',(#3081),#3249,.F.);
#3400=ADVANCED_FACE('',(#3082),#3250,.T.);
#3401=ADVANCED_FACE('',(#3083),#3251,.F.);
#3402=ADVANCED_FACE('',(#3084),#3252,.T.);
#3403=ADVANCED_FACE('',(#3085),#3253,.F.);
#3404=ADVANCED_FACE('',(#3086),#3254,.T.);
#3405=ADVANCED_FACE('',(#3087),#3255,.T.);
#3406=ADVANCED_FACE('',(#3088),#3256,.T.);
#3407=ADVANCED_FACE('',(#3089),#3257,.T.);
#3408=ADVANCED_FACE('',(#3090),#3258,.F.);
#3409=ADVANCED_FACE('',(#3091),#3259,.T.);
#3410=ADVANCED_FACE('',(#3092),#3260,.F.);
#3411=ADVANCED_FACE('',(#3093),#3261,.T.);
#3412=ADVANCED_FACE('',(#3094),#3262,.T.);
#3413=ADVANCED_FACE('',(#3095),#3263,.T.);
#3414=ADVANCED_FACE('',(#3096),#3264,.T.);
#3415=ADVANCED_FACE('',(#3097),#3265,.F.);
#3416=ADVANCED_FACE('',(#3098),#3266,.T.);
#3417=ADVANCED_FACE('',(#3099),#3267,.F.);
#3418=ADVANCED_FACE('',(#3100),#3268,.T.);
#3419=ADVANCED_FACE('',(#3101),#3269,.T.);
#3420=ADVANCED_FACE('',(#3102),#3270,.T.);
#3421=ADVANCED_FACE('',(#3103),#3271,.T.);
#3422=ADVANCED_FACE('',(#3104),#3272,.F.);
#3423=ADVANCED_FACE('',(#3105),#3273,.T.);
#3424=ADVANCED_FACE('',(#3106),#3274,.F.);
#3425=ADVANCED_FACE('',(#3107),#3275,.T.);
#3426=ADVANCED_FACE('',(#3108),#3276,.T.);
#3427=ADVANCED_FACE('',(#3109),#3277,.T.);
#3428=ADVANCED_FACE('',(#3110),#3278,.F.);
#3429=ADVANCED_FACE('',(#3111),#3279,.T.);
#3430=ADVANCED_FACE('',(#3112),#3280,.F.);
#3431=ADVANCED_FACE('',(#3113),#3281,.T.);
#3432=ADVANCED_FACE('',(#3114),#62,.F.);
#3433=ADVANCED_FACE('',(#3115),#63,.F.);
#3434=ADVANCED_FACE('',(#3116),#3282,.T.);
#3435=ADVANCED_FACE('',(#3117),#3283,.F.);
#3436=ADVANCED_FACE('',(#3118),#3284,.T.);
#3437=ADVANCED_FACE('',(#3119),#3285,.F.);
#3438=ADVANCED_FACE('',(#3120),#3286,.T.);
#3439=ADVANCED_FACE('',(#3121),#3287,.F.);
#3440=ADVANCED_FACE('',(#3122),#3288,.F.);
#3441=ADVANCED_FACE('',(#3123,#3124),#3289,.T.);
#3442=ADVANCED_FACE('',(#3125,#3126),#3290,.T.);
#3443=ADVANCED_FACE('',(#3127,#3128,#3129,#3130),#3291,.T.);
#3444=ADVANCED_FACE('',(#3131),#3292,.F.);
#3445=ADVANCED_FACE('',(#3132),#3293,.F.);
#3446=ADVANCED_FACE('',(#3133),#3294,.F.);
#3447=ADVANCED_FACE('',(#3134),#3295,.T.);
#3448=ADVANCED_FACE('',(#3135),#3296,.T.);
#3449=ADVANCED_FACE('',(#3136),#3297,.F.);
#3450=ADVANCED_FACE('',(#3137),#3298,.T.);
#3451=ADVANCED_FACE('',(#3138),#3299,.T.);
#3452=ADVANCED_FACE('',(#3139),#3300,.T.);
#3453=ADVANCED_FACE('',(#3140),#3301,.F.);
#3454=ADVANCED_FACE('',(#3141),#3302,.T.);
#3455=ADVANCED_FACE('',(#3142),#3303,.T.);
#3456=ADVANCED_FACE('',(#3143),#3304,.T.);
#3457=ADVANCED_FACE('',(#3144),#3305,.F.);
#3458=ADVANCED_FACE('',(#3145),#3306,.T.);
#3459=ADVANCED_FACE('',(#3146),#3307,.T.);
#3460=ADVANCED_FACE('',(#3147),#3308,.T.);
#3461=ADVANCED_FACE('',(#3148),#3309,.T.);
#3462=ADVANCED_FACE('',(#3149),#3310,.T.);
#3463=ADVANCED_FACE('',(#3150),#3311,.F.);
#3464=ADVANCED_FACE('',(#3151),#3312,.F.);
#3465=ADVANCED_FACE('',(#3152),#3313,.F.);
#3466=ADVANCED_FACE('',(#3153),#3314,.T.);
#3467=ADVANCED_FACE('',(#3154),#3315,.T.);
#3468=ADVANCED_FACE('',(#3155),#3316,.F.);
#3469=ADVANCED_FACE('',(#3156),#3317,.T.);
#3470=ADVANCED_FACE('',(#3157),#3318,.T.);
#3471=ADVANCED_FACE('',(#3158),#3319,.F.);
#3472=ADVANCED_FACE('',(#3159),#3320,.F.);
#3473=ADVANCED_FACE('',(#3160),#3321,.T.);
#3474=ADVANCED_FACE('',(#3161),#3322,.T.);
#3475=ADVANCED_FACE('',(#3162),#3323,.F.);
#3476=ADVANCED_FACE('',(#3163),#3324,.T.);
#3477=ADVANCED_FACE('',(#3164),#3325,.T.);
#3478=ADVANCED_FACE('',(#3165),#3326,.F.);
#3479=ADVANCED_FACE('',(#3166),#3327,.T.);
#3480=ADVANCED_FACE('',(#3167),#3328,.T.);
#3481=ADVANCED_FACE('',(#3168),#3329,.F.);
#3482=ADVANCED_FACE('',(#3169),#3330,.T.);
#3483=ADVANCED_FACE('',(#3170),#3331,.F.);
#3484=ADVANCED_FACE('',(#3171),#3332,.T.);
#3485=ADVANCED_FACE('',(#3172),#3333,.T.);
#3486=ADVANCED_FACE('',(#3173),#3334,.F.);
#3487=ADVANCED_FACE('',(#3174),#3335,.F.);
#3488=ADVANCED_FACE('',(#3175),#3336,.F.);
#3489=ADVANCED_FACE('',(#3176),#3337,.T.);
#3490=ADVANCED_FACE('',(#3177),#3338,.T.);
#3491=ADVANCED_FACE('',(#3178),#3339,.F.);
#3492=ADVANCED_FACE('',(#3179),#3340,.F.);
#3493=ADVANCED_FACE('',(#3180),#3341,.T.);
#3494=ADVANCED_FACE('',(#3181),#3342,.T.);
#3495=ADVANCED_FACE('',(#3182),#3343,.F.);
#3496=ADVANCED_FACE('',(#3183),#3344,.T.);
#3497=ADVANCED_FACE('',(#3184),#3345,.F.);
#3498=ADVANCED_FACE('',(#3185),#3346,.F.);
#3499=ADVANCED_FACE('',(#3186),#3347,.T.);
#3500=ADVANCED_FACE('',(#3187),#64,.T.);
#3501=ADVANCED_FACE('',(#3188),#65,.T.);
#3502=ADVANCED_FACE('',(#3189),#66,.T.);
#3503=ADVANCED_FACE('',(#3190),#67,.T.);
#3504=ADVANCED_FACE('',(#3191),#68,.F.);
#3505=ADVANCED_FACE('',(#3192),#69,.F.);
#3506=ADVANCED_FACE('',(#3193),#70,.F.);
#3507=ADVANCED_FACE('',(#3194),#71,.F.);
#3508=ADVANCED_FACE('',(#3195),#72,.F.);
#3509=ADVANCED_FACE('',(#3196),#73,.F.);
#3510=ADVANCED_FACE('',(#3197),#10,.T.);
#3511=ADVANCED_FACE('',(#3198),#74,.T.);
#3512=ADVANCED_FACE('',(#3199),#75,.T.);
#3513=ADVANCED_FACE('',(#3200),#11,.T.);
#3514=ADVANCED_FACE('',(#3201),#12,.T.);
#3515=ADVANCED_FACE('',(#3202),#76,.T.);
#3516=ADVANCED_FACE('',(#3203),#77,.T.);
#3517=ADVANCED_FACE('',(#3204),#13,.T.);
#3518=ADVANCED_FACE('',(#3205),#78,.T.);
#3519=ADVANCED_FACE('',(#3206),#14,.T.);
#3520=ADVANCED_FACE('',(#3207),#79,.T.);
#3521=ADVANCED_FACE('',(#3208),#15,.T.);
#3522=ADVANCED_FACE('',(#3209),#80,.T.);
#3523=ADVANCED_FACE('',(#3210),#16,.T.);
#3524=ADVANCED_FACE('',(#3211),#81,.T.);
#3525=ADVANCED_FACE('',(#3212),#17,.T.);
#3526=ADVANCED_FACE('',(#3213),#82,.T.);
#3527=ADVANCED_FACE('',(#3214),#83,.F.);
#3528=ADVANCED_FACE('',(#3215),#84,.F.);
#3529=ADVANCED_FACE('',(#3216),#85,.F.);
#3530=ADVANCED_FACE('',(#3217),#86,.F.);
#3531=ADVANCED_FACE('',(#3218),#87,.F.);
#3532=ADVANCED_FACE('',(#3219),#88,.F.);
#3533=ADVANCED_FACE('',(#3220),#3348,.F.);
#3534=ADVANCED_FACE('',(#3221),#3349,.T.);
#3535=ADVANCED_FACE('',(#3222),#3350,.T.);
#3536=ADVANCED_FACE('',(#3223),#3351,.F.);
#3537=ADVANCED_FACE('',(#3224),#3352,.T.);
#3538=ADVANCED_FACE('',(#3225),#3353,.F.);
#3539=ADVANCED_FACE('',(#3226),#3354,.T.);
#3540=ADVANCED_FACE('',(#3227),#3355,.F.);
#3541=ADVANCED_FACE('',(#3228),#3356,.T.);
#3542=ADVANCED_FACE('',(#3229),#3357,.F.);
#3543=ADVANCED_FACE('',(#3230),#3358,.T.);
#3544=ADVANCED_FACE('',(#3231),#3359,.T.);
#3545=ADVANCED_FACE('',(#3232),#3360,.F.);
#3546=ADVANCED_FACE('',(#3233),#3361,.T.);
#3547=ADVANCED_FACE('',(#3234),#3362,.T.);
#3548=ADVANCED_FACE('',(#3235),#3363,.F.);
#3549=ADVANCED_FACE('',(#3236),#3364,.T.);
#3550=CLOSED_SHELL('',(#3365,#3366,#3367,#3368,#3369,#3370,#3371,#3372,
#3373,#3374,#3375,#3376,#3377,#3378,#3379,#3380,#3381,#3382,#3383,#3384,
#3385,#3386,#3387,#3388,#3389,#3390,#3391,#3392,#3393,#3394,#3395,#3396,
#3397,#3398,#3399,#3400,#3401,#3402,#3403,#3404,#3405,#3406,#3407,#3408,
#3409,#3410,#3411,#3412,#3413,#3414,#3415,#3416,#3417,#3418,#3419,#3420));
#3551=CLOSED_SHELL('',(#3421,#3422,#3423,#3424,#3425,#3426,#3427,#3428,
#3429,#3430,#3431,#3432,#3433,#3434,#3435,#3436,#3437,#3438,#3439,#3440,
#3441,#3442,#3443,#3444,#3445,#3446,#3447,#3448,#3449,#3450,#3451,#3452,
#3453,#3454,#3455,#3456,#3457,#3458,#3459,#3460,#3461,#3462,#3463,#3464,
#3465,#3466,#3467,#3468,#3469,#3470,#3471,#3472,#3473,#3474,#3475,#3476,
#3477,#3478,#3479,#3480,#3481,#3482,#3483,#3484,#3485,#3486,#3487,#3488,
#3489,#3490,#3491,#3492,#3493,#3494,#3495,#3496,#3497,#3498,#3499,#3500,
#3501,#3502,#3503,#3504,#3505,#3506,#3507,#3508,#3509,#3510,#3511,#3512,
#3513,#3514,#3515,#3516,#3517,#3518,#3519,#3520,#3521,#3522,#3523,#3524,
#3525,#3526,#3527,#3528,#3529,#3530,#3531,#3532,#3533,#3534,#3535,#3536,
#3537,#3538,#3539,#3540,#3541,#3542,#3543,#3544,#3545,#3546,#3547,#3548,
#3549));
#3552=STYLED_ITEM('',(#3554),#3568);
#3553=STYLED_ITEM('',(#3555),#3569);
#3554=PRESENTATION_STYLE_ASSIGNMENT((#3556));
#3555=PRESENTATION_STYLE_ASSIGNMENT((#3557));
#3556=SURFACE_STYLE_USAGE(.BOTH.,#3558);
#3557=SURFACE_STYLE_USAGE(.BOTH.,#3559);
#3558=SURFACE_SIDE_STYLE('',(#3560));
#3559=SURFACE_SIDE_STYLE('',(#3561));
#3560=SURFACE_STYLE_FILL_AREA(#3562);
#3561=SURFACE_STYLE_FILL_AREA(#3563);
#3562=FILL_AREA_STYLE('',(#3564));
#3563=FILL_AREA_STYLE('',(#3565));
#3564=FILL_AREA_STYLE_COLOUR('',#3566);
#3565=FILL_AREA_STYLE_COLOUR('',#3567);
#3566=COLOUR_RGB('',0.647058823529412,0.647058823529412,0.647058823529412);
#3567=COLOUR_RGB('',0.615686274509804,0.811764705882353,0.929411764705882);
#3568=MANIFOLD_SOLID_BREP('Part 2',#3550);
#3569=MANIFOLD_SOLID_BREP('Part 1',#3551);
#3570=SHAPE_DEFINITION_REPRESENTATION(#5868,#3573);
#3571=SHAPE_DEFINITION_REPRESENTATION(#5869,#3574);
#3572=SHAPE_DEFINITION_REPRESENTATION(#5871,#3575);
#3573=SHAPE_REPRESENTATION('Assembly 1',(#3576,#3673,#3869),#5859);
#3574=SHAPE_REPRESENTATION('Part 2',(#3576),#5860);
#3575=SHAPE_REPRESENTATION('Part 1',(#3576),#5861);
#3576=AXIS2_PLACEMENT_3D('',#4846,#3870,#3871);
#3577=AXIS2_PLACEMENT_3D('',#4847,#3872,#3873);
#3578=AXIS2_PLACEMENT_3D('',#4856,#3878,#3879);
#3579=AXIS2_PLACEMENT_3D('',#4865,#3884,#3885);
#3580=AXIS2_PLACEMENT_3D('',#4874,#3890,#3891);
#3581=AXIS2_PLACEMENT_3D('',#4883,#3896,#3897);
#3582=AXIS2_PLACEMENT_3D('',#4897,#3905,#3906);
#3583=AXIS2_PLACEMENT_3D('',#4911,#3914,#3915);
#3584=AXIS2_PLACEMENT_3D('',#4925,#3923,#3924);
#3585=AXIS2_PLACEMENT_3D('',#4933,#3928,#3929);
#3586=AXIS2_PLACEMENT_3D('',#4937,#3931,#3932);
#3587=AXIS2_PLACEMENT_3D('',#4946,#3937,#3938);
#3588=AXIS2_PLACEMENT_3D('',#4955,#3943,#3944);
#3589=AXIS2_PLACEMENT_3D('',#4957,#3946,#3947);
#3590=AXIS2_PLACEMENT_3D('',#4959,#3948,#3949);
#3591=AXIS2_PLACEMENT_3D('',#4961,#3950,#3951);
#3592=AXIS2_PLACEMENT_3D('',#4963,#3952,#3953);
#3593=AXIS2_PLACEMENT_3D('',#4965,#3954,#3955);
#3594=AXIS2_PLACEMENT_3D('',#4967,#3956,#3957);
#3595=AXIS2_PLACEMENT_3D('',#4969,#3958,#3959);
#3596=AXIS2_PLACEMENT_3D('',#4971,#3960,#3961);
#3597=AXIS2_PLACEMENT_3D('',#4973,#3962,#3963);
#3598=AXIS2_PLACEMENT_3D('',#4975,#3964,#3965);
#3599=AXIS2_PLACEMENT_3D('',#4977,#3966,#3967);
#3600=AXIS2_PLACEMENT_3D('',#4979,#3968,#3969);
#3601=AXIS2_PLACEMENT_3D('',#4981,#3970,#3971);
#3602=AXIS2_PLACEMENT_3D('',#4983,#3972,#3973);
#3603=AXIS2_PLACEMENT_3D('',#4985,#3974,#3975);
#3604=AXIS2_PLACEMENT_3D('',#4986,#3976,#3977);
#3605=AXIS2_PLACEMENT_3D('',#4988,#3978,#3979);
#3606=AXIS2_PLACEMENT_3D('',#4990,#3980,#3981);
#3607=AXIS2_PLACEMENT_3D('',#4992,#3982,#3983);
#3608=AXIS2_PLACEMENT_3D('',#4994,#3984,#3985);
#3609=AXIS2_PLACEMENT_3D('',#4996,#3986,#3987);
#3610=AXIS2_PLACEMENT_3D('',#4998,#3988,#3989);
#3611=AXIS2_PLACEMENT_3D('',#5000,#3990,#3991);
#3612=AXIS2_PLACEMENT_3D('',#5002,#3992,#3993);
#3613=AXIS2_PLACEMENT_3D('',#5004,#3994,#3995);
#3614=AXIS2_PLACEMENT_3D('',#5006,#3996,#3997);
#3615=AXIS2_PLACEMENT_3D('',#5008,#3998,#3999);
#3616=AXIS2_PLACEMENT_3D('',#5010,#4000,#4001);
#3617=AXIS2_PLACEMENT_3D('',#5012,#4002,#4003);
#3618=AXIS2_PLACEMENT_3D('',#5014,#4004,#4005);
#3619=AXIS2_PLACEMENT_3D('',#5015,#4006,#4007);
#3620=AXIS2_PLACEMENT_3D('',#5016,#4008,#4009);
#3621=AXIS2_PLACEMENT_3D('',#5017,#4010,#4011);
#3622=AXIS2_PLACEMENT_3D('',#5018,#4012,#4013);
#3623=AXIS2_PLACEMENT_3D('',#5019,#4014,#4015);
#3624=AXIS2_PLACEMENT_3D('',#5020,#4016,#4017);
#3625=AXIS2_PLACEMENT_3D('',#5021,#4018,#4019);
#3626=AXIS2_PLACEMENT_3D('',#5022,#4020,#4021);
#3627=AXIS2_PLACEMENT_3D('',#5023,#4022,#4023);
#3628=AXIS2_PLACEMENT_3D('',#5024,#4024,#4025);
#3629=AXIS2_PLACEMENT_3D('',#5025,#4026,#4027);
#3630=AXIS2_PLACEMENT_3D('',#5026,#4028,#4029);
#3631=AXIS2_PLACEMENT_3D('',#5027,#4030,#4031);
#3632=AXIS2_PLACEMENT_3D('',#5028,#4032,#4033);
#3633=AXIS2_PLACEMENT_3D('',#5029,#4034,#4035);
#3634=AXIS2_PLACEMENT_3D('',#5030,#4036,#4037);
#3635=AXIS2_PLACEMENT_3D('',#5031,#4038,#4039);
#3636=AXIS2_PLACEMENT_3D('',#5032,#4040,#4041);
#3637=AXIS2_PLACEMENT_3D('',#5033,#4042,#4043);
#3638=AXIS2_PLACEMENT_3D('',#5034,#4044,#4045);
#3639=AXIS2_PLACEMENT_3D('',#5035,#4046,#4047);
#3640=AXIS2_PLACEMENT_3D('',#5036,#4048,#4049);
#3641=AXIS2_PLACEMENT_3D('',#5037,#4050,#4051);
#3642=AXIS2_PLACEMENT_3D('',#5038,#4052,#4053);
#3643=AXIS2_PLACEMENT_3D('',#5039,#4054,#4055);
#3644=AXIS2_PLACEMENT_3D('',#5040,#4056,#4057);
#3645=AXIS2_PLACEMENT_3D('',#5043,#4060,#4061);
#3646=AXIS2_PLACEMENT_3D('',#5045,#4063,#4064);
#3647=AXIS2_PLACEMENT_3D('',#5047,#4066,#4067);
#3648=AXIS2_PLACEMENT_3D('',#5049,#4069,#4070);
#3649=AXIS2_PLACEMENT_3D('',#5051,#4072,#4073);
#3650=AXIS2_PLACEMENT_3D('',#5052,#4074,#4075);
#3651=AXIS2_PLACEMENT_3D('',#5054,#4077,#4078);
#3652=AXIS2_PLACEMENT_3D('',#5056,#4080,#4081);
#3653=AXIS2_PLACEMENT_3D('',#5066,#4087,#4088);
#3654=AXIS2_PLACEMENT_3D('',#5076,#4094,#4095);
#3655=AXIS2_PLACEMENT_3D('',#5079,#4098,#4099);
#3656=AXIS2_PLACEMENT_3D('',#5081,#4101,#4102);
#3657=AXIS2_PLACEMENT_3D('',#5083,#4104,#4105);
#3658=AXIS2_PLACEMENT_3D('',#5084,#4106,#4107);
#3659=AXIS2_PLACEMENT_3D('',#5085,#4108,#4109);
#3660=AXIS2_PLACEMENT_3D('',#5095,#4115,#4116);
#3661=AXIS2_PLACEMENT_3D('',#5105,#4122,#4123);
#3662=AXIS2_PLACEMENT_3D('',#5108,#4126,#4127);
#3663=AXIS2_PLACEMENT_3D('',#5110,#4129,#4130);
#3664=AXIS2_PLACEMENT_3D('',#5112,#4132,#4133);
#3665=AXIS2_PLACEMENT_3D('',#5113,#4134,#4135);
#3666=AXIS2_PLACEMENT_3D('',#5114,#4136,#4137);
#3667=AXIS2_PLACEMENT_3D('',#5124,#4143,#4144);
#3668=AXIS2_PLACEMENT_3D('',#5134,#4150,#4151);
#3669=AXIS2_PLACEMENT_3D('',#5137,#4154,#4155);
#3670=AXIS2_PLACEMENT_3D('',#5139,#4157,#4158);
#3671=AXIS2_PLACEMENT_3D('',#5141,#4160,#4161);
#3672=AXIS2_PLACEMENT_3D('',#5142,#4162,#4163);
#3673=AXIS2_PLACEMENT_3D('',#5143,#4164,#4165);
#3674=AXIS2_PLACEMENT_3D('',#5144,#4166,#4167);
#3675=AXIS2_PLACEMENT_3D('',#5161,#4176,#4177);
#3676=AXIS2_PLACEMENT_3D('',#5178,#4186,#4187);
#3677=AXIS2_PLACEMENT_3D('',#5195,#4196,#4197);
#3678=AXIS2_PLACEMENT_3D('',#5201,#4200,#4201);
#3679=AXIS2_PLACEMENT_3D('',#5206,#4204,#4205);
#3680=AXIS2_PLACEMENT_3D('',#5211,#4209,#4210);
#3681=AXIS2_PLACEMENT_3D('',#5212,#4211,#4212);
#3682=AXIS2_PLACEMENT_3D('',#5215,#4214,#4215);
#3683=AXIS2_PLACEMENT_3D('',#5224,#4220,#4221);
#3684=AXIS2_PLACEMENT_3D('',#5235,#4227,#4228);
#3685=AXIS2_PLACEMENT_3D('',#5236,#4229,#4230);
#3686=AXIS2_PLACEMENT_3D('',#5241,#4233,#4234);
#3687=AXIS2_PLACEMENT_3D('',#5244,#4236,#4237);
#3688=AXIS2_PLACEMENT_3D('',#5246,#4239,#4240);
#3689=AXIS2_PLACEMENT_3D('',#5249,#4242,#4243);
#3690=AXIS2_PLACEMENT_3D('',#5254,#4246,#4247);
#3691=AXIS2_PLACEMENT_3D('',#5255,#4248,#4249);
#3692=AXIS2_PLACEMENT_3D('',#5256,#4250,#4251);
#3693=AXIS2_PLACEMENT_3D('',#5260,#4253,#4254);
#3694=AXIS2_PLACEMENT_3D('',#5266,#4257,#4258);
#3695=AXIS2_PLACEMENT_3D('',#5270,#4260,#4261);
#3696=AXIS2_PLACEMENT_3D('',#5271,#4262,#4263);
#3697=AXIS2_PLACEMENT_3D('',#5274,#4265,#4266);
#3698=AXIS2_PLACEMENT_3D('',#5277,#4268,#4269);
#3699=AXIS2_PLACEMENT_3D('',#5278,#4270,#4271);
#3700=AXIS2_PLACEMENT_3D('',#5282,#4273,#4274);
#3701=AXIS2_PLACEMENT_3D('',#5285,#4276,#4277);
#3702=AXIS2_PLACEMENT_3D('',#5294,#4282,#4283);
#3703=AXIS2_PLACEMENT_3D('',#5300,#4287,#4288);
#3704=AXIS2_PLACEMENT_3D('',#5301,#4289,#4290);
#3705=AXIS2_PLACEMENT_3D('',#5310,#4294,#4295);
#3706=AXIS2_PLACEMENT_3D('',#5314,#4297,#4298);
#3707=AXIS2_PLACEMENT_3D('',#5315,#4299,#4300);
#3708=AXIS2_PLACEMENT_3D('',#5316,#4301,#4302);
#3709=AXIS2_PLACEMENT_3D('',#5321,#4305,#4306);
#3710=AXIS2_PLACEMENT_3D('',#5325,#4308,#4309);
#3711=AXIS2_PLACEMENT_3D('',#5329,#4311,#4312);
#3712=AXIS2_PLACEMENT_3D('',#5332,#4314,#4315);
#3713=AXIS2_PLACEMENT_3D('',#5344,#4321,#4322);
#3714=AXIS2_PLACEMENT_3D('',#5348,#4324,#4325);
#3715=AXIS2_PLACEMENT_3D('',#5353,#4328,#4329);
#3716=AXIS2_PLACEMENT_3D('',#5362,#4335,#4336);
#3717=AXIS2_PLACEMENT_3D('',#5366,#4339,#4340);
#3718=AXIS2_PLACEMENT_3D('',#5377,#4347,#4348);
#3719=AXIS2_PLACEMENT_3D('',#5405,#4363,#4364);
#3720=AXIS2_PLACEMENT_3D('',#5409,#4366,#4367);
#3721=AXIS2_PLACEMENT_3D('',#5413,#4369,#4370);
#3722=AXIS2_PLACEMENT_3D('',#5417,#4372,#4373);
#3723=AXIS2_PLACEMENT_3D('',#5418,#4374,#4375);
#3724=AXIS2_PLACEMENT_3D('',#5430,#4381,#4382);
#3725=AXIS2_PLACEMENT_3D('',#5434,#4384,#4385);
#3726=AXIS2_PLACEMENT_3D('',#5438,#4387,#4388);
#3727=AXIS2_PLACEMENT_3D('',#5442,#4390,#4391);
#3728=AXIS2_PLACEMENT_3D('',#5443,#4392,#4393);
#3729=AXIS2_PLACEMENT_3D('',#5492,#4418,#4419);
#3730=AXIS2_PLACEMENT_3D('',#5511,#4430,#4431);
#3731=AXIS2_PLACEMENT_3D('',#5512,#4432,#4433);
#3732=AXIS2_PLACEMENT_3D('',#5523,#4440,#4441);
#3733=AXIS2_PLACEMENT_3D('',#5530,#4446,#4447);
#3734=AXIS2_PLACEMENT_3D('',#5534,#4450,#4451);
#3735=AXIS2_PLACEMENT_3D('',#5536,#4453,#4454);
#3736=AXIS2_PLACEMENT_3D('',#5540,#4457,#4458);
#3737=AXIS2_PLACEMENT_3D('',#5544,#4461,#4462);
#3738=AXIS2_PLACEMENT_3D('',#5548,#4465,#4466);
#3739=AXIS2_PLACEMENT_3D('',#5550,#4468,#4469);
#3740=AXIS2_PLACEMENT_3D('',#5551,#4470,#4471);
#3741=AXIS2_PLACEMENT_3D('',#5561,#4477,#4478);
#3742=AXIS2_PLACEMENT_3D('',#5565,#4481,#4482);
#3743=AXIS2_PLACEMENT_3D('',#5569,#4485,#4486);
#3744=AXIS2_PLACEMENT_3D('',#5573,#4489,#4490);
#3745=AXIS2_PLACEMENT_3D('',#5577,#4493,#4494);
#3746=AXIS2_PLACEMENT_3D('',#5582,#4498,#4499);
#3747=AXIS2_PLACEMENT_3D('',#5583,#4500,#4501);
#3748=AXIS2_PLACEMENT_3D('',#5593,#4507,#4508);
#3749=AXIS2_PLACEMENT_3D('',#5600,#4513,#4514);
#3750=AXIS2_PLACEMENT_3D('',#5604,#4517,#4518);
#3751=AXIS2_PLACEMENT_3D('',#5608,#4521,#4522);
#3752=AXIS2_PLACEMENT_3D('',#5612,#4525,#4526);
#3753=AXIS2_PLACEMENT_3D('',#5614,#4528,#4529);
#3754=AXIS2_PLACEMENT_3D('',#5615,#4530,#4531);
#3755=AXIS2_PLACEMENT_3D('',#5625,#4537,#4538);
#3756=AXIS2_PLACEMENT_3D('',#5629,#4541,#4542);
#3757=AXIS2_PLACEMENT_3D('',#5631,#4544,#4545);
#3758=AXIS2_PLACEMENT_3D('',#5635,#4548,#4549);
#3759=AXIS2_PLACEMENT_3D('',#5639,#4552,#4553);
#3760=AXIS2_PLACEMENT_3D('',#5643,#4556,#4557);
#3761=AXIS2_PLACEMENT_3D('',#5645,#4559,#4560);
#3762=AXIS2_PLACEMENT_3D('',#5646,#4561,#4562);
#3763=AXIS2_PLACEMENT_3D('',#5649,#4565,#4566);
#3764=AXIS2_PLACEMENT_3D('',#5650,#4567,#4568);
#3765=AXIS2_PLACEMENT_3D('',#5656,#4572,#4573);
#3766=AXIS2_PLACEMENT_3D('',#5658,#4575,#4576);
#3767=AXIS2_PLACEMENT_3D('',#5660,#4578,#4579);
#3768=AXIS2_PLACEMENT_3D('',#5664,#4582,#4583);
#3769=AXIS2_PLACEMENT_3D('',#5666,#4585,#4586);
#3770=AXIS2_PLACEMENT_3D('',#5667,#4587,#4588);
#3771=AXIS2_PLACEMENT_3D('',#5671,#4591,#4592);
#3772=AXIS2_PLACEMENT_3D('',#5673,#4594,#4595);
#3773=AXIS2_PLACEMENT_3D('',#5674,#4596,#4597);
#3774=AXIS2_PLACEMENT_3D('',#5680,#4601,#4602);
#3775=AXIS2_PLACEMENT_3D('',#5684,#4604,#4605);
#3776=AXIS2_PLACEMENT_3D('',#5688,#4607,#4608);
#3777=AXIS2_PLACEMENT_3D('',#5692,#4610,#4611);
#3778=AXIS2_PLACEMENT_3D('',#5696,#4613,#4614);
#3779=AXIS2_PLACEMENT_3D('',#5697,#4615,#4616);
#3780=AXIS2_PLACEMENT_3D('',#5706,#4621,#4622);
#3781=AXIS2_PLACEMENT_3D('',#5715,#4627,#4628);
#3782=AXIS2_PLACEMENT_3D('',#5718,#4631,#4632);
#3783=AXIS2_PLACEMENT_3D('',#5721,#4635,#4636);
#3784=AXIS2_PLACEMENT_3D('',#5724,#4639,#4640);
#3785=AXIS2_PLACEMENT_3D('',#5727,#4643,#4644);
#3786=AXIS2_PLACEMENT_3D('',#5730,#4646,#4647);
#3787=AXIS2_PLACEMENT_3D('',#5733,#4650,#4651);
#3788=AXIS2_PLACEMENT_3D('',#5735,#4653,#4654);
#3789=AXIS2_PLACEMENT_3D('',#5736,#4655,#4656);
#3790=AXIS2_PLACEMENT_3D('',#5738,#4658,#4659);
#3791=AXIS2_PLACEMENT_3D('',#5739,#4660,#4661);
#3792=AXIS2_PLACEMENT_3D('',#5742,#4664,#4665);
#3793=AXIS2_PLACEMENT_3D('',#5743,#4666,#4667);
#3794=AXIS2_PLACEMENT_3D('',#5744,#4668,#4669);
#3795=AXIS2_PLACEMENT_3D('',#5745,#4670,#4671);
#3796=AXIS2_PLACEMENT_3D('',#5746,#4672,#4673);
#3797=AXIS2_PLACEMENT_3D('',#5747,#4674,#4675);
#3798=AXIS2_PLACEMENT_3D('',#5748,#4676,#4677);
#3799=AXIS2_PLACEMENT_3D('',#5749,#4678,#4679);
#3800=AXIS2_PLACEMENT_3D('',#5750,#4680,#4681);
#3801=AXIS2_PLACEMENT_3D('',#5751,#4682,#4683);
#3802=AXIS2_PLACEMENT_3D('',#5752,#4684,#4685);
#3803=AXIS2_PLACEMENT_3D('',#5753,#4686,#4687);
#3804=AXIS2_PLACEMENT_3D('',#5754,#4688,#4689);
#3805=AXIS2_PLACEMENT_3D('',#5755,#4690,#4691);
#3806=AXIS2_PLACEMENT_3D('',#5756,#4692,#4693);
#3807=AXIS2_PLACEMENT_3D('',#5757,#4694,#4695);
#3808=AXIS2_PLACEMENT_3D('',#5758,#4696,#4697);
#3809=AXIS2_PLACEMENT_3D('',#5759,#4698,#4699);
#3810=AXIS2_PLACEMENT_3D('',#5760,#4700,#4701);
#3811=AXIS2_PLACEMENT_3D('',#5761,#4702,#4703);
#3812=AXIS2_PLACEMENT_3D('',#5762,#4704,#4705);
#3813=AXIS2_PLACEMENT_3D('',#5763,#4706,#4707);
#3814=AXIS2_PLACEMENT_3D('',#5764,#4708,#4709);
#3815=AXIS2_PLACEMENT_3D('',#5765,#4710,#4711);
#3816=AXIS2_PLACEMENT_3D('',#5766,#4712,#4713);
#3817=AXIS2_PLACEMENT_3D('',#5767,#4714,#4715);
#3818=AXIS2_PLACEMENT_3D('',#5768,#4716,#4717);
#3819=AXIS2_PLACEMENT_3D('',#5769,#4718,#4719);
#3820=AXIS2_PLACEMENT_3D('',#5770,#4720,#4721);
#3821=AXIS2_PLACEMENT_3D('',#5771,#4722,#4723);
#3822=AXIS2_PLACEMENT_3D('',#5772,#4724,#4725);
#3823=AXIS2_PLACEMENT_3D('',#5773,#4726,#4727);
#3824=AXIS2_PLACEMENT_3D('',#5774,#4728,#4729);
#3825=AXIS2_PLACEMENT_3D('',#5775,#4730,#4731);
#3826=AXIS2_PLACEMENT_3D('',#5776,#4732,#4733);
#3827=AXIS2_PLACEMENT_3D('',#5777,#4734,#4735);
#3828=AXIS2_PLACEMENT_3D('',#5778,#4736,#4737);
#3829=AXIS2_PLACEMENT_3D('',#5779,#4738,#4739);
#3830=AXIS2_PLACEMENT_3D('',#5780,#4740,#4741);
#3831=AXIS2_PLACEMENT_3D('',#5781,#4742,#4743);
#3832=AXIS2_PLACEMENT_3D('',#5782,#4744,#4745);
#3833=AXIS2_PLACEMENT_3D('',#5783,#4746,#4747);
#3834=AXIS2_PLACEMENT_3D('',#5784,#4748,#4749);
#3835=AXIS2_PLACEMENT_3D('',#5785,#4750,#4751);
#3836=AXIS2_PLACEMENT_3D('',#5786,#4752,#4753);
#3837=AXIS2_PLACEMENT_3D('',#5787,#4754,#4755);
#3838=AXIS2_PLACEMENT_3D('',#5788,#4756,#4757);
#3839=AXIS2_PLACEMENT_3D('',#5789,#4758,#4759);
#3840=AXIS2_PLACEMENT_3D('',#5790,#4760,#4761);
#3841=AXIS2_PLACEMENT_3D('',#5791,#4762,#4763);
#3842=AXIS2_PLACEMENT_3D('',#5792,#4764,#4765);
#3843=AXIS2_PLACEMENT_3D('',#5793,#4766,#4767);
#3844=AXIS2_PLACEMENT_3D('',#5794,#4768,#4769);
#3845=AXIS2_PLACEMENT_3D('',#5795,#4770,#4771);
#3846=AXIS2_PLACEMENT_3D('',#5796,#4772,#4773);
#3847=AXIS2_PLACEMENT_3D('',#5797,#4774,#4775);
#3848=AXIS2_PLACEMENT_3D('',#5798,#4776,#4777);
#3849=AXIS2_PLACEMENT_3D('',#5799,#4778,#4779);
#3850=AXIS2_PLACEMENT_3D('',#5800,#4780,#4781);
#3851=AXIS2_PLACEMENT_3D('',#5801,#4782,#4783);
#3852=AXIS2_PLACEMENT_3D('',#5802,#4784,#4785);
#3853=AXIS2_PLACEMENT_3D('',#5804,#4787,#4788);
#3854=AXIS2_PLACEMENT_3D('',#5806,#4790,#4791);
#3855=AXIS2_PLACEMENT_3D('',#5812,#4795,#4796);
#3856=AXIS2_PLACEMENT_3D('',#5818,#4800,#4801);
#3857=AXIS2_PLACEMENT_3D('',#5824,#4805,#4806);
#3858=AXIS2_PLACEMENT_3D('',#5830,#4810,#4811);
#3859=AXIS2_PLACEMENT_3D('',#5836,#4815,#4816);
#3860=AXIS2_PLACEMENT_3D('',#5842,#4820,#4821);
#3861=AXIS2_PLACEMENT_3D('',#5844,#4823,#4824);
#3862=AXIS2_PLACEMENT_3D('',#5846,#4826,#4827);
#3863=AXIS2_PLACEMENT_3D('',#5847,#4828,#4829);
#3864=AXIS2_PLACEMENT_3D('',#5849,#4831,#4832);
#3865=AXIS2_PLACEMENT_3D('',#5851,#4834,#4835);
#3866=AXIS2_PLACEMENT_3D('',#5852,#4836,#4837);
#3867=AXIS2_PLACEMENT_3D('',#5854,#4839,#4840);
#3868=AXIS2_PLACEMENT_3D('',#5856,#4842,#4843);
#3869=AXIS2_PLACEMENT_3D('',#5857,#4844,#4845);
#3870=DIRECTION('',(0.,0.,1.));
#3871=DIRECTION('',(1.,0.,0.));
#3872=DIRECTION('',(-0.707106781186548,5.1003523216079E-17,-0.707106781186548));
#3873=DIRECTION('',(7.21298742609899E-17,1.,0.));
#3874=DIRECTION('',(-7.21298742609899E-17,-1.,0.));
#3875=DIRECTION('',(0.707106781186548,1.02325818452258E-16,-0.707106781186548));
#3876=DIRECTION('',(7.21298742609899E-17,1.,0.));
#3877=DIRECTION('',(0.707106781186543,0.,-0.707106781186552));
#3878=DIRECTION('',(-1.02007046432158E-16,-0.707106781186548,-0.707106781186548));
#3879=DIRECTION('',(-1.,1.4425974852198E-16,0.));
#3880=DIRECTION('',(1.,-1.4425974852198E-16,0.));
#3881=DIRECTION('',(-5.90280156404838E-17,0.707106781186548,-0.707106781186548));
#3882=DIRECTION('',(-1.,1.4425974852198E-16,0.));
#3883=DIRECTION('',(0.,0.707106781186548,-0.707106781186548));
#3884=DIRECTION('',(-0.707106781186548,5.1003523216079E-17,0.707106781186548));
#3885=DIRECTION('',(-7.21298742609899E-17,-1.,0.));
#3886=DIRECTION('',(7.21298742609899E-17,1.,0.));
#3887=DIRECTION('',(0.707106781186548,1.57302128287092E-17,0.707106781186548));
#3888=DIRECTION('',(-7.21298742609899E-17,-1.,0.));
#3889=DIRECTION('',(0.707106781186548,0.,0.707106781186548));
#3890=DIRECTION('',(-1.4425974852198E-16,-1.,0.));
#3891=DIRECTION('',(1.,-1.4425974852198E-16,0.));
#3892=DIRECTION('',(0.,0.,1.));
#3893=DIRECTION('',(-1.,1.4425974852198E-16,0.));
#3894=DIRECTION('',(0.,0.,1.));
#3895=DIRECTION('',(1.,-1.4425974852198E-16,0.));
#3896=DIRECTION('',(-1.,7.21298742609899E-17,0.));
#3897=DIRECTION('',(-7.21298742609899E-17,-1.,0.));
#3898=DIRECTION('',(0.,0.,1.));
#3899=DIRECTION('',(-7.21298742609899E-17,-1.,0.));
#3900=DIRECTION('',(1.56406732749743E-32,2.16840434497101E-16,-1.));
#3901=DIRECTION('',(-7.21298742609899E-17,-1.,-2.16840434497101E-16));
#3902=DIRECTION('',(1.56406732749743E-32,2.16840434497101E-16,-1.));
#3903=DIRECTION('',(0.,0.,1.));
#3904=DIRECTION('',(-7.21298742609899E-17,-1.,0.));
#3905=DIRECTION('',(-1.4425974852198E-16,-1.,0.));
#3906=DIRECTION('',(1.,-1.4425974852198E-16,0.));
#3907=DIRECTION('',(0.,0.,1.));
#3908=DIRECTION('',(1.,-1.4425974852198E-16,0.));
#3909=DIRECTION('',(-2.16840434497101E-16,2.89183204766041E-32,-1.));
#3910=DIRECTION('',(1.,-1.33362214218358E-16,-2.16840434497101E-16));
#3911=DIRECTION('',(-2.16840434497101E-16,2.89183204766041E-32,-1.));
#3912=DIRECTION('',(0.,0.,1.));
#3913=DIRECTION('',(1.,-1.4425974852198E-16,0.));
#3914=DIRECTION('',(-1.,7.21298742609899E-17,0.));
#3915=DIRECTION('',(-7.21298742609899E-17,-1.,0.));
#3916=DIRECTION('',(0.,0.,1.));
#3917=DIRECTION('',(7.21298742609899E-17,1.,0.));
#3918=DIRECTION('',(-4.21959676782339E-32,-2.16840434497101E-16,-1.));
#3919=DIRECTION('',(1.94594554175725E-16,1.,-2.16840434497101E-16));
#3920=DIRECTION('',(-4.21959676782339E-32,-2.16840434497101E-16,-1.));
#3921=DIRECTION('',(0.,0.,1.));
#3922=DIRECTION('',(-7.21298742609899E-17,-1.,0.));
#3923=DIRECTION('',(0.,0.,1.));
#3924=DIRECTION('',(1.,0.,0.));
#3925=DIRECTION('',(-7.21298742609899E-17,-1.,-2.16840434497101E-16));
#3926=DIRECTION('',(-1.,7.21298742609899E-17,0.));
#3927=DIRECTION('',(7.21298742609899E-17,1.,0.));
#3928=DIRECTION('',(0.,0.,1.));
#3929=DIRECTION('',(1.,0.,0.));
#3930=DIRECTION('',(1.,-1.4425974852198E-16,0.));
#3931=DIRECTION('',(0.,0.,1.));
#3932=DIRECTION('',(1.,0.,0.));
#3933=DIRECTION('',(1.,-1.94594554175725E-16,0.));
#3934=DIRECTION('',(1.94594554175725E-16,1.,-2.16840434497101E-16));
#3935=DIRECTION('',(1.,-1.94594554175725E-16,0.));
#3936=DIRECTION('',(-7.21298742609899E-17,-1.,0.));
#3937=DIRECTION('',(0.,0.,1.));
#3938=DIRECTION('',(1.,0.,0.));
#3939=DIRECTION('',(-1.33362214218358E-16,-1.,0.));
#3940=DIRECTION('',(1.,-1.33362214218358E-16,-2.16840434497101E-16));
#3941=DIRECTION('',(-1.33362214218358E-16,-1.,0.));
#3942=DIRECTION('',(-1.,1.4425974852198E-16,0.));
#3943=DIRECTION('',(0.,0.,1.));
#3944=DIRECTION('',(1.,0.,0.));
#3945=DIRECTION('',(-1.,7.21298742609899E-17,0.));
#3946=DIRECTION('',(0.,0.,1.));
#3947=DIRECTION('',(1.,0.,0.));
#3948=DIRECTION('',(0.,0.,1.));
#3949=DIRECTION('',(1.,0.,0.));
#3950=DIRECTION('',(0.,0.,1.));
#3951=DIRECTION('',(1.,0.,0.));
#3952=DIRECTION('',(0.,0.,1.));
#3953=DIRECTION('',(1.,0.,0.));
#3954=DIRECTION('',(0.,0.,1.));
#3955=DIRECTION('',(1.,0.,0.));
#3956=DIRECTION('',(0.,0.,1.));
#3957=DIRECTION('',(1.,0.,0.));
#3958=DIRECTION('',(0.,0.,1.));
#3959=DIRECTION('',(1.,0.,0.));
#3960=DIRECTION('',(0.,0.,1.));
#3961=DIRECTION('',(1.,0.,0.));
#3962=DIRECTION('',(0.,0.,1.));
#3963=DIRECTION('',(1.,0.,0.));
#3964=DIRECTION('',(0.,0.,1.));
#3965=DIRECTION('',(1.,0.,0.));
#3966=DIRECTION('',(0.,0.,1.));
#3967=DIRECTION('',(1.,0.,0.));
#3968=DIRECTION('',(0.,0.,1.));
#3969=DIRECTION('',(1.,0.,0.));
#3970=DIRECTION('',(0.,0.,1.));
#3971=DIRECTION('',(1.,0.,0.));
#3972=DIRECTION('',(0.,0.,1.));
#3973=DIRECTION('',(1.,0.,0.));
#3974=DIRECTION('',(0.,0.,1.));
#3975=DIRECTION('',(1.,0.,0.));
#3976=DIRECTION('',(0.,0.,1.));
#3977=DIRECTION('',(1.,0.,0.));
#3978=DIRECTION('',(0.,0.,1.));
#3979=DIRECTION('',(1.,0.,0.));
#3980=DIRECTION('',(0.,0.,1.));
#3981=DIRECTION('',(1.,0.,0.));
#3982=DIRECTION('',(0.,0.,1.));
#3983=DIRECTION('',(1.,0.,0.));
#3984=DIRECTION('',(0.,0.,1.));
#3985=DIRECTION('',(1.,0.,0.));
#3986=DIRECTION('',(0.,0.,1.));
#3987=DIRECTION('',(1.,0.,0.));
#3988=DIRECTION('',(0.,0.,1.));
#3989=DIRECTION('',(1.,0.,0.));
#3990=DIRECTION('',(0.,0.,1.));
#3991=DIRECTION('',(1.,0.,0.));
#3992=DIRECTION('',(0.,0.,1.));
#3993=DIRECTION('',(1.,0.,0.));
#3994=DIRECTION('',(0.,0.,1.));
#3995=DIRECTION('',(1.,0.,0.));
#3996=DIRECTION('',(0.,0.,1.));
#3997=DIRECTION('',(1.,0.,0.));
#3998=DIRECTION('',(0.,0.,1.));
#3999=DIRECTION('',(1.,0.,0.));
#4000=DIRECTION('',(0.,0.,1.));
#4001=DIRECTION('',(1.,0.,0.));
#4002=DIRECTION('',(0.,0.,1.));
#4003=DIRECTION('',(1.,0.,0.));
#4004=DIRECTION('',(0.,0.,1.));
#4005=DIRECTION('',(1.,0.,0.));
#4006=DIRECTION('',(0.,0.,1.));
#4007=DIRECTION('',(1.,0.,0.));
#4008=DIRECTION('',(0.,0.,1.));
#4009=DIRECTION('',(1.,0.,0.));
#4010=DIRECTION('',(0.,0.,1.));
#4011=DIRECTION('',(1.,0.,0.));
#4012=DIRECTION('',(0.,0.,1.));
#4013=DIRECTION('',(1.,0.,0.));
#4014=DIRECTION('',(0.,0.,1.));
#4015=DIRECTION('',(1.,0.,0.));
#4016=DIRECTION('',(0.,0.,1.));
#4017=DIRECTION('',(1.,0.,0.));
#4018=DIRECTION('',(0.,0.,1.));
#4019=DIRECTION('',(1.,0.,0.));
#4020=DIRECTION('',(0.,0.,1.));
#4021=DIRECTION('',(1.,0.,0.));
#4022=DIRECTION('',(0.,0.,1.));
#4023=DIRECTION('',(1.,0.,0.));
#4024=DIRECTION('',(0.,0.,1.));
#4025=DIRECTION('',(1.,0.,0.));
#4026=DIRECTION('',(0.,0.,1.));
#4027=DIRECTION('',(1.,0.,0.));
#4028=DIRECTION('',(0.,0.,1.));
#4029=DIRECTION('',(1.,0.,0.));
#4030=DIRECTION('',(0.,0.,1.));
#4031=DIRECTION('',(1.,0.,0.));
#4032=DIRECTION('',(0.,0.,1.));
#4033=DIRECTION('',(1.,0.,0.));
#4034=DIRECTION('',(0.,0.,1.));
#4035=DIRECTION('',(1.,0.,0.));
#4036=DIRECTION('',(0.,0.,1.));
#4037=DIRECTION('',(1.,0.,0.));
#4038=DIRECTION('',(0.,0.,1.));
#4039=DIRECTION('',(1.,0.,0.));
#4040=DIRECTION('',(0.,0.,-1.));
#4041=DIRECTION('',(-1.,0.,0.));
#4042=DIRECTION('',(0.,0.,1.));
#4043=DIRECTION('',(1.,0.,0.));
#4044=DIRECTION('',(0.,0.,-1.));
#4045=DIRECTION('',(-1.,0.,0.));
#4046=DIRECTION('',(0.,0.,1.));
#4047=DIRECTION('',(1.,0.,0.));
#4048=DIRECTION('',(0.,0.,1.));
#4049=DIRECTION('',(1.,0.,0.));
#4050=DIRECTION('',(0.,0.,1.));
#4051=DIRECTION('',(1.,0.,0.));
#4052=DIRECTION('',(0.,0.,1.));
#4053=DIRECTION('',(1.,0.,0.));
#4054=DIRECTION('',(0.,0.,1.));
#4055=DIRECTION('',(1.,0.,0.));
#4056=DIRECTION('',(-0.707106781186548,5.1003523216079E-17,-0.707106781186548));
#4057=DIRECTION('',(7.21298742609899E-17,1.,0.));
#4058=DIRECTION('',(0.707106781186548,1.02325818452258E-16,-0.707106781186548));
#4059=DIRECTION('',(-0.707106781186548,0.,0.707106781186548));
#4060=DIRECTION('',(0.,0.,1.));
#4061=DIRECTION('',(1.,0.,0.));
#4062=DIRECTION('',(0.,0.707106781186548,0.707106781186548));
#4063=DIRECTION('',(0.,0.,1.));
#4064=DIRECTION('',(1.,0.,0.));
#4065=DIRECTION('',(0.,0.707106781186548,-0.707106781186548));
#4066=DIRECTION('',(-1.02007046432158E-16,-0.707106781186548,0.707106781186548));
#4067=DIRECTION('',(1.,-1.4425974852198E-16,0.));
#4068=DIRECTION('',(0.,0.707106781186548,0.707106781186548));
#4069=DIRECTION('',(-1.02007046432158E-16,-0.707106781186548,-0.707106781186548));
#4070=DIRECTION('',(-1.,1.4425974852198E-16,0.));
#4071=DIRECTION('',(-5.90280156404838E-17,0.707106781186548,-0.707106781186548));
#4072=DIRECTION('',(0.,0.,1.));
#4073=DIRECTION('',(1.,0.,0.));
#4074=DIRECTION('',(0.,0.,1.));
#4075=DIRECTION('',(1.,0.,0.));
#4076=DIRECTION('',(-0.707106781186548,0.,-0.707106781186548));
#4077=DIRECTION('',(-0.707106781186548,5.1003523216079E-17,0.707106781186548));
#4078=DIRECTION('',(-7.21298742609899E-17,-1.,0.));
#4079=DIRECTION('',(0.707106781186548,1.57302128287092E-17,0.707106781186548));
#4080=DIRECTION('',(-1.94594554175725E-16,-1.,2.16840434497101E-16));
#4081=DIRECTION('',(2.65552944032596E-32,2.16840434497101E-16,1.));
#4082=DIRECTION('',(-0.5,2.85086601930008E-16,0.866025403784438));
#4083=DIRECTION('',(-4.21959676782339E-32,-2.16840434497101E-16,-1.));
#4084=DIRECTION('',(1.,-1.94594554175725E-16,0.));
#4085=DIRECTION('',(-0.2205414540288,-1.68585137155956E-16,-0.975377602293011));
#4086=DIRECTION('',(0.866025403784435,-2.76944044602837E-16,-0.500000000000007));
#4087=DIRECTION('',(-1.94594554175725E-16,-1.,2.16840434497101E-16));
#4088=DIRECTION('',(2.65552944032596E-32,2.16840434497101E-16,1.));
#4089=DIRECTION('',(-0.5,2.85086601930008E-16,0.866025403784438));
#4090=DIRECTION('',(0.866025403784435,-2.76944044602837E-16,-0.500000000000007));
#4091=DIRECTION('',(-0.2205414540288,-1.68585137155956E-16,-0.975377602293011));
#4092=DIRECTION('',(1.,-1.94594554175725E-16,0.));
#4093=DIRECTION('',(-4.21959676782339E-32,-2.16840434497101E-16,-1.));
#4094=DIRECTION('',(0.,0.,-1.));
#4095=DIRECTION('',(1.,-1.22464679914735E-16,0.));
#4096=DIRECTION('',(1.94594554175725E-16,1.,0.));
#4097=DIRECTION('',(1.94594554175725E-16,1.,0.));
#4098=DIRECTION('',(1.,-1.94594554175725E-16,0.));
#4099=DIRECTION('',(1.94594554175725E-16,1.,0.));
#4100=DIRECTION('',(1.94594554175725E-16,1.,-2.16840434497101E-16));
#4101=DIRECTION('',(0.500000000000007,9.04920477542801E-17,0.866025403784435));
#4102=DIRECTION('',(-0.866025403784435,1.0605752387249E-16,0.500000000000007));
#4103=DIRECTION('',(1.94594554175725E-16,1.,-2.16840434497101E-16));
#4104=DIRECTION('',(0.975377602293011,-2.37625474387423E-16,-0.2205414540288));
#4105=DIRECTION('',(0.2205414540288,-2.70085385755673E-17,0.975377602293011));
#4106=DIRECTION('',(-0.866025403784438,6.01036101057346E-17,-0.5));
#4107=DIRECTION('',(0.5,-6.12323399573678E-17,-0.866025403784438));
#4108=DIRECTION('',(-1.,1.33362214218358E-16,2.16840434497101E-16));
#4109=DIRECTION('',(2.16840434497101E-16,-1.32776472016298E-32,1.));
#4110=DIRECTION('',(2.54470431951324E-16,0.5,0.866025403784438));
#4111=DIRECTION('',(-2.16840434497101E-16,2.89183204766041E-32,-1.));
#4112=DIRECTION('',(-1.33362214218358E-16,-1.,0.));
#4113=DIRECTION('',(-1.8208940644374E-16,0.2205414540288,-0.975377602293011));
#4114=DIRECTION('',(-2.23915282666592E-16,-0.866025403784435,-0.500000000000007));
#4115=DIRECTION('',(-1.,1.33362214218358E-16,2.16840434497101E-16));
#4116=DIRECTION('',(2.16840434497101E-16,-1.32776472016298E-32,1.));
#4117=DIRECTION('',(2.54470431951324E-16,0.5,0.866025403784438));
#4118=DIRECTION('',(-2.23915282666592E-16,-0.866025403784435,-0.500000000000007));
#4119=DIRECTION('',(-1.8208940644374E-16,0.2205414540288,-0.975377602293011));
#4120=DIRECTION('',(-1.33362214218358E-16,-1.,0.));
#4121=DIRECTION('',(-2.16840434497101E-16,2.89183204766041E-32,-1.));
#4122=DIRECTION('',(0.,0.,-1.));
#4123=DIRECTION('',(-6.12323399573677E-17,-1.,0.));
#4124=DIRECTION('',(1.,-1.33362214218358E-16,0.));
#4125=DIRECTION('',(1.,-1.33362214218358E-16,0.));
#4126=DIRECTION('',(-1.33362214218358E-16,-1.,0.));
#4127=DIRECTION('',(1.,-1.33362214218358E-16,0.));
#4128=DIRECTION('',(1.,-1.33362214218358E-16,-2.16840434497101E-16));
#4129=DIRECTION('',(1.21108217732964E-16,-0.500000000000007,0.866025403784435));
#4130=DIRECTION('',(5.30287619362451E-17,0.866025403784435,0.500000000000007));
#4131=DIRECTION('',(1.,-1.33362214218358E-16,-2.16840434497101E-16));
#4132=DIRECTION('',(-1.77900821457016E-16,-0.975377602293011,-0.2205414540288));
#4133=DIRECTION('',(-1.35042692877837E-17,-0.2205414540288,0.975377602293011));
#4134=DIRECTION('',(7.07484816948923E-18,0.866025403784438,-0.5));
#4135=DIRECTION('',(-3.06161699786839E-17,-0.5,-0.866025403784438));
#4136=DIRECTION('',(7.21298742609899E-17,1.,2.16840434497101E-16));
#4137=DIRECTION('',(0.,-2.16840434497101E-16,1.));
#4138=DIRECTION('',(0.5,-2.2385426197264E-16,0.866025403784438));
#4139=DIRECTION('',(1.56406732749743E-32,2.16840434497101E-16,-1.));
#4140=DIRECTION('',(-1.,7.21298742609899E-17,0.));
#4141=DIRECTION('',(0.2205414540288,1.95593675731523E-16,-0.975377602293011));
#4142=DIRECTION('',(-0.866025403784435,1.70886520730346E-16,-0.500000000000007));
#4143=DIRECTION('',(7.21298742609899E-17,1.,2.16840434497101E-16));
#4144=DIRECTION('',(0.,-2.16840434497101E-16,1.));
#4145=DIRECTION('',(0.5,-2.2385426197264E-16,0.866025403784438));
#4146=DIRECTION('',(-0.866025403784435,1.70886520730346E-16,-0.500000000000007));
#4147=DIRECTION('',(0.2205414540288,1.95593675731523E-16,-0.975377602293011));
#4148=DIRECTION('',(-1.,7.21298742609899E-17,0.));
#4149=DIRECTION('',(1.56406732749743E-32,2.16840434497101E-16,-1.));
#4150=DIRECTION('',(0.,0.,-1.));
#4151=DIRECTION('',(-1.,0.,0.));
#4152=DIRECTION('',(-7.21298742609899E-17,-1.,0.));
#4153=DIRECTION('',(-7.21298742609899E-17,-1.,0.));
#4154=DIRECTION('',(-1.,7.21298742609899E-17,0.));
#4155=DIRECTION('',(-7.21298742609899E-17,-1.,0.));
#4156=DIRECTION('',(-7.21298742609899E-17,-1.,-2.16840434497101E-16));
#4157=DIRECTION('',(-0.500000000000007,-1.51724387711648E-16,0.866025403784435));
#4158=DIRECTION('',(0.866025403784435,0.,0.500000000000007));
#4159=DIRECTION('',(-7.21298742609899E-17,-1.,-2.16840434497101E-16));
#4160=DIRECTION('',(-0.975377602293011,1.18176168526608E-16,-0.2205414540288));
#4161=DIRECTION('',(-0.2205414540288,0.,0.975377602293011));
#4162=DIRECTION('',(0.866025403784438,4.59539137667561E-17,-0.5));
#4163=DIRECTION('',(-0.5,0.,-0.866025403784438));
#4164=DIRECTION('',(0.,-7.21644966006352E-16,-1.));
#4165=DIRECTION('',(1.,0.,0.));
#4166=DIRECTION('',(1.,-1.44560289664734E-16,0.));
#4167=DIRECTION('',(1.44560289664734E-16,1.,0.));
#4168=DIRECTION('',(0.,0.,1.));
#4169=DIRECTION('',(-6.12323399573677E-17,1.,0.));
#4170=DIRECTION('',(0.,0.,1.));
#4171=DIRECTION('',(1.44560289664734E-16,1.,0.));
#4172=DIRECTION('',(0.,0.,-1.));
#4173=DIRECTION('',(-1.44560289664734E-16,-1.,0.));
#4174=DIRECTION('',(0.,0.,-1.));
#4175=DIRECTION('',(1.44560289664734E-16,1.,0.));
#4176=DIRECTION('',(1.,-1.44560289664734E-16,0.));
#4177=DIRECTION('',(1.44560289664734E-16,1.,0.));
#4178=DIRECTION('',(-6.12323399573677E-17,-1.,0.));
#4179=DIRECTION('',(0.,0.,1.));
#4180=DIRECTION('',(0.,1.,0.));
#4181=DIRECTION('',(0.,0.,-1.));
#4182=DIRECTION('',(-1.44560289664734E-16,-1.,0.));
#4183=DIRECTION('',(0.,0.,-1.));
#4184=DIRECTION('',(0.,1.,0.));
#4185=DIRECTION('',(0.,0.,1.));
#4186=DIRECTION('',(0.,1.,0.));
#4187=DIRECTION('',(0.,0.,1.));
#4188=DIRECTION('',(0.,0.,1.));
#4189=DIRECTION('',(-1.,0.,0.));
#4190=DIRECTION('',(0.,0.,1.));
#4191=DIRECTION('',(1.,-1.44560289664734E-16,0.));
#4192=DIRECTION('',(0.,0.,-1.));
#4193=DIRECTION('',(1.,0.,0.));
#4194=DIRECTION('',(0.,0.,-1.));
#4195=DIRECTION('',(1.,-1.44560289664734E-16,0.));
#4196=DIRECTION('',(-1.39634517242995E-16,-0.965925826289068,0.258819045102521));
#4197=DIRECTION('',(0.,-0.258819045102521,-0.965925826289068));
#4198=DIRECTION('',(1.1224486839231E-16,0.258819045102521,0.965925826289068));
#4199=DIRECTION('',(1.,-1.44560289664734E-16,0.));
#4200=DIRECTION('',(-1.39634517242995E-16,-0.965925826289068,0.258819045102521));
#4201=DIRECTION('',(3.74149561307702E-17,0.258819045102521,0.965925826289068));
#4202=DIRECTION('',(-0.250562807085731,-0.250562807085731,-0.93511312653103));
#4203=DIRECTION('',(1.,-1.44560289664734E-16,0.));
#4204=DIRECTION('',(0.,0.,1.));
#4205=DIRECTION('',(1.,0.,0.));
#4206=DIRECTION('',(4.33680868994202E-16,1.,0.));
#4207=DIRECTION('',(0.,1.,0.));
#4208=DIRECTION('',(1.,-6.17377888866304E-16,0.));
#4209=DIRECTION('',(0.,0.,-1.));
#4210=DIRECTION('',(-1.,0.,0.));
#4211=DIRECTION('',(0.,0.,1.));
#4212=DIRECTION('',(1.,0.,0.));
#4213=DIRECTION('',(4.33680868994202E-16,1.,0.));
#4214=DIRECTION('',(0.,0.,-1.));
#4215=DIRECTION('',(-1.,0.,0.));
#4216=DIRECTION('',(-1.44560289664734E-16,-1.,0.));
#4217=DIRECTION('',(-1.,2.49983849122099E-16,0.));
#4218=DIRECTION('',(0.,1.,0.));
#4219=DIRECTION('',(1.,-1.44560289664734E-16,0.));
#4220=DIRECTION('',(0.,0.,1.));
#4221=DIRECTION('',(1.,0.,0.));
#4222=DIRECTION('',(1.,-6.17377888866304E-16,0.));
#4223=DIRECTION('',(0.,1.,0.));
#4224=DIRECTION('',(1.,-1.44560289664734E-16,0.));
#4225=DIRECTION('',(0.,1.,0.));
#4226=DIRECTION('',(1.,-1.44560289664734E-16,0.));
#4227=DIRECTION('',(0.,0.,1.));
#4228=DIRECTION('',(1.,0.,0.));
#4229=DIRECTION('',(-0.965925826289068,0.,0.25881904510252));
#4230=DIRECTION('',(0.25881904510252,0.,0.965925826289069));
#4231=DIRECTION('',(0.25881904510252,-1.59789155663786E-16,0.965925826289069));
#4232=DIRECTION('',(0.,1.,0.));
#4233=DIRECTION('',(-0.965925826289068,0.,0.25881904510252));
#4234=DIRECTION('',(-0.25881904510252,0.,-0.965925826289068));
#4235=DIRECTION('',(-0.250562807085731,0.250562807085731,-0.93511312653103));
#4236=DIRECTION('',(-0.965925826289068,0.,-0.25881904510252));
#4237=DIRECTION('',(-0.25881904510252,0.,0.965925826289069));
#4238=DIRECTION('',(0.25881904510252,-6.4700581120834E-17,-0.965925826289069));
#4239=DIRECTION('',(-0.965925826289068,0.,-0.25881904510252));
#4240=DIRECTION('',(0.25881904510252,0.,-0.965925826289068));
#4241=DIRECTION('',(0.250562807085731,-0.250562807085731,-0.93511312653103));
#4242=DIRECTION('',(-1.39634517242995E-16,-0.965925826289068,0.258819045102521));
#4243=DIRECTION('',(0.,-0.258819045102521,-0.965925826289068));
#4244=DIRECTION('',(1.,-1.44560289664734E-16,0.));
#4245=DIRECTION('',(1.1224486839231E-16,0.258819045102521,0.965925826289068));
#4246=DIRECTION('',(-1.39634517242995E-16,-0.965925826289068,0.258819045102521));
#4247=DIRECTION('',(-3.74149561307702E-17,-0.258819045102521,-0.965925826289068));
#4248=DIRECTION('',(-1.39634517242995E-16,-0.965925826289068,-0.258819045102521));
#4249=DIRECTION('',(0.,0.258819045102521,-0.965925826289068));
#4250=DIRECTION('',(-1.39634517242995E-16,-0.965925826289068,-0.258819045102521));
#4251=DIRECTION('',(3.74149561307702E-17,0.258819045102521,-0.965925826289068));
#4252=DIRECTION('',(1.,-1.44560289664734E-16,0.));
#4253=DIRECTION('',(-1.39634517242995E-16,-0.965925826289068,-0.258819045102521));
#4254=DIRECTION('',(-3.74149561307702E-17,-0.258819045102521,0.965925826289068));
#4255=DIRECTION('',(0.250562807085731,0.250562807085731,-0.93511312653103));
#4256=DIRECTION('',(1.,-1.44560289664734E-16,0.));
#4257=DIRECTION('',(-1.39634517242995E-16,-0.965925826289068,-0.258819045102521));
#4258=DIRECTION('',(5.21123112841211E-16,-0.258819045102521,0.965925826289068));
#4259=DIRECTION('',(1.,-1.44560289664734E-16,0.));
#4260=DIRECTION('',(-1.39634517242995E-16,-0.965925826289068,-0.258819045102521));
#4261=DIRECTION('',(-5.21123112841211E-16,0.258819045102521,-0.965925826289068));
#4262=DIRECTION('',(0.,0.,-1.));
#4263=DIRECTION('',(-1.,0.,0.));
#4264=DIRECTION('',(0.,0.,-1.));
#4265=DIRECTION('',(0.,0.,1.));
#4266=DIRECTION('',(1.,0.,0.));
#4267=DIRECTION('',(0.,0.,-1.));
#4268=DIRECTION('',(0.,0.,1.));
#4269=DIRECTION('',(1.,0.,0.));
#4270=DIRECTION('',(-0.965925826289068,0.,0.25881904510252));
#4271=DIRECTION('',(0.25881904510252,0.,0.965925826289068));
#4272=DIRECTION('',(0.,0.,-1.));
#4273=DIRECTION('',(0.,0.,1.));
#4274=DIRECTION('',(1.,0.,0.));
#4275=DIRECTION('',(0.,0.,-1.));
#4276=DIRECTION('',(0.,0.,1.));
#4277=DIRECTION('',(1.,0.,0.));
#4278=DIRECTION('',(0.,1.,0.));
#4279=DIRECTION('',(1.,0.,0.));
#4280=DIRECTION('',(0.,1.,0.));
#4281=DIRECTION('',(1.,0.,0.));
#4282=DIRECTION('',(0.,1.,0.));
#4283=DIRECTION('',(0.,0.,1.));
#4284=DIRECTION('',(1.,0.,0.));
#4285=DIRECTION('',(0.,0.,-1.));
#4286=DIRECTION('',(0.,0.,-1.));
#4287=DIRECTION('',(0.,0.,1.));
#4288=DIRECTION('',(1.,0.,0.));
#4289=DIRECTION('',(0.,0.,1.));
#4290=DIRECTION('',(1.,0.,0.));
#4291=DIRECTION('',(1.,0.,0.));
#4292=DIRECTION('',(0.,1.,0.));
#4293=DIRECTION('',(1.,0.,0.));
#4294=DIRECTION('',(0.,0.,1.));
#4295=DIRECTION('',(1.,0.,0.));
#4296=DIRECTION('',(-1.44560289664734E-16,-1.,0.));
#4297=DIRECTION('',(0.,0.,1.));
#4298=DIRECTION('',(1.,0.,0.));
#4299=DIRECTION('',(0.,0.,1.));
#4300=DIRECTION('',(1.,0.,0.));
#4301=DIRECTION('',(0.,0.,1.));
#4302=DIRECTION('',(1.,0.,0.));
#4303=DIRECTION('',(0.,1.,0.));
#4304=DIRECTION('',(1.,0.,0.));
#4305=DIRECTION('',(0.,0.,1.));
#4306=DIRECTION('',(1.,0.,0.));
#4307=DIRECTION('',(-1.38777878078145E-16,-1.,0.));
#4308=DIRECTION('',(0.,0.,1.));
#4309=DIRECTION('',(1.,0.,0.));
#4310=DIRECTION('',(1.,0.,0.));
#4311=DIRECTION('',(0.,0.,1.));
#4312=DIRECTION('',(1.,0.,0.));
#4313=DIRECTION('',(-1.38777878078145E-16,-1.,0.));
#4314=DIRECTION('',(0.,-1.,0.));
#4315=DIRECTION('',(0.,0.,-1.));
#4316=DIRECTION('',(0.,0.,1.));
#4317=DIRECTION('',(1.,0.,0.));
#4318=DIRECTION('',(0.,0.,1.));
#4319=DIRECTION('',(1.,0.,0.));
#4320=DIRECTION('',(0.,0.,-1.));
#4321=DIRECTION('',(0.,-1.,0.));
#4322=DIRECTION('',(0.,0.,-1.));
#4323=DIRECTION('',(-1.,0.,0.));
#4324=DIRECTION('',(0.,-1.,0.));
#4325=DIRECTION('',(0.,0.,-1.));
#4326=DIRECTION('',(0.,0.,-1.));
#4327=DIRECTION('',(1.,0.,0.));
#4328=DIRECTION('',(1.,-1.44560289664734E-16,0.));
#4329=DIRECTION('',(1.44560289664734E-16,1.,0.));
#4330=DIRECTION('',(-6.12323399573677E-17,1.,0.));
#4331=DIRECTION('',(0.,0.,1.));
#4332=DIRECTION('',(0.,1.,0.));
#4333=DIRECTION('',(-1.44560289664734E-16,-1.,0.));
#4334=DIRECTION('',(0.,0.,1.));
#4335=DIRECTION('',(0.,1.,0.));
#4336=DIRECTION('',(0.,0.,1.));
#4337=DIRECTION('',(1.,0.,0.));
#4338=DIRECTION('',(0.,0.,-1.));
#4339=DIRECTION('',(1.,-1.44560289664734E-16,0.));
#4340=DIRECTION('',(1.44560289664734E-16,1.,0.));
#4341=DIRECTION('',(0.,0.,1.));
#4342=DIRECTION('',(-6.12323399573677E-17,-1.,0.));
#4343=DIRECTION('',(0.,0.,1.));
#4344=DIRECTION('',(0.,0.,-1.));
#4345=DIRECTION('',(0.,0.,-1.));
#4346=DIRECTION('',(-1.44560289664734E-16,-1.,0.));
#4347=DIRECTION('',(0.,1.,0.));
#4348=DIRECTION('',(0.,0.,1.));
#4349=DIRECTION('',(-1.,0.,0.));
#4350=DIRECTION('',(0.,0.,1.));
#4351=DIRECTION('',(0.,0.,-1.));
#4352=DIRECTION('',(1.,0.,0.));
#4353=DIRECTION('',(0.,0.,-1.));
#4354=DIRECTION('',(1.,0.,0.));
#4355=DIRECTION('',(0.,0.,-1.));
#4356=DIRECTION('',(1.,0.,0.));
#4357=DIRECTION('',(0.,0.,-1.));
#4358=DIRECTION('',(1.,0.,0.));
#4359=DIRECTION('',(0.,0.,-1.));
#4360=DIRECTION('',(1.,0.,0.));
#4361=DIRECTION('',(0.,0.,1.));
#4362=DIRECTION('',(0.,0.,-1.));
#4363=DIRECTION('',(0.,1.,0.));
#4364=DIRECTION('',(0.,0.,1.));
#4365=DIRECTION('',(-1.,0.,0.));
#4366=DIRECTION('',(0.,1.,0.));
#4367=DIRECTION('',(0.,0.,1.));
#4368=DIRECTION('',(0.,0.,-1.));
#4369=DIRECTION('',(0.,1.,0.));
#4370=DIRECTION('',(0.,0.,1.));
#4371=DIRECTION('',(-1.,0.,0.));
#4372=DIRECTION('',(0.,1.,0.));
#4373=DIRECTION('',(0.,0.,1.));
#4374=DIRECTION('',(0.,-1.,0.));
#4375=DIRECTION('',(0.,0.,-1.));
#4376=DIRECTION('',(0.,0.,1.));
#4377=DIRECTION('',(1.,0.,0.));
#4378=DIRECTION('',(0.,0.,1.));
#4379=DIRECTION('',(1.,0.,0.));
#4380=DIRECTION('',(0.,0.,-1.));
#4381=DIRECTION('',(0.,-1.,0.));
#4382=DIRECTION('',(0.,0.,-1.));
#4383=DIRECTION('',(-1.,0.,0.));
#4384=DIRECTION('',(0.,-1.,0.));
#4385=DIRECTION('',(0.,0.,-1.));
#4386=DIRECTION('',(0.,0.,-1.));
#4387=DIRECTION('',(0.,-1.,0.));
#4388=DIRECTION('',(0.,0.,-1.));
#4389=DIRECTION('',(-1.,0.,0.));
#4390=DIRECTION('',(0.,-1.,0.));
#4391=DIRECTION('',(0.,0.,-1.));
#4392=DIRECTION('',(0.,0.,1.));
#4393=DIRECTION('',(1.,0.,0.));
#4394=DIRECTION('',(-1.,0.,0.));
#4395=DIRECTION('',(0.,-1.,0.));
#4396=DIRECTION('',(1.,0.,0.));
#4397=DIRECTION('',(0.,-1.,0.));
#4398=DIRECTION('',(1.,0.,0.));
#4399=DIRECTION('',(0.,-1.,0.));
#4400=DIRECTION('',(-1.,0.,0.));
#4401=DIRECTION('',(0.,-1.,0.));
#4402=DIRECTION('',(0.,-1.,0.));
#4403=DIRECTION('',(-1.,0.,0.));
#4404=DIRECTION('',(0.,-1.,0.));
#4405=DIRECTION('',(-1.,0.,0.));
#4406=DIRECTION('',(0.,-1.,0.));
#4407=DIRECTION('',(1.,0.,0.));
#4408=DIRECTION('',(0.,-1.,0.));
#4409=DIRECTION('',(-1.,0.,0.));
#4410=DIRECTION('',(1.,0.,0.));
#4411=DIRECTION('',(-1.0842021724855E-16,-1.,0.));
#4412=DIRECTION('',(1.,0.,0.));
#4413=DIRECTION('',(1.0842021724855E-16,-1.,0.));
#4414=DIRECTION('',(1.,0.,0.));
#4415=DIRECTION('',(0.,1.,0.));
#4416=DIRECTION('',(1.,0.,0.));
#4417=DIRECTION('',(0.,1.,0.));
#4418=DIRECTION('',(0.,0.,1.));
#4419=DIRECTION('',(1.,0.,0.));
#4420=DIRECTION('',(0.,1.,0.));
#4421=DIRECTION('',(-1.,0.,0.));
#4422=DIRECTION('',(0.,1.,0.));
#4423=DIRECTION('',(1.,0.,0.));
#4424=DIRECTION('',(0.,1.,0.));
#4425=DIRECTION('',(0.,1.,0.));
#4426=DIRECTION('',(-1.,0.,0.));
#4427=DIRECTION('',(0.,1.,0.));
#4428=DIRECTION('',(1.,0.,0.));
#4429=DIRECTION('',(0.,1.,0.));
#4430=DIRECTION('',(0.,0.,1.));
#4431=DIRECTION('',(1.,0.,0.));
#4432=DIRECTION('',(0.,1.,0.));
#4433=DIRECTION('',(0.,0.,1.));
#4434=DIRECTION('',(0.,0.,-1.));
#4435=DIRECTION('',(1.,0.,0.));
#4436=DIRECTION('',(0.,0.,-1.));
#4437=DIRECTION('',(0.,0.,-1.));
#4438=DIRECTION('',(1.,0.,0.));
#4439=DIRECTION('',(0.,0.,-1.));
#4440=DIRECTION('',(-1.,0.,0.));
#4441=DIRECTION('',(0.,0.,1.));
#4442=DIRECTION('',(0.,1.,0.));
#4443=DIRECTION('',(0.,0.,-1.));
#4444=DIRECTION('',(0.,0.,-1.));
#4445=DIRECTION('',(0.,0.,-1.));
#4446=DIRECTION('',(0.,-1.,0.));
#4447=DIRECTION('',(0.,0.,-1.));
#4448=DIRECTION('',(0.,0.,-1.));
#4449=DIRECTION('',(-1.,0.,0.));
#4450=DIRECTION('',(-1.,0.,0.));
#4451=DIRECTION('',(0.,0.,1.));
#4452=DIRECTION('',(0.,1.,0.));
#4453=DIRECTION('',(0.,0.,1.));
#4454=DIRECTION('',(1.,0.,0.));
#4455=DIRECTION('',(0.,1.,0.));
#4456=DIRECTION('',(1.,0.,0.));
#4457=DIRECTION('',(-1.,0.,0.));
#4458=DIRECTION('',(0.,0.,1.));
#4459=DIRECTION('',(0.,0.,-1.));
#4460=DIRECTION('',(0.,1.,0.));
#4461=DIRECTION('',(0.,1.,0.));
#4462=DIRECTION('',(0.,0.,1.));
#4463=DIRECTION('',(0.,0.,-1.));
#4464=DIRECTION('',(1.,0.,0.));
#4465=DIRECTION('',(-1.,0.,0.));
#4466=DIRECTION('',(0.,0.,1.));
#4467=DIRECTION('',(0.,1.,0.));
#4468=DIRECTION('',(0.,0.,1.));
#4469=DIRECTION('',(1.,0.,0.));
#4470=DIRECTION('',(1.,0.,0.));
#4471=DIRECTION('',(0.,0.,-1.));
#4472=DIRECTION('',(0.,0.,-1.));
#4473=DIRECTION('',(0.,-1.,0.));
#4474=DIRECTION('',(0.,0.,-1.));
#4475=DIRECTION('',(0.,0.,-1.));
#4476=DIRECTION('',(0.,-1.,0.));
#4477=DIRECTION('',(0.,-1.,0.));
#4478=DIRECTION('',(0.,0.,-1.));
#4479=DIRECTION('',(0.,0.,-1.));
#4480=DIRECTION('',(-1.,0.,0.));
#4481=DIRECTION('',(1.,0.,0.));
#4482=DIRECTION('',(0.,0.,-1.));
#4483=DIRECTION('',(0.,0.,-1.));
#4484=DIRECTION('',(0.,-1.,0.));
#4485=DIRECTION('',(0.,1.,0.));
#4486=DIRECTION('',(0.,0.,1.));
#4487=DIRECTION('',(0.,0.,-1.));
#4488=DIRECTION('',(1.,0.,0.));
#4489=DIRECTION('',(1.,0.,0.));
#4490=DIRECTION('',(0.,0.,-1.));
#4491=DIRECTION('',(0.,0.,-1.));
#4492=DIRECTION('',(0.,-1.,0.));
#4493=DIRECTION('',(0.,-1.,0.));
#4494=DIRECTION('',(0.,0.,-1.));
#4495=DIRECTION('',(0.,0.,-1.));
#4496=DIRECTION('',(-1.,0.,0.));
#4497=DIRECTION('',(-1.,0.,0.));
#4498=DIRECTION('',(0.,0.,1.));
#4499=DIRECTION('',(1.,0.,0.));
#4500=DIRECTION('',(1.,0.,0.));
#4501=DIRECTION('',(0.,0.,-1.));
#4502=DIRECTION('',(0.,0.,-1.));
#4503=DIRECTION('',(0.,-1.,0.));
#4504=DIRECTION('',(0.,0.,-1.));
#4505=DIRECTION('',(0.,-1.,0.));
#4506=DIRECTION('',(0.,0.,-1.));
#4507=DIRECTION('',(0.,-1.,0.));
#4508=DIRECTION('',(0.,0.,-1.));
#4509=DIRECTION('',(-1.,0.,0.));
#4510=DIRECTION('',(0.,0.,-1.));
#4511=DIRECTION('',(0.,0.,-1.));
#4512=DIRECTION('',(-1.,0.,0.));
#4513=DIRECTION('',(1.,0.,0.));
#4514=DIRECTION('',(0.,0.,-1.));
#4515=DIRECTION('',(0.,0.,-1.));
#4516=DIRECTION('',(0.,-1.,0.));
#4517=DIRECTION('',(0.,-1.,0.));
#4518=DIRECTION('',(0.,0.,-1.));
#4519=DIRECTION('',(0.,0.,-1.));
#4520=DIRECTION('',(-1.,0.,0.));
#4521=DIRECTION('',(1.,0.,0.));
#4522=DIRECTION('',(0.,0.,-1.));
#4523=DIRECTION('',(0.,0.,-1.));
#4524=DIRECTION('',(0.,-1.,0.));
#4525=DIRECTION('',(0.,1.,0.));
#4526=DIRECTION('',(0.,0.,1.));
#4527=DIRECTION('',(1.,0.,0.));
#4528=DIRECTION('',(0.,0.,1.));
#4529=DIRECTION('',(1.,0.,0.));
#4530=DIRECTION('',(-1.,0.,0.));
#4531=DIRECTION('',(0.,0.,1.));
#4532=DIRECTION('',(0.,0.,-1.));
#4533=DIRECTION('',(0.,1.,0.));
#4534=DIRECTION('',(0.,0.,-1.));
#4535=DIRECTION('',(0.,0.,-1.));
#4536=DIRECTION('',(0.,1.,0.));
#4537=DIRECTION('',(-1.,0.,0.));
#4538=DIRECTION('',(0.,0.,1.));
#4539=DIRECTION('',(0.,0.,-1.));
#4540=DIRECTION('',(0.,1.,0.));
#4541=DIRECTION('',(0.,1.,0.));
#4542=DIRECTION('',(0.,0.,1.));
#4543=DIRECTION('',(1.,0.,0.));
#4544=DIRECTION('',(0.,0.,1.));
#4545=DIRECTION('',(1.,0.,0.));
#4546=DIRECTION('',(-1.,0.,0.));
#4547=DIRECTION('',(0.,1.,0.));
#4548=DIRECTION('',(1.,1.0842021724855E-16,0.));
#4549=DIRECTION('',(-1.0842021724855E-16,1.,0.));
#4550=DIRECTION('',(0.,0.,-1.));
#4551=DIRECTION('',(1.0842021724855E-16,-1.,0.));
#4552=DIRECTION('',(0.,1.,0.));
#4553=DIRECTION('',(0.,0.,1.));
#4554=DIRECTION('',(0.,0.,-1.));
#4555=DIRECTION('',(1.,0.,0.));
#4556=DIRECTION('',(1.,-1.0842021724855E-16,0.));
#4557=DIRECTION('',(1.0842021724855E-16,1.,0.));
#4558=DIRECTION('',(-1.0842021724855E-16,-1.,0.));
#4559=DIRECTION('',(0.,0.,1.));
#4560=DIRECTION('',(1.,0.,0.));
#4561=DIRECTION('',(-1.,0.,0.));
#4562=DIRECTION('',(0.,0.,1.));
#4563=DIRECTION('',(0.,0.,-1.));
#4564=DIRECTION('',(0.,0.,-1.));
#4565=DIRECTION('',(0.,1.,0.));
#4566=DIRECTION('',(0.,0.,1.));
#4567=DIRECTION('',(-1.,0.,0.));
#4568=DIRECTION('',(0.,0.,1.));
#4569=DIRECTION('',(0.,0.,-1.));
#4570=DIRECTION('',(0.,1.,0.));
#4571=DIRECTION('',(0.,0.,-1.));
#4572=DIRECTION('',(0.,-1.,0.));
#4573=DIRECTION('',(0.,0.,-1.));
#4574=DIRECTION('',(-1.,0.,0.));
#4575=DIRECTION('',(0.,0.,1.));
#4576=DIRECTION('',(1.,0.,0.));
#4577=DIRECTION('',(-1.,0.,0.));
#4578=DIRECTION('',(1.,0.,0.));
#4579=DIRECTION('',(0.,0.,-1.));
#4580=DIRECTION('',(0.,-1.,0.));
#4581=DIRECTION('',(0.,0.,-1.));
#4582=DIRECTION('',(0.,1.,0.));
#4583=DIRECTION('',(0.,0.,1.));
#4584=DIRECTION('',(1.,0.,0.));
#4585=DIRECTION('',(0.,0.,1.));
#4586=DIRECTION('',(1.,0.,0.));
#4587=DIRECTION('',(1.,0.,0.));
#4588=DIRECTION('',(0.,0.,-1.));
#4589=DIRECTION('',(0.,0.,-1.));
#4590=DIRECTION('',(0.,-1.,0.));
#4591=DIRECTION('',(0.,-1.,0.));
#4592=DIRECTION('',(0.,0.,-1.));
#4593=DIRECTION('',(-1.,0.,0.));
#4594=DIRECTION('',(0.,0.,1.));
#4595=DIRECTION('',(1.,0.,0.));
#4596=DIRECTION('',(0.,1.,0.));
#4597=DIRECTION('',(0.,0.,1.));
#4598=DIRECTION('',(1.,-1.44560289664734E-16,0.));
#4599=DIRECTION('',(0.,0.,-1.));
#4600=DIRECTION('',(0.,0.,-1.));
#4601=DIRECTION('',(0.,0.,1.));
#4602=DIRECTION('',(1.,0.,0.));
#4603=DIRECTION('',(1.,0.,0.));
#4604=DIRECTION('',(0.,0.,1.));
#4605=DIRECTION('',(1.,0.,0.));
#4606=DIRECTION('',(-1.38777878078145E-16,-1.,0.));
#4607=DIRECTION('',(0.,0.,1.));
#4608=DIRECTION('',(1.,0.,0.));
#4609=DIRECTION('',(1.,0.,0.));
#4610=DIRECTION('',(0.,0.,1.));
#4611=DIRECTION('',(1.,0.,0.));
#4612=DIRECTION('',(-1.38777878078145E-16,-1.,0.));
#4613=DIRECTION('',(0.,0.,1.));
#4614=DIRECTION('',(1.,0.,0.));
#4615=DIRECTION('',(-1.,1.38777878078145E-16,0.));
#4616=DIRECTION('',(-1.38777878078145E-16,-1.,0.));
#4617=DIRECTION('',(0.,0.,1.));
#4618=DIRECTION('',(-1.38777878078145E-16,-1.,0.));
#4619=DIRECTION('',(0.,0.,1.));
#4620=DIRECTION('',(-1.38777878078145E-16,-1.,0.));
#4621=DIRECTION('',(-1.,1.38777878078145E-16,0.));
#4622=DIRECTION('',(-1.38777878078145E-16,-1.,0.));
#4623=DIRECTION('',(0.,0.,1.));
#4624=DIRECTION('',(-1.38777878078145E-16,-1.,0.));
#4625=DIRECTION('',(0.,0.,1.));
#4626=DIRECTION('',(-1.38777878078145E-16,-1.,0.));
#4627=DIRECTION('',(0.,0.,-1.));
#4628=DIRECTION('',(-1.,0.,0.));
#4629=DIRECTION('',(0.,1.,0.));
#4630=DIRECTION('',(0.,1.,0.));
#4631=DIRECTION('',(1.,0.,0.));
#4632=DIRECTION('',(0.,0.,-1.));
#4633=DIRECTION('',(0.,1.,0.));
#4634=DIRECTION('',(0.,1.,0.));
#4635=DIRECTION('',(0.,0.,-1.));
#4636=DIRECTION('',(-1.,0.,0.));
#4637=DIRECTION('',(0.,1.,0.));
#4638=DIRECTION('',(0.,1.,0.));
#4639=DIRECTION('',(1.,0.,0.));
#4640=DIRECTION('',(0.,0.,-1.));
#4641=DIRECTION('',(0.,1.,0.));
#4642=DIRECTION('',(0.,1.,0.));
#4643=DIRECTION('',(0.,0.,1.));
#4644=DIRECTION('',(1.,0.,0.));
#4645=DIRECTION('',(-1.,2.49983849122099E-16,0.));
#4646=DIRECTION('',(0.,0.,1.));
#4647=DIRECTION('',(1.,0.,0.));
#4648=DIRECTION('',(0.,1.,0.));
#4649=DIRECTION('',(0.,1.,0.));
#4650=DIRECTION('',(1.,0.,0.));
#4651=DIRECTION('',(0.,0.,-1.));
#4652=DIRECTION('',(0.,1.,0.));
#4653=DIRECTION('',(1.,0.,0.));
#4654=DIRECTION('',(0.,0.,-1.));
#4655=DIRECTION('',(1.,0.,0.));
#4656=DIRECTION('',(0.,0.,-1.));
#4657=DIRECTION('',(0.,1.,0.));
#4658=DIRECTION('',(1.,0.,0.));
#4659=DIRECTION('',(0.,0.,-1.));
#4660=DIRECTION('',(0.,0.,-1.));
#4661=DIRECTION('',(-1.,0.,0.));
#4662=DIRECTION('',(0.,1.,0.));
#4663=DIRECTION('',(0.,1.,0.));
#4664=DIRECTION('',(0.,-1.,0.));
#4665=DIRECTION('',(0.,0.,-1.));
#4666=DIRECTION('',(0.,1.,0.));
#4667=DIRECTION('',(0.,0.,1.));
#4668=DIRECTION('',(0.,0.,-1.));
#4669=DIRECTION('',(-1.,0.,0.));
#4670=DIRECTION('',(0.,0.,1.));
#4671=DIRECTION('',(1.,0.,0.));
#4672=DIRECTION('',(0.,0.,1.));
#4673=DIRECTION('',(1.,0.,0.));
#4674=DIRECTION('',(0.,0.,1.));
#4675=DIRECTION('',(1.,0.,0.));
#4676=DIRECTION('',(0.,0.,1.));
#4677=DIRECTION('',(1.,0.,0.));
#4678=DIRECTION('',(0.,0.,1.));
#4679=DIRECTION('',(1.,0.,0.));
#4680=DIRECTION('',(0.,0.,-1.));
#4681=DIRECTION('',(-1.,0.,0.));
#4682=DIRECTION('',(0.,0.,1.));
#4683=DIRECTION('',(1.,0.,0.));
#4684=DIRECTION('',(0.,0.,1.));
#4685=DIRECTION('',(1.,0.,0.));
#4686=DIRECTION('',(0.,0.,1.));
#4687=DIRECTION('',(1.,0.,0.));
#4688=DIRECTION('',(0.,0.,1.));
#4689=DIRECTION('',(1.,0.,0.));
#4690=DIRECTION('',(0.,0.,1.));
#4691=DIRECTION('',(1.,0.,0.));
#4692=DIRECTION('',(0.,0.,1.));
#4693=DIRECTION('',(1.,0.,0.));
#4694=DIRECTION('',(-0.965925826289068,0.,-0.25881904510252));
#4695=DIRECTION('',(-0.25881904510252,0.,0.965925826289068));
#4696=DIRECTION('',(0.,0.,1.));
#4697=DIRECTION('',(1.,0.,0.));
#4698=DIRECTION('',(0.,0.,-1.));
#4699=DIRECTION('',(-1.,0.,0.));
#4700=DIRECTION('',(0.,0.,-1.));
#4701=DIRECTION('',(-1.,0.,0.));
#4702=DIRECTION('',(0.,0.,-1.));
#4703=DIRECTION('',(-1.,0.,0.));
#4704=DIRECTION('',(0.,0.,1.));
#4705=DIRECTION('',(1.,0.,0.));
#4706=DIRECTION('',(0.,0.,1.));
#4707=DIRECTION('',(1.,0.,0.));
#4708=DIRECTION('',(1.,0.,0.));
#4709=DIRECTION('',(0.,0.,-1.));
#4710=DIRECTION('',(0.,1.,0.));
#4711=DIRECTION('',(0.,0.,1.));
#4712=DIRECTION('',(1.38777878078145E-16,1.,0.));
#4713=DIRECTION('',(-1.,1.38777878078145E-16,0.));
#4714=DIRECTION('',(0.,1.,0.));
#4715=DIRECTION('',(0.,0.,1.));
#4716=DIRECTION('',(-1.,0.,0.));
#4717=DIRECTION('',(0.,0.,1.));
#4718=DIRECTION('',(1.,0.,0.));
#4719=DIRECTION('',(0.,0.,-1.));
#4720=DIRECTION('',(0.,0.,1.));
#4721=DIRECTION('',(1.,0.,0.));
#4722=DIRECTION('',(1.,0.,0.));
#4723=DIRECTION('',(0.,0.,-1.));
#4724=DIRECTION('',(0.,0.,1.));
#4725=DIRECTION('',(1.,0.,0.));
#4726=DIRECTION('',(0.,1.,0.));
#4727=DIRECTION('',(0.,0.,1.));
#4728=DIRECTION('',(1.,0.,0.));
#4729=DIRECTION('',(0.,0.,-1.));
#4730=DIRECTION('',(1.,0.,0.));
#4731=DIRECTION('',(0.,0.,-1.));
#4732=DIRECTION('',(-1.38777878078145E-16,-1.,0.));
#4733=DIRECTION('',(1.,-1.38777878078145E-16,0.));
#4734=DIRECTION('',(0.,1.,0.));
#4735=DIRECTION('',(0.,0.,1.));
#4736=DIRECTION('',(0.,0.,1.));
#4737=DIRECTION('',(1.,0.,0.));
#4738=DIRECTION('',(-1.,0.,0.));
#4739=DIRECTION('',(0.,0.,1.));
#4740=DIRECTION('',(-1.,0.,0.));
#4741=DIRECTION('',(0.,0.,1.));
#4742=DIRECTION('',(0.,0.,1.));
#4743=DIRECTION('',(1.,0.,0.));
#4744=DIRECTION('',(0.,-1.,0.));
#4745=DIRECTION('',(0.,0.,-1.));
#4746=DIRECTION('',(-1.38777878078145E-16,-1.,0.));
#4747=DIRECTION('',(1.,-1.38777878078145E-16,0.));
#4748=DIRECTION('',(0.,-1.,0.));
#4749=DIRECTION('',(0.,0.,-1.));
#4750=DIRECTION('',(0.,0.,1.));
#4751=DIRECTION('',(1.,0.,0.));
#4752=DIRECTION('',(1.,0.,0.));
#4753=DIRECTION('',(0.,0.,-1.));
#4754=DIRECTION('',(1.,0.,0.));
#4755=DIRECTION('',(0.,0.,-1.));
#4756=DIRECTION('',(1.,0.,0.));
#4757=DIRECTION('',(0.,0.,-1.));
#4758=DIRECTION('',(0.,0.,1.));
#4759=DIRECTION('',(1.,0.,0.));
#4760=DIRECTION('',(0.,1.,0.));
#4761=DIRECTION('',(0.,0.,1.));
#4762=DIRECTION('',(1.38777878078145E-16,1.,0.));
#4763=DIRECTION('',(-1.,1.38777878078145E-16,0.));
#4764=DIRECTION('',(0.,1.,0.));
#4765=DIRECTION('',(0.,0.,1.));
#4766=DIRECTION('',(0.,0.,1.));
#4767=DIRECTION('',(1.,0.,0.));
#4768=DIRECTION('',(-1.,0.,0.));
#4769=DIRECTION('',(0.,0.,1.));
#4770=DIRECTION('',(-1.,0.,0.));
#4771=DIRECTION('',(0.,0.,1.));
#4772=DIRECTION('',(0.,1.,0.));
#4773=DIRECTION('',(0.,0.,1.));
#4774=DIRECTION('',(0.,-1.,0.));
#4775=DIRECTION('',(0.,0.,-1.));
#4776=DIRECTION('',(0.,1.,0.));
#4777=DIRECTION('',(0.,0.,1.));
#4778=DIRECTION('',(0.,-1.,0.));
#4779=DIRECTION('',(0.,0.,-1.));
#4780=DIRECTION('',(0.,1.,0.));
#4781=DIRECTION('',(0.,0.,1.));
#4782=DIRECTION('',(0.,-1.,0.));
#4783=DIRECTION('',(0.,0.,-1.));
#4784=DIRECTION('',(-0.965925826289068,0.,0.25881904510252));
#4785=DIRECTION('',(0.25881904510252,0.,0.965925826289069));
#4786=DIRECTION('',(0.25881904510252,-1.59789155663786E-16,0.965925826289069));
#4787=DIRECTION('',(-0.965925826289068,0.,-0.25881904510252));
#4788=DIRECTION('',(-0.25881904510252,0.,0.965925826289069));
#4789=DIRECTION('',(0.25881904510252,-6.4700581120834E-17,-0.965925826289069));
#4790=DIRECTION('',(2.49983849122099E-16,1.,0.));
#4791=DIRECTION('',(-1.,2.49983849122099E-16,0.));
#4792=DIRECTION('',(-1.,6.12323399573677E-17,0.));
#4793=DIRECTION('',(0.,0.,1.));
#4794=DIRECTION('',(-1.,6.12323399573677E-17,0.));
#4795=DIRECTION('',(2.49983849122099E-16,1.,0.));
#4796=DIRECTION('',(-1.,2.49983849122099E-16,0.));
#4797=DIRECTION('',(-1.,6.12323399573677E-17,0.));
#4798=DIRECTION('',(0.,0.,1.));
#4799=DIRECTION('',(-1.,6.12323399573677E-17,0.));
#4800=DIRECTION('',(-6.17377888866304E-16,-1.,0.));
#4801=DIRECTION('',(1.,-6.17377888866304E-16,0.));
#4802=DIRECTION('',(1.,6.12323399573677E-17,0.));
#4803=DIRECTION('',(0.,0.,1.));
#4804=DIRECTION('',(1.,6.12323399573677E-17,0.));
#4805=DIRECTION('',(-6.17377888866304E-16,-1.,0.));
#4806=DIRECTION('',(1.,-6.17377888866304E-16,0.));
#4807=DIRECTION('',(1.,6.12323399573677E-17,0.));
#4808=DIRECTION('',(0.,0.,1.));
#4809=DIRECTION('',(1.,6.12323399573677E-17,0.));
#4810=DIRECTION('',(1.,-4.33680868994202E-16,0.));
#4811=DIRECTION('',(4.33680868994202E-16,1.,0.));
#4812=DIRECTION('',(0.,1.,0.));
#4813=DIRECTION('',(0.,0.,1.));
#4814=DIRECTION('',(0.,1.,0.));
#4815=DIRECTION('',(1.,-4.33680868994202E-16,0.));
#4816=DIRECTION('',(4.33680868994202E-16,1.,0.));
#4817=DIRECTION('',(0.,1.,0.));
#4818=DIRECTION('',(0.,0.,1.));
#4819=DIRECTION('',(0.,1.,0.));
#4820=DIRECTION('',(0.,0.,-1.));
#4821=DIRECTION('',(-1.,0.,0.));
#4822=DIRECTION('',(-1.,0.,0.));
#4823=DIRECTION('',(0.,0.,-1.));
#4824=DIRECTION('',(-1.,0.,0.));
#4825=DIRECTION('',(-1.,0.,0.));
#4826=DIRECTION('',(0.,1.,0.));
#4827=DIRECTION('',(-1.,0.,0.));
#4828=DIRECTION('',(0.,0.,-1.));
#4829=DIRECTION('',(-6.12323399573677E-17,-1.,0.));
#4830=DIRECTION('',(-6.12323399573677E-17,-1.,0.));
#4831=DIRECTION('',(0.,0.,-1.));
#4832=DIRECTION('',(-6.12323399573677E-17,-1.,0.));
#4833=DIRECTION('',(-6.12323399573677E-17,-1.,0.));
#4834=DIRECTION('',(-1.,6.12323399573677E-17,0.));
#4835=DIRECTION('',(-6.12323399573677E-17,-1.,0.));
#4836=DIRECTION('',(0.,0.,-1.));
#4837=DIRECTION('',(-6.12323399573677E-17,1.,0.));
#4838=DIRECTION('',(-6.12323399573677E-17,1.,0.));
#4839=DIRECTION('',(0.,0.,-1.));
#4840=DIRECTION('',(-6.12323399573677E-17,1.,0.));
#4841=DIRECTION('',(-6.12323399573677E-17,1.,0.));
#4842=DIRECTION('',(1.,6.12323399573677E-17,0.));
#4843=DIRECTION('',(-6.12323399573677E-17,1.,0.));
#4844=DIRECTION('',(0.,0.,1.));
#4845=DIRECTION('',(1.,0.,0.));
#4846=CARTESIAN_POINT('',(0.,0.,0.));
#4847=CARTESIAN_POINT('',(-48.1,3.46944695195361E-15,58.5));
#4848=CARTESIAN_POINT('',(-48.1,-46.1,58.5));
#4849=CARTESIAN_POINT('',(-48.1,-3.,58.5));
#4850=CARTESIAN_POINT('',(-48.1,-46.1,58.5));
#4851=CARTESIAN_POINT('',(-48.1,-3.,58.5));
#4852=CARTESIAN_POINT('',(-47.6,-3.,58.));
#4853=CARTESIAN_POINT('',(-47.6,46.1,58.));
#4854=CARTESIAN_POINT('',(-47.6,-46.1,58.));
#4855=CARTESIAN_POINT('',(-48.1,-46.1,58.5));
#4856=CARTESIAN_POINT('',(6.93889390390723E-15,-48.1,58.5));
#4857=CARTESIAN_POINT('',(46.1,-48.1,58.5));
#4858=CARTESIAN_POINT('',(3.,-48.1,58.5));
#4859=CARTESIAN_POINT('',(46.1,-48.1,58.5));
#4860=CARTESIAN_POINT('',(3.,-48.1,58.5));
#4861=CARTESIAN_POINT('',(3.,-47.6,58.));
#4862=CARTESIAN_POINT('',(-46.1,-47.6,58.));
#4863=CARTESIAN_POINT('',(46.1,-47.6,58.));
#4864=CARTESIAN_POINT('',(46.1,-48.1,58.5));
#4865=CARTESIAN_POINT('',(47.6,-3.43338201482312E-15,58.));
#4866=CARTESIAN_POINT('',(48.1,0.,58.5));
#4867=CARTESIAN_POINT('',(48.1,3.,58.5));
#4868=CARTESIAN_POINT('',(48.1,46.1,58.5));
#4869=CARTESIAN_POINT('',(47.6,3.,58.));
#4870=CARTESIAN_POINT('',(47.6,3.,58.));
#4871=CARTESIAN_POINT('',(47.6,-3.43338201482312E-15,58.));
#4872=CARTESIAN_POINT('',(47.6,46.1,58.));
#4873=CARTESIAN_POINT('',(47.6,46.1,58.));
#4874=CARTESIAN_POINT('',(0.,48.1,58.));
#4875=CARTESIAN_POINT('',(46.1,48.1,58.));
#4876=CARTESIAN_POINT('',(46.1,48.1,60.));
#4877=CARTESIAN_POINT('',(46.1,48.1,58.5));
#4878=CARTESIAN_POINT('',(0.,48.1,58.5));
#4879=CARTESIAN_POINT('',(-46.1,48.1,58.5));
#4880=CARTESIAN_POINT('',(-46.1,48.1,60.));
#4881=CARTESIAN_POINT('',(-46.1,48.1,60.));
#4882=CARTESIAN_POINT('',(0.,48.1,60.));
#4883=CARTESIAN_POINT('',(-48.1,3.46944695195361E-15,58.));
#4884=CARTESIAN_POINT('',(-48.1,46.1,58.));
#4885=CARTESIAN_POINT('',(-48.1,46.1,60.));
#4886=CARTESIAN_POINT('',(-48.1,46.1,58.5));
#4887=CARTESIAN_POINT('',(-48.1,-46.1,58.5));
#4888=CARTESIAN_POINT('',(-48.1,3.,58.5));
#4889=CARTESIAN_POINT('',(-48.1,3.,55.));
#4890=CARTESIAN_POINT('',(-48.1,3.,54.));
#4891=CARTESIAN_POINT('',(-48.1,3.002,54.));
#4892=CARTESIAN_POINT('',(-48.1,-3.,54.));
#4893=CARTESIAN_POINT('',(-48.1,-3.,55.));
#4894=CARTESIAN_POINT('',(-48.1,-46.1,58.));
#4895=CARTESIAN_POINT('',(-48.1,-46.1,60.));
#4896=CARTESIAN_POINT('',(-48.1,3.46944695195361E-15,60.));
#4897=CARTESIAN_POINT('',(6.93889390390723E-15,-48.1,58.));
#4898=CARTESIAN_POINT('',(-46.1,-48.1,58.));
#4899=CARTESIAN_POINT('',(-46.1,-48.1,60.));
#4900=CARTESIAN_POINT('',(-46.1,-48.1,58.5));
#4901=CARTESIAN_POINT('',(46.1,-48.1,58.5));
#4902=CARTESIAN_POINT('',(-3.,-48.1,58.5));
#4903=CARTESIAN_POINT('',(-3.,-48.1,55.));
#4904=CARTESIAN_POINT('',(-3.,-48.1,54.));
#4905=CARTESIAN_POINT('',(-3.002,-48.1,54.));
#4906=CARTESIAN_POINT('',(3.,-48.1,54.));
#4907=CARTESIAN_POINT('',(3.,-48.1,55.));
#4908=CARTESIAN_POINT('',(46.1,-48.1,60.));
#4909=CARTESIAN_POINT('',(46.1,-48.1,60.));
#4910=CARTESIAN_POINT('',(6.93889390390723E-15,-48.1,60.));
#4911=CARTESIAN_POINT('',(48.1,0.,58.));
#4912=CARTESIAN_POINT('',(48.1,-46.1,58.));
#4913=CARTESIAN_POINT('',(48.1,-46.1,60.));
#4914=CARTESIAN_POINT('',(48.1,-46.1,58.5));
#4915=CARTESIAN_POINT('',(48.1,0.,58.5));
#4916=CARTESIAN_POINT('',(48.1,-3.,58.5));
#4917=CARTESIAN_POINT('',(48.1,-3.,55.));
#4918=CARTESIAN_POINT('',(48.1,-3.,54.));
#4919=CARTESIAN_POINT('',(48.1,-3.002,54.));
#4920=CARTESIAN_POINT('',(48.1,3.,54.));
#4921=CARTESIAN_POINT('',(48.1,3.,55.));
#4922=CARTESIAN_POINT('',(48.1,46.1,58.));
#4923=CARTESIAN_POINT('',(48.1,46.1,60.));
#4924=CARTESIAN_POINT('',(48.1,0.,60.));
#4925=CARTESIAN_POINT('',(0.,0.,58.));
#4926=CARTESIAN_POINT('',(-44.6,3.002,58.));
#4927=CARTESIAN_POINT('',(-44.6,3.,58.));
#4928=CARTESIAN_POINT('',(-44.6,-3.,58.));
#4929=CARTESIAN_POINT('',(2.1638962278297E-16,3.,58.));
#4930=CARTESIAN_POINT('',(-47.6,3.,58.));
#4931=CARTESIAN_POINT('',(-47.6,46.1,58.));
#4932=CARTESIAN_POINT('',(-47.6,46.1,58.));
#4933=CARTESIAN_POINT('',(-46.1,46.1,58.));
#4934=CARTESIAN_POINT('',(-46.1,47.6,58.));
#4935=CARTESIAN_POINT('',(6.86676402964624E-15,47.6,58.));
#4936=CARTESIAN_POINT('',(46.1,47.6,58.));
#4937=CARTESIAN_POINT('',(46.1,46.1,58.));
#4938=CARTESIAN_POINT('',(5.83783662527177E-16,3.,58.));
#4939=CARTESIAN_POINT('',(44.6,3.,58.));
#4940=CARTESIAN_POINT('',(44.6,-3.002,58.));
#4941=CARTESIAN_POINT('',(44.6,-3.,58.));
#4942=CARTESIAN_POINT('',(-5.83783662527175E-16,-3.,58.));
#4943=CARTESIAN_POINT('',(47.6,-3.,58.));
#4944=CARTESIAN_POINT('',(47.6,-3.43338201482312E-15,58.));
#4945=CARTESIAN_POINT('',(47.6,-46.1,58.));
#4946=CARTESIAN_POINT('',(46.1,-46.1,58.));
#4947=CARTESIAN_POINT('',(3.,-4.00086642655074E-16,58.));
#4948=CARTESIAN_POINT('',(3.,-44.6,58.));
#4949=CARTESIAN_POINT('',(-3.002,-44.6,58.));
#4950=CARTESIAN_POINT('',(-3.,-44.6,58.));
#4951=CARTESIAN_POINT('',(-3.,4.00086642655072E-16,58.));
#4952=CARTESIAN_POINT('',(-3.,-47.6,58.));
#4953=CARTESIAN_POINT('',(-46.1,-47.6,58.));
#4954=CARTESIAN_POINT('',(-46.1,-47.6,58.));
#4955=CARTESIAN_POINT('',(-46.1,-46.1,58.));
#4956=CARTESIAN_POINT('',(-2.1638962278297E-16,-3.,58.));
#4957=CARTESIAN_POINT('',(-17.775,30.7872031045368,58.));
#4958=CARTESIAN_POINT('',(-13.775,30.7872031045368,58.));
#4959=CARTESIAN_POINT('',(12.,20.7846096908265,58.));
#4960=CARTESIAN_POINT('',(15.55,20.7846096908265,58.));
#4961=CARTESIAN_POINT('',(24.,-1.58293517182883E-14,58.));
#4962=CARTESIAN_POINT('',(27.55,-1.58293517182883E-14,58.));
#4963=CARTESIAN_POINT('',(12.,-20.7846096908266,58.));
#4964=CARTESIAN_POINT('',(15.55,-20.7846096908266,58.));
#4965=CARTESIAN_POINT('',(-1.7347234759768E-15,5.775,58.));
#4966=CARTESIAN_POINT('',(4.,5.775,58.));
#4967=CARTESIAN_POINT('',(-12.,20.7846096908265,58.));
#4968=CARTESIAN_POINT('',(-8.45,20.7846096908265,58.));
#4969=CARTESIAN_POINT('',(-24.,6.28837260041593E-15,58.));
#4970=CARTESIAN_POINT('',(-20.45,6.28837260041593E-15,58.));
#4971=CARTESIAN_POINT('',(-12.,-20.7846096908265,58.));
#4972=CARTESIAN_POINT('',(-8.45,-20.7846096908265,58.));
#4973=CARTESIAN_POINT('',(-35.55,8.89045781438114E-15,58.));
#4974=CARTESIAN_POINT('',(-31.55,8.89045781438114E-15,58.));
#4975=CARTESIAN_POINT('',(-17.775,-30.7872031045368,58.));
#4976=CARTESIAN_POINT('',(-13.775,-30.7872031045368,58.));
#4977=CARTESIAN_POINT('',(17.775,-30.7872031045368,58.));
#4978=CARTESIAN_POINT('',(21.775,-30.7872031045368,58.));
#4979=CARTESIAN_POINT('',(35.55,-2.71050543121376E-14,58.));
#4980=CARTESIAN_POINT('',(39.55,-2.71050543121376E-14,58.));
#4981=CARTESIAN_POINT('',(17.775,30.7872031045368,58.));
#4982=CARTESIAN_POINT('',(21.775,30.7872031045368,58.));
#4983=CARTESIAN_POINT('',(0.,-5.775,58.));
#4984=CARTESIAN_POINT('',(3.55,-5.775,58.));
#4985=CARTESIAN_POINT('',(0.,0.,60.));
#4986=CARTESIAN_POINT('',(-17.775,30.7872031045368,60.));
#4987=CARTESIAN_POINT('',(-13.775,30.7872031045368,60.));
#4988=CARTESIAN_POINT('',(12.,20.7846096908265,60.));
#4989=CARTESIAN_POINT('',(15.55,20.7846096908265,60.));
#4990=CARTESIAN_POINT('',(24.,-1.58293517182883E-14,60.));
#4991=CARTESIAN_POINT('',(27.55,-1.58293517182883E-14,60.));
#4992=CARTESIAN_POINT('',(12.,-20.7846096908266,60.));
#4993=CARTESIAN_POINT('',(15.55,-20.7846096908266,60.));
#4994=CARTESIAN_POINT('',(-1.7347234759768E-15,5.775,60.));
#4995=CARTESIAN_POINT('',(4.,5.775,60.));
#4996=CARTESIAN_POINT('',(-12.,20.7846096908265,60.));
#4997=CARTESIAN_POINT('',(-8.45,20.7846096908265,60.));
#4998=CARTESIAN_POINT('',(-24.,6.28837260041593E-15,60.));
#4999=CARTESIAN_POINT('',(-20.45,6.28837260041593E-15,60.));
#5000=CARTESIAN_POINT('',(-12.,-20.7846096908265,60.));
#5001=CARTESIAN_POINT('',(-8.45,-20.7846096908265,60.));
#5002=CARTESIAN_POINT('',(-35.55,8.89045781438114E-15,60.));
#5003=CARTESIAN_POINT('',(-31.55,8.89045781438114E-15,60.));
#5004=CARTESIAN_POINT('',(-17.775,-30.7872031045368,60.));
#5005=CARTESIAN_POINT('',(-13.775,-30.7872031045368,60.));
#5006=CARTESIAN_POINT('',(17.775,-30.7872031045368,60.));
#5007=CARTESIAN_POINT('',(21.775,-30.7872031045368,60.));
#5008=CARTESIAN_POINT('',(35.55,-2.71050543121376E-14,60.));
#5009=CARTESIAN_POINT('',(39.55,-2.71050543121376E-14,60.));
#5010=CARTESIAN_POINT('',(17.775,30.7872031045368,60.));
#5011=CARTESIAN_POINT('',(21.775,30.7872031045368,60.));
#5012=CARTESIAN_POINT('',(0.,-5.775,60.));
#5013=CARTESIAN_POINT('',(3.55,-5.775,60.));
#5014=CARTESIAN_POINT('',(46.1,-46.1,60.));
#5015=CARTESIAN_POINT('',(46.1,46.1,60.));
#5016=CARTESIAN_POINT('',(-46.1,46.1,60.));
#5017=CARTESIAN_POINT('',(-46.1,-46.1,60.));
#5018=CARTESIAN_POINT('',(0.,-5.775,58.));
#5019=CARTESIAN_POINT('',(17.775,30.7872031045368,58.));
#5020=CARTESIAN_POINT('',(35.55,-2.71050543121376E-14,58.));
#5021=CARTESIAN_POINT('',(17.775,-30.7872031045368,58.));
#5022=CARTESIAN_POINT('',(-17.775,-30.7872031045368,58.));
#5023=CARTESIAN_POINT('',(-35.55,8.89045781438114E-15,58.));
#5024=CARTESIAN_POINT('',(-12.,-20.7846096908265,58.));
#5025=CARTESIAN_POINT('',(-24.,6.28837260041593E-15,58.));
#5026=CARTESIAN_POINT('',(-12.,20.7846096908265,58.));
#5027=CARTESIAN_POINT('',(-1.7347234759768E-15,5.775,58.));
#5028=CARTESIAN_POINT('',(12.,-20.7846096908266,58.));
#5029=CARTESIAN_POINT('',(24.,-1.58293517182883E-14,58.));
#5030=CARTESIAN_POINT('',(12.,20.7846096908265,58.));
#5031=CARTESIAN_POINT('',(-17.775,30.7872031045368,58.));
#5032=CARTESIAN_POINT('',(46.1,-46.1,58.));
#5033=CARTESIAN_POINT('',(46.1,-46.1,58.5));
#5034=CARTESIAN_POINT('',(-46.1,46.1,58.));
#5035=CARTESIAN_POINT('',(-46.1,46.1,58.5));
#5036=CARTESIAN_POINT('',(46.1,46.1,58.));
#5037=CARTESIAN_POINT('',(46.1,46.1,58.5));
#5038=CARTESIAN_POINT('',(-46.1,-46.1,58.));
#5039=CARTESIAN_POINT('',(-46.1,-46.1,58.5));
#5040=CARTESIAN_POINT('',(-48.1,3.46944695195361E-15,58.5));
#5041=CARTESIAN_POINT('',(-48.1,3.,58.5));
#5042=CARTESIAN_POINT('',(-47.6,46.1,58.));
#5043=CARTESIAN_POINT('',(-46.1,46.1,58.));
#5044=CARTESIAN_POINT('',(-46.1,47.6,58.));
#5045=CARTESIAN_POINT('',(-46.1,-46.1,58.));
#5046=CARTESIAN_POINT('',(-46.1,-48.1,58.5));
#5047=CARTESIAN_POINT('',(6.86676402964624E-15,47.6,58.));
#5048=CARTESIAN_POINT('',(46.1,47.6,58.));
#5049=CARTESIAN_POINT('',(6.93889390390723E-15,-48.1,58.5));
#5050=CARTESIAN_POINT('',(-3.,-48.1,58.5));
#5051=CARTESIAN_POINT('',(46.1,46.1,58.));
#5052=CARTESIAN_POINT('',(46.1,-46.1,58.));
#5053=CARTESIAN_POINT('',(48.1,-46.1,58.5));
#5054=CARTESIAN_POINT('',(47.6,-3.43338201482312E-15,58.));
#5055=CARTESIAN_POINT('',(47.6,-3.,58.));
#5056=CARTESIAN_POINT('',(46.6,-3.,55.));
#5057=CARTESIAN_POINT('',(45.6,-3.,56.2679491924311));
#5058=CARTESIAN_POINT('',(46.6,-3.,54.5358983848622));
#5059=CARTESIAN_POINT('',(46.6,-3.,55.));
#5060=CARTESIAN_POINT('',(46.6,-3.,52.));
#5061=CARTESIAN_POINT('',(46.6,-3.,52.));
#5062=CARTESIAN_POINT('',(48.1,-3.,52.));
#5063=CARTESIAN_POINT('',(48.3,-3.,52.8845299461621));
#5064=CARTESIAN_POINT('',(48.5,-3.,53.7690598923242));
#5065=CARTESIAN_POINT('',(48.3,-3.,53.8845299461621));
#5066=CARTESIAN_POINT('',(46.6,3.,55.));
#5067=CARTESIAN_POINT('',(45.6,3.,56.2679491924311));
#5068=CARTESIAN_POINT('',(46.6,3.,54.5358983848622));
#5069=CARTESIAN_POINT('',(48.3,3.,53.8845299461621));
#5070=CARTESIAN_POINT('',(48.5,3.,53.7690598923242));
#5071=CARTESIAN_POINT('',(48.3,3.,52.8845299461621));
#5072=CARTESIAN_POINT('',(48.1,3.,52.));
#5073=CARTESIAN_POINT('',(46.6,3.,52.));
#5074=CARTESIAN_POINT('',(46.6,3.,52.));
#5075=CARTESIAN_POINT('',(46.6,3.,55.));
#5076=CARTESIAN_POINT('',(46.6,-5.59865927263518E-15,52.));
#5077=CARTESIAN_POINT('',(48.1,-5.89055110389877E-15,52.));
#5078=CARTESIAN_POINT('',(46.6,-5.59865927263518E-15,52.));
#5079=CARTESIAN_POINT('',(46.6,-1.6007000128496E-14,56.));
#5080=CARTESIAN_POINT('',(46.6,-3.002,54.5358983848622));
#5081=CARTESIAN_POINT('',(48.3,-3.002,53.8845299461621));
#5082=CARTESIAN_POINT('',(48.5,-3.002,53.7690598923242));
#5083=CARTESIAN_POINT('',(48.3,-3.002,52.8845299461621));
#5084=CARTESIAN_POINT('',(45.6,-3.002,56.2679491924311));
#5085=CARTESIAN_POINT('',(-3.,-46.6,55.));
#5086=CARTESIAN_POINT('',(-3.,-45.6,56.2679491924311));
#5087=CARTESIAN_POINT('',(-3.,-46.6,54.5358983848622));
#5088=CARTESIAN_POINT('',(-3.,-46.6,55.));
#5089=CARTESIAN_POINT('',(-3.,-46.6,52.));
#5090=CARTESIAN_POINT('',(-3.,-46.6,52.));
#5091=CARTESIAN_POINT('',(-3.,-48.1,52.));
#5092=CARTESIAN_POINT('',(-3.,-48.3,52.8845299461621));
#5093=CARTESIAN_POINT('',(-3.,-48.5,53.7690598923242));
#5094=CARTESIAN_POINT('',(-3.,-48.3,53.8845299461621));
#5095=CARTESIAN_POINT('',(3.,-46.6,55.));
#5096=CARTESIAN_POINT('',(3.,-45.6,56.2679491924311));
#5097=CARTESIAN_POINT('',(3.,-46.6,54.5358983848622));
#5098=CARTESIAN_POINT('',(3.,-48.3,53.8845299461621));
#5099=CARTESIAN_POINT('',(3.,-48.5,53.7690598923242));
#5100=CARTESIAN_POINT('',(3.,-48.3,52.8845299461621));
#5101=CARTESIAN_POINT('',(3.,-48.1,52.));
#5102=CARTESIAN_POINT('',(3.,-46.6,52.));
#5103=CARTESIAN_POINT('',(3.,-46.6,52.));
#5104=CARTESIAN_POINT('',(3.,-46.6,55.));
#5105=CARTESIAN_POINT('',(-2.74523223062184E-15,-46.6,52.));
#5106=CARTESIAN_POINT('',(-2.94527555194938E-15,-48.1,52.));
#5107=CARTESIAN_POINT('',(-2.74523223062184E-15,-46.6,52.));
#5108=CARTESIAN_POINT('',(-1.31535730864827E-14,-46.6,56.));
#5109=CARTESIAN_POINT('',(-3.002,-46.6,54.5358983848622));
#5110=CARTESIAN_POINT('',(-3.002,-48.3,53.8845299461621));
#5111=CARTESIAN_POINT('',(-3.002,-48.5,53.7690598923242));
#5112=CARTESIAN_POINT('',(-3.002,-48.3,52.8845299461621));
#5113=CARTESIAN_POINT('',(-3.002,-45.6,56.2679491924311));
#5114=CARTESIAN_POINT('',(-46.6,3.,55.));
#5115=CARTESIAN_POINT('',(-45.6,3.,56.2679491924311));
#5116=CARTESIAN_POINT('',(-46.6,3.,54.5358983848622));
#5117=CARTESIAN_POINT('',(-46.6,3.,55.));
#5118=CARTESIAN_POINT('',(-46.6,3.,52.));
#5119=CARTESIAN_POINT('',(-46.6,3.,52.));
#5120=CARTESIAN_POINT('',(-48.1,3.,52.));
#5121=CARTESIAN_POINT('',(-48.3,3.,52.8845299461621));
#5122=CARTESIAN_POINT('',(-48.5,3.,53.7690598923242));
#5123=CARTESIAN_POINT('',(-48.3,3.,53.8845299461621));
#5124=CARTESIAN_POINT('',(-46.6,-3.,55.));
#5125=CARTESIAN_POINT('',(-45.6,-3.,56.2679491924311));
#5126=CARTESIAN_POINT('',(-46.6,-3.,54.5358983848622));
#5127=CARTESIAN_POINT('',(-48.3,-3.,53.8845299461621));
#5128=CARTESIAN_POINT('',(-48.5,-3.,53.7690598923242));
#5129=CARTESIAN_POINT('',(-48.3,-3.,52.8845299461621));
#5130=CARTESIAN_POINT('',(-48.1,-3.,52.));
#5131=CARTESIAN_POINT('',(-46.6,-3.,52.));
#5132=CARTESIAN_POINT('',(-46.6,-3.,52.));
#5133=CARTESIAN_POINT('',(-46.6,-3.,55.));
#5134=CARTESIAN_POINT('',(-46.6,-1.08194811391485E-16,52.));
#5135=CARTESIAN_POINT('',(-48.1,5.41516702406939E-47,52.));
#5136=CARTESIAN_POINT('',(-46.6,-1.08194811391485E-16,52.));
#5137=CARTESIAN_POINT('',(-46.6,1.03001460444694E-14,56.));
#5138=CARTESIAN_POINT('',(-46.6,3.002,54.5358983848622));
#5139=CARTESIAN_POINT('',(-48.3,3.002,53.8845299461621));
#5140=CARTESIAN_POINT('',(-48.5,3.002,53.7690598923242));
#5141=CARTESIAN_POINT('',(-48.3,3.002,52.8845299461621));
#5142=CARTESIAN_POINT('',(-45.6,3.002,56.2679491924311));
#5143=CARTESIAN_POINT('',(52.137622487545,-27.8949432656169,45.8605139773762));
#5144=CARTESIAN_POINT('',(-48.,0.,60.));
#5145=CARTESIAN_POINT('',(-48.,-3.1,43.0697967697244));
#5146=CARTESIAN_POINT('',(-48.,-3.1,54.2));
#5147=CARTESIAN_POINT('',(-48.,-3.1,58.));
#5148=CARTESIAN_POINT('',(-48.,-2.93915231795365E-15,54.2));
#5149=CARTESIAN_POINT('',(-48.,3.1,54.2));
#5150=CARTESIAN_POINT('',(-48.,3.1,43.0697967697244));
#5151=CARTESIAN_POINT('',(-48.,3.1,58.));
#5152=CARTESIAN_POINT('',(-48.,-46.,58.));
#5153=CARTESIAN_POINT('',(-48.,46.,58.));
#5154=CARTESIAN_POINT('',(-48.,46.,60.));
#5155=CARTESIAN_POINT('',(-48.,46.,60.));
#5156=CARTESIAN_POINT('',(-48.,0.,60.));
#5157=CARTESIAN_POINT('',(-48.,-46.,60.));
#5158=CARTESIAN_POINT('',(-48.,-46.,58.));
#5159=CARTESIAN_POINT('',(-48.,-46.,58.));
#5160=CARTESIAN_POINT('',(-48.,-46.,58.));
#5161=CARTESIAN_POINT('',(48.,0.,60.));
#5162=CARTESIAN_POINT('',(48.,-2.93915231795365E-15,52.));
#5163=CARTESIAN_POINT('',(48.,3.1,52.));
#5164=CARTESIAN_POINT('',(48.,-3.1,52.));
#5165=CARTESIAN_POINT('',(48.,3.1,43.0697967697244));
#5166=CARTESIAN_POINT('',(48.,3.1,43.0717967697244));
#5167=CARTESIAN_POINT('',(48.,-48.,43.0717967697244));
#5168=CARTESIAN_POINT('',(48.,46.,43.0717967697244));
#5169=CARTESIAN_POINT('',(48.,46.,0.));
#5170=CARTESIAN_POINT('',(48.,46.,0.));
#5171=CARTESIAN_POINT('',(48.,0.,0.));
#5172=CARTESIAN_POINT('',(48.,-46.,0.));
#5173=CARTESIAN_POINT('',(48.,-46.,60.));
#5174=CARTESIAN_POINT('',(48.,-46.,43.0717967697244));
#5175=CARTESIAN_POINT('',(48.,-48.,43.0717967697244));
#5176=CARTESIAN_POINT('',(48.,-3.1,43.0717967697244));
#5177=CARTESIAN_POINT('',(48.,-3.1,43.0697967697244));
#5178=CARTESIAN_POINT('',(-30.5,-48.,60.));
#5179=CARTESIAN_POINT('',(3.1,-48.,43.0697967697244));
#5180=CARTESIAN_POINT('',(3.1,-48.,54.2));
#5181=CARTESIAN_POINT('',(3.1,-48.,58.));
#5182=CARTESIAN_POINT('',(0.,-48.,54.2));
#5183=CARTESIAN_POINT('',(-3.1,-48.,54.2));
#5184=CARTESIAN_POINT('',(-3.1,-48.,43.0697967697244));
#5185=CARTESIAN_POINT('',(-3.1,-48.,58.));
#5186=CARTESIAN_POINT('',(-48.,-48.,58.));
#5187=CARTESIAN_POINT('',(-46.,-48.,58.));
#5188=CARTESIAN_POINT('',(-46.,-48.,60.));
#5189=CARTESIAN_POINT('',(-46.,-48.,60.));
#5190=CARTESIAN_POINT('',(-30.5,-48.,60.));
#5191=CARTESIAN_POINT('',(46.,-48.,60.));
#5192=CARTESIAN_POINT('',(46.,-48.,60.));
#5193=CARTESIAN_POINT('',(46.,-48.,58.));
#5194=CARTESIAN_POINT('',(-48.,-48.,58.));
#5195=CARTESIAN_POINT('',(-48.,-46.,50.5358983848622));
#5196=CARTESIAN_POINT('',(-3.1,-46.,50.5358983848622));
#5197=CARTESIAN_POINT('',(-3.1,-48.,43.0717967697244));
#5198=CARTESIAN_POINT('',(-3.1,-44.,58.));
#5199=CARTESIAN_POINT('',(-48.,-48.,43.0717967697244));
#5200=CARTESIAN_POINT('',(-46.,-48.,43.0717967697244));
#5201=CARTESIAN_POINT('',(-46.,-46.,50.5358983848622));
#5202=CARTESIAN_POINT('',(-47.4142135623731,-47.4142135623731,45.2579815173328));
#5203=CARTESIAN_POINT('',(-46.1255634405894,-46.1255634405894,50.0672892450096));
#5204=CARTESIAN_POINT('',(-44.,-44.,58.));
#5205=CARTESIAN_POINT('',(-48.,-44.,58.));
#5206=CARTESIAN_POINT('',(-48.,46.,58.));
#5207=CARTESIAN_POINT('',(-3.09999999999995,46.,58.));
#5208=CARTESIAN_POINT('',(-44.,-48.,58.));
#5209=CARTESIAN_POINT('',(-44.,-3.1,58.));
#5210=CARTESIAN_POINT('',(-48.,-3.1,58.));
#5211=CARTESIAN_POINT('',(-46.,-46.,58.));
#5212=CARTESIAN_POINT('',(-48.,46.,58.));
#5213=CARTESIAN_POINT('',(3.10000000000004,46.,58.));
#5214=CARTESIAN_POINT('',(3.1,-44.,58.));
#5215=CARTESIAN_POINT('',(46.,-46.,58.));
#5216=CARTESIAN_POINT('',(48.,-46.,58.));
#5217=CARTESIAN_POINT('',(48.,46.,58.));
#5218=CARTESIAN_POINT('',(48.,-3.1,58.));
#5219=CARTESIAN_POINT('',(-48.,-3.1,58.));
#5220=CARTESIAN_POINT('',(44.,-3.1,58.));
#5221=CARTESIAN_POINT('',(44.,-48.,58.));
#5222=CARTESIAN_POINT('',(44.,-44.,58.));
#5223=CARTESIAN_POINT('',(-48.,-44.,58.));
#5224=CARTESIAN_POINT('',(-48.,46.,58.));
#5225=CARTESIAN_POINT('',(-48.,3.1,58.));
#5226=CARTESIAN_POINT('',(-44.,3.1,58.));
#5227=CARTESIAN_POINT('',(-44.,-48.,58.));
#5228=CARTESIAN_POINT('',(-44.,44.,58.));
#5229=CARTESIAN_POINT('',(-48.,44.,58.));
#5230=CARTESIAN_POINT('',(-7.5,44.,58.));
#5231=CARTESIAN_POINT('',(-7.5,46.,58.));
#5232=CARTESIAN_POINT('',(-7.5,48.,58.));
#5233=CARTESIAN_POINT('',(-48.,48.,58.));
#5234=CARTESIAN_POINT('',(-46.,48.,58.));
#5235=CARTESIAN_POINT('',(-46.,46.,58.));
#5236=CARTESIAN_POINT('',(-46.,-48.,50.5358983848622));
#5237=CARTESIAN_POINT('',(-46.,3.1,50.5358983848622));
#5238=CARTESIAN_POINT('',(-48.,3.1,43.0717967697244));
#5239=CARTESIAN_POINT('',(-48.,-48.,43.0717967697244));
#5240=CARTESIAN_POINT('',(-48.,46.,43.0717967697245));
#5241=CARTESIAN_POINT('',(-46.,46.,50.5358983848623));
#5242=CARTESIAN_POINT('',(-47.4142135623731,47.4142135623731,45.2579815173329));
#5243=CARTESIAN_POINT('',(-46.1255634405894,46.1255634405894,50.0672892450096));
#5244=CARTESIAN_POINT('',(46.,-48.,50.5358983848622));
#5245=CARTESIAN_POINT('',(46.,-3.1,50.5358983848622));
#5246=CARTESIAN_POINT('',(46.,-46.,50.5358983848622));
#5247=CARTESIAN_POINT('',(47.4142135623731,-47.4142135623731,45.2579815173329));
#5248=CARTESIAN_POINT('',(40.0985182923,-40.0985182923,72.5605279579372));
#5249=CARTESIAN_POINT('',(-48.,-46.,50.5358983848622));
#5250=CARTESIAN_POINT('',(-48.,-48.,43.0717967697244));
#5251=CARTESIAN_POINT('',(3.1,-48.,43.0717967697244));
#5252=CARTESIAN_POINT('',(46.,-48.,43.0717967697244));
#5253=CARTESIAN_POINT('',(3.1,-46.,50.5358983848622));
#5254=CARTESIAN_POINT('',(46.,-46.,50.5358983848623));
#5255=CARTESIAN_POINT('',(-48.,46.,50.5358983848622));
#5256=CARTESIAN_POINT('',(-46.,46.,50.5358983848623));
#5257=CARTESIAN_POINT('',(-46.,48.,43.0717967697244));
#5258=CARTESIAN_POINT('',(-48.,48.,43.0717967697244));
#5259=CARTESIAN_POINT('',(46.,48.,43.0717967697244));
#5260=CARTESIAN_POINT('',(46.,46.,50.5358983848623));
#5261=CARTESIAN_POINT('',(47.4142135623731,47.4142135623731,45.2579815173329));
#5262=CARTESIAN_POINT('',(40.0985182923,40.0985182923,72.5605279579372));
#5263=CARTESIAN_POINT('',(44.,44.,58.));
#5264=CARTESIAN_POINT('',(-48.,44.,58.));
#5265=CARTESIAN_POINT('',(7.5,44.,58.));
#5266=CARTESIAN_POINT('',(5.5,44.,58.));
#5267=CARTESIAN_POINT('',(5.5,44.5358983848623,56.));
#5268=CARTESIAN_POINT('',(-48.,44.5358983848623,56.));
#5269=CARTESIAN_POINT('',(-5.5,44.5358983848623,56.));
#5270=CARTESIAN_POINT('',(-5.5,44.,58.));
#5271=CARTESIAN_POINT('',(-46.,46.,60.));
#5272=CARTESIAN_POINT('',(-48.,46.,60.));
#5273=CARTESIAN_POINT('',(-48.,46.,0.));
#5274=CARTESIAN_POINT('',(-46.,46.,0.));
#5275=CARTESIAN_POINT('',(-46.,48.,0.));
#5276=CARTESIAN_POINT('',(-46.,48.,60.));
#5277=CARTESIAN_POINT('',(-46.,-46.,60.));
#5278=CARTESIAN_POINT('',(-46.,-46.,50.5358983848622));
#5279=CARTESIAN_POINT('',(-48.,-46.,43.0717967697244));
#5280=CARTESIAN_POINT('',(-46.,-48.,43.0717967697244));
#5281=CARTESIAN_POINT('',(-46.,-48.,0.));
#5282=CARTESIAN_POINT('',(-46.,-46.,0.));
#5283=CARTESIAN_POINT('',(-48.,-46.,0.));
#5284=CARTESIAN_POINT('',(-48.,-46.,0.));
#5285=CARTESIAN_POINT('',(0.,0.,2.5));
#5286=CARTESIAN_POINT('',(-31.5,-46.75,2.5));
#5287=CARTESIAN_POINT('',(-31.5,-47.5,2.5));
#5288=CARTESIAN_POINT('',(-31.5,-45.5,2.5));
#5289=CARTESIAN_POINT('',(-30.5,-47.5,2.5));
#5290=CARTESIAN_POINT('',(-29.5,-47.5,2.5));
#5291=CARTESIAN_POINT('',(-29.5,-46.75,2.5));
#5292=CARTESIAN_POINT('',(-29.5,-45.5,2.5));
#5293=CARTESIAN_POINT('',(-30.5,-45.5,2.5));
#5294=CARTESIAN_POINT('',(6.93889390390723E-15,48.,60.));
#5295=CARTESIAN_POINT('',(6.93889390390723E-15,48.,60.));
#5296=CARTESIAN_POINT('',(-46.,48.,60.));
#5297=CARTESIAN_POINT('',(-7.5,48.,60.));
#5298=CARTESIAN_POINT('',(-46.,48.,60.));
#5299=CARTESIAN_POINT('',(-7.5,48.,60.));
#5300=CARTESIAN_POINT('',(0.,0.,60.));
#5301=CARTESIAN_POINT('',(46.,46.,60.));
#5302=CARTESIAN_POINT('',(49.,46.,60.));
#5303=CARTESIAN_POINT('',(46.,49.,60.));
#5304=CARTESIAN_POINT('',(7.5,49.,60.));
#5305=CARTESIAN_POINT('',(7.5,49.,60.));
#5306=CARTESIAN_POINT('',(7.5,44.,60.));
#5307=CARTESIAN_POINT('',(7.5,48.,60.));
#5308=CARTESIAN_POINT('',(6.93889390390723E-15,48.,60.));
#5309=CARTESIAN_POINT('',(46.,48.,60.));
#5310=CARTESIAN_POINT('',(46.,46.,60.));
#5311=CARTESIAN_POINT('',(48.,46.,60.));
#5312=CARTESIAN_POINT('',(48.,0.,60.));
#5313=CARTESIAN_POINT('',(48.,-46.,60.));
#5314=CARTESIAN_POINT('',(46.,-46.,60.));
#5315=CARTESIAN_POINT('',(-46.,-46.,60.));
#5316=CARTESIAN_POINT('',(-46.,46.,60.));
#5317=CARTESIAN_POINT('',(-7.5,44.,60.));
#5318=CARTESIAN_POINT('',(-7.5,49.,60.));
#5319=CARTESIAN_POINT('',(-46.,49.,60.));
#5320=CARTESIAN_POINT('',(-46.,49.,60.));
#5321=CARTESIAN_POINT('',(-46.,46.,60.));
#5322=CARTESIAN_POINT('',(-49.,46.,60.));
#5323=CARTESIAN_POINT('',(-49.,6.80011602582908E-15,60.));
#5324=CARTESIAN_POINT('',(-49.,-46.,60.));
#5325=CARTESIAN_POINT('',(-46.,-46.,60.));
#5326=CARTESIAN_POINT('',(-46.,-49.,60.));
#5327=CARTESIAN_POINT('',(0.,-49.,60.));
#5328=CARTESIAN_POINT('',(46.,-49.,60.));
#5329=CARTESIAN_POINT('',(46.,-46.,60.));
#5330=CARTESIAN_POINT('',(49.,-46.,60.));
#5331=CARTESIAN_POINT('',(49.,46.,60.));
#5332=CARTESIAN_POINT('',(6.93889390390723E-15,50.,-2.));
#5333=CARTESIAN_POINT('',(46.,50.,-2.));
#5334=CARTESIAN_POINT('',(46.,50.,59.));
#5335=CARTESIAN_POINT('',(46.,50.,-1.));
#5336=CARTESIAN_POINT('',(6.93889390390723E-15,50.,-1.));
#5337=CARTESIAN_POINT('',(-46.,50.,-1.));
#5338=CARTESIAN_POINT('',(-46.,50.,60.));
#5339=CARTESIAN_POINT('',(-46.,50.,59.));
#5340=CARTESIAN_POINT('',(-7.5,50.,59.));
#5341=CARTESIAN_POINT('',(-7.5,50.,59.));
#5342=CARTESIAN_POINT('',(-7.5,50.,58.));
#5343=CARTESIAN_POINT('',(-7.5,50.,58.));
#5344=CARTESIAN_POINT('',(-5.5,50.,58.));
#5345=CARTESIAN_POINT('',(-5.5,50.,56.));
#5346=CARTESIAN_POINT('',(0.,50.,56.));
#5347=CARTESIAN_POINT('',(5.5,50.,56.));
#5348=CARTESIAN_POINT('',(5.5,50.,58.));
#5349=CARTESIAN_POINT('',(7.5,50.,58.));
#5350=CARTESIAN_POINT('',(7.5,50.,58.));
#5351=CARTESIAN_POINT('',(7.5,50.,59.));
#5352=CARTESIAN_POINT('',(46.,50.,59.));
#5353=CARTESIAN_POINT('',(-48.,0.,60.));
#5354=CARTESIAN_POINT('',(-48.,-2.93915231795365E-15,52.));
#5355=CARTESIAN_POINT('',(-48.,-3.1,52.));
#5356=CARTESIAN_POINT('',(-48.,3.1,52.));
#5357=CARTESIAN_POINT('',(-48.,-3.1,43.0697967697244));
#5358=CARTESIAN_POINT('',(-48.,-3.1,43.0717967697244));
#5359=CARTESIAN_POINT('',(-48.,-48.,43.0717967697244));
#5360=CARTESIAN_POINT('',(-48.,0.,0.));
#5361=CARTESIAN_POINT('',(-48.,3.1,43.0697967697244));
#5362=CARTESIAN_POINT('',(6.93889390390723E-15,48.,60.));
#5363=CARTESIAN_POINT('',(6.93889390390723E-15,48.,0.));
#5364=CARTESIAN_POINT('',(46.,48.,0.));
#5365=CARTESIAN_POINT('',(46.,48.,43.0717967697244));
#5366=CARTESIAN_POINT('',(48.,0.,60.));
#5367=CARTESIAN_POINT('',(48.,3.1,43.0697967697244));
#5368=CARTESIAN_POINT('',(48.,3.1,54.2));
#5369=CARTESIAN_POINT('',(48.,3.1,58.));
#5370=CARTESIAN_POINT('',(48.,-2.93915231795365E-15,54.2));
#5371=CARTESIAN_POINT('',(48.,-3.1,54.2));
#5372=CARTESIAN_POINT('',(48.,-3.1,43.0697967697244));
#5373=CARTESIAN_POINT('',(48.,-46.,60.));
#5374=CARTESIAN_POINT('',(48.,46.,58.));
#5375=CARTESIAN_POINT('',(48.,46.,58.));
#5376=CARTESIAN_POINT('',(48.,46.,58.));
#5377=CARTESIAN_POINT('',(-30.5,-48.,60.));
#5378=CARTESIAN_POINT('',(0.,-48.,52.));
#5379=CARTESIAN_POINT('',(3.1,-48.,52.));
#5380=CARTESIAN_POINT('',(-3.1,-48.,52.));
#5381=CARTESIAN_POINT('',(3.1,-48.,43.0697967697244));
#5382=CARTESIAN_POINT('',(46.,-48.,60.));
#5383=CARTESIAN_POINT('',(46.,-48.,0.));
#5384=CARTESIAN_POINT('',(-30.5,-48.,0.));
#5385=CARTESIAN_POINT('',(33.5,-48.,0.));
#5386=CARTESIAN_POINT('',(33.5,-48.,6.));
#5387=CARTESIAN_POINT('',(33.5,-48.,6.));
#5388=CARTESIAN_POINT('',(32.5,-48.,6.));
#5389=CARTESIAN_POINT('',(29.5,-48.,6.));
#5390=CARTESIAN_POINT('',(29.5,-48.,2.5));
#5391=CARTESIAN_POINT('',(29.5,-48.,0.));
#5392=CARTESIAN_POINT('',(-30.5,-48.,0.));
#5393=CARTESIAN_POINT('',(-29.5,-48.,0.));
#5394=CARTESIAN_POINT('',(-29.5,-48.,2.5));
#5395=CARTESIAN_POINT('',(-29.5,-48.,6.));
#5396=CARTESIAN_POINT('',(-32.5,-48.,6.));
#5397=CARTESIAN_POINT('',(-33.5,-48.,6.));
#5398=CARTESIAN_POINT('',(-33.5,-48.,6.));
#5399=CARTESIAN_POINT('',(-33.5,-48.,0.));
#5400=CARTESIAN_POINT('',(-30.5,-48.,0.));
#5401=CARTESIAN_POINT('',(-3.1,-48.,43.0697967697244));
#5402=CARTESIAN_POINT('',(5.,-48.,18.4));
#5403=CARTESIAN_POINT('',(5.,-48.,18.5));
#5404=CARTESIAN_POINT('',(5.,-48.,18.3));
#5405=CARTESIAN_POINT('',(3.,-48.,18.5));
#5406=CARTESIAN_POINT('',(3.,-48.,20.5));
#5407=CARTESIAN_POINT('',(0.,-48.,20.5));
#5408=CARTESIAN_POINT('',(-3.,-48.,20.5));
#5409=CARTESIAN_POINT('',(-3.,-48.,18.5));
#5410=CARTESIAN_POINT('',(-5.,-48.,18.5));
#5411=CARTESIAN_POINT('',(-5.,-48.,18.4));
#5412=CARTESIAN_POINT('',(-5.,-48.,18.3));
#5413=CARTESIAN_POINT('',(-3.,-48.,18.3));
#5414=CARTESIAN_POINT('',(-3.,-48.,16.3));
#5415=CARTESIAN_POINT('',(0.,-48.,16.3));
#5416=CARTESIAN_POINT('',(3.,-48.,16.3));
#5417=CARTESIAN_POINT('',(3.,-48.,18.3));
#5418=CARTESIAN_POINT('',(-6.93889390390723E-15,-50.,-2.));
#5419=CARTESIAN_POINT('',(-46.,-50.,-2.));
#5420=CARTESIAN_POINT('',(-46.,-50.,59.));
#5421=CARTESIAN_POINT('',(-46.,-50.,-1.));
#5422=CARTESIAN_POINT('',(46.,-50.,-1.));
#5423=CARTESIAN_POINT('',(46.,-50.,-1.));
#5424=CARTESIAN_POINT('',(46.,-50.,60.));
#5425=CARTESIAN_POINT('',(46.,-50.,59.));
#5426=CARTESIAN_POINT('',(-6.93889390390723E-15,-50.,59.));
#5427=CARTESIAN_POINT('',(-5.,-50.,18.4));
#5428=CARTESIAN_POINT('',(-5.,-50.,18.5));
#5429=CARTESIAN_POINT('',(-5.,-50.,18.3));
#5430=CARTESIAN_POINT('',(-3.,-50.,18.5));
#5431=CARTESIAN_POINT('',(-3.,-50.,20.5));
#5432=CARTESIAN_POINT('',(0.,-50.,20.5));
#5433=CARTESIAN_POINT('',(3.,-50.,20.5));
#5434=CARTESIAN_POINT('',(3.,-50.,18.5));
#5435=CARTESIAN_POINT('',(5.,-50.,18.5));
#5436=CARTESIAN_POINT('',(5.,-50.,18.4));
#5437=CARTESIAN_POINT('',(5.,-50.,18.3));
#5438=CARTESIAN_POINT('',(3.,-50.,18.3));
#5439=CARTESIAN_POINT('',(3.,-50.,16.3));
#5440=CARTESIAN_POINT('',(0.,-50.,16.3));
#5441=CARTESIAN_POINT('',(-3.,-50.,16.3));
#5442=CARTESIAN_POINT('',(-3.,-50.,18.3));
#5443=CARTESIAN_POINT('',(0.,0.,0.));
#5444=CARTESIAN_POINT('',(-30.5,-10.5,0.));
#5445=CARTESIAN_POINT('',(-27.5,-10.5,0.));
#5446=CARTESIAN_POINT('',(-29.5,-10.5,0.));
#5447=CARTESIAN_POINT('',(-29.5,-11.5,0.));
#5448=CARTESIAN_POINT('',(-29.5,-12.5,0.));
#5449=CARTESIAN_POINT('',(-30.5,-12.5,0.));
#5450=CARTESIAN_POINT('',(-31.5,-12.5,0.));
#5451=CARTESIAN_POINT('',(-31.5,-13.5,0.));
#5452=CARTESIAN_POINT('',(-31.5,-14.5,0.));
#5453=CARTESIAN_POINT('',(-32.5,-14.5,0.));
#5454=CARTESIAN_POINT('',(-33.5,-14.5,0.));
#5455=CARTESIAN_POINT('',(-33.5,-9.5,0.));
#5456=CARTESIAN_POINT('',(-33.5,-8.5,0.));
#5457=CARTESIAN_POINT('',(-30.5,-8.5,0.));
#5458=CARTESIAN_POINT('',(-27.5,-8.5,0.));
#5459=CARTESIAN_POINT('',(-27.5,-9.5,0.));
#5460=CARTESIAN_POINT('',(31.5,-11.5,0.));
#5461=CARTESIAN_POINT('',(31.5,-12.5,0.));
#5462=CARTESIAN_POINT('',(31.5,-14.5,0.));
#5463=CARTESIAN_POINT('',(30.5,-12.5,0.));
#5464=CARTESIAN_POINT('',(29.5,-12.5,0.));
#5465=CARTESIAN_POINT('',(29.5,-11.5,0.));
#5466=CARTESIAN_POINT('',(29.5,-10.5,0.));
#5467=CARTESIAN_POINT('',(28.5,-10.5,0.));
#5468=CARTESIAN_POINT('',(27.5,-10.5,0.));
#5469=CARTESIAN_POINT('',(27.5,-9.5,0.));
#5470=CARTESIAN_POINT('',(27.5,-8.5,0.));
#5471=CARTESIAN_POINT('',(30.5,-8.5,0.));
#5472=CARTESIAN_POINT('',(33.5,-8.5,0.));
#5473=CARTESIAN_POINT('',(33.5,-12.5,0.));
#5474=CARTESIAN_POINT('',(33.5,-14.5,0.));
#5475=CARTESIAN_POINT('',(32.5,-14.5,0.));
#5476=CARTESIAN_POINT('',(0.,-10.5,0.));
#5477=CARTESIAN_POINT('',(1.,-10.5,0.));
#5478=CARTESIAN_POINT('',(2.,-10.5,0.));
#5479=CARTESIAN_POINT('',(1.,-11.5,0.));
#5480=CARTESIAN_POINT('',(1.,-12.5,0.));
#5481=CARTESIAN_POINT('',(0.,-12.5,0.));
#5482=CARTESIAN_POINT('',(-1.,-12.5,0.));
#5483=CARTESIAN_POINT('',(-1.,-11.5,0.));
#5484=CARTESIAN_POINT('',(-1.,-10.5,0.));
#5485=CARTESIAN_POINT('',(0.,-10.5,0.));
#5486=CARTESIAN_POINT('',(-2.,-10.5,0.));
#5487=CARTESIAN_POINT('',(-2.,-9.5,0.));
#5488=CARTESIAN_POINT('',(-2.,-8.5,0.));
#5489=CARTESIAN_POINT('',(0.,-8.5,0.));
#5490=CARTESIAN_POINT('',(2.,-8.5,0.));
#5491=CARTESIAN_POINT('',(2.,-9.5,0.));
#5492=CARTESIAN_POINT('',(46.,46.,0.));
#5493=CARTESIAN_POINT('',(-33.5,-45.75,0.));
#5494=CARTESIAN_POINT('',(-33.5,-43.5,0.));
#5495=CARTESIAN_POINT('',(-32.5,-43.5,0.));
#5496=CARTESIAN_POINT('',(-31.5,-43.5,0.));
#5497=CARTESIAN_POINT('',(-31.5,-46.75,0.));
#5498=CARTESIAN_POINT('',(-31.5,-45.5,0.));
#5499=CARTESIAN_POINT('',(-30.5,-45.5,0.));
#5500=CARTESIAN_POINT('',(-29.5,-45.5,0.));
#5501=CARTESIAN_POINT('',(-29.5,-46.75,0.));
#5502=CARTESIAN_POINT('',(29.5,-46.75,0.));
#5503=CARTESIAN_POINT('',(29.5,-45.5,0.));
#5504=CARTESIAN_POINT('',(30.5,-45.5,0.));
#5505=CARTESIAN_POINT('',(31.5,-45.5,0.));
#5506=CARTESIAN_POINT('',(31.5,-46.75,0.));
#5507=CARTESIAN_POINT('',(31.5,-43.5,0.));
#5508=CARTESIAN_POINT('',(32.5,-43.5,0.));
#5509=CARTESIAN_POINT('',(33.5,-43.5,0.));
#5510=CARTESIAN_POINT('',(33.5,-45.75,0.));
#5511=CARTESIAN_POINT('',(46.,-46.,0.));
#5512=CARTESIAN_POINT('',(0.,-10.5,6.));
#5513=CARTESIAN_POINT('',(-1.,-10.5,2.5));
#5514=CARTESIAN_POINT('',(-1.,-10.5,2.5));
#5515=CARTESIAN_POINT('',(0.,-10.5,2.5));
#5516=CARTESIAN_POINT('',(1.,-10.5,2.5));
#5517=CARTESIAN_POINT('',(1.,-10.5,2.5));
#5518=CARTESIAN_POINT('',(2.,-10.5,6.));
#5519=CARTESIAN_POINT('',(2.,-10.5,6.));
#5520=CARTESIAN_POINT('',(0.,-10.5,6.));
#5521=CARTESIAN_POINT('',(-2.,-10.5,6.));
#5522=CARTESIAN_POINT('',(-2.,-10.5,6.));
#5523=CARTESIAN_POINT('',(-31.5,-46.75,6.));
#5524=CARTESIAN_POINT('',(-31.5,-46.75,6.));
#5525=CARTESIAN_POINT('',(-31.5,-47.5,6.));
#5526=CARTESIAN_POINT('',(-31.5,-43.5,6.));
#5527=CARTESIAN_POINT('',(-31.5,-47.5,6.));
#5528=CARTESIAN_POINT('',(-31.5,-45.5,2.5));
#5529=CARTESIAN_POINT('',(-31.5,-43.5,6.));
#5530=CARTESIAN_POINT('',(-32.5,-43.5,6.));
#5531=CARTESIAN_POINT('',(-33.5,-43.5,6.));
#5532=CARTESIAN_POINT('',(-33.5,-43.5,6.));
#5533=CARTESIAN_POINT('',(-32.5,-43.5,6.));
#5534=CARTESIAN_POINT('',(-33.5,-45.75,6.));
#5535=CARTESIAN_POINT('',(-33.5,-45.75,6.));
#5536=CARTESIAN_POINT('',(0.,0.,6.));
#5537=CARTESIAN_POINT('',(-29.5,-46.75,6.));
#5538=CARTESIAN_POINT('',(-29.5,-47.5,6.));
#5539=CARTESIAN_POINT('',(-30.5,-47.5,6.));
#5540=CARTESIAN_POINT('',(2.,-9.5,6.));
#5541=CARTESIAN_POINT('',(2.,-8.5,6.));
#5542=CARTESIAN_POINT('',(2.,-8.5,6.));
#5543=CARTESIAN_POINT('',(2.,-9.5,6.));
#5544=CARTESIAN_POINT('',(0.,-8.5,6.));
#5545=CARTESIAN_POINT('',(-2.,-8.5,6.));
#5546=CARTESIAN_POINT('',(-2.,-8.5,6.));
#5547=CARTESIAN_POINT('',(0.,-8.5,6.));
#5548=CARTESIAN_POINT('',(-2.,-9.5,6.));
#5549=CARTESIAN_POINT('',(-2.,-9.5,6.));
#5550=CARTESIAN_POINT('',(0.,0.,6.));
#5551=CARTESIAN_POINT('',(31.5,-11.5,6.));
#5552=CARTESIAN_POINT('',(31.5,-10.5,6.));
#5553=CARTESIAN_POINT('',(31.5,-10.5,6.));
#5554=CARTESIAN_POINT('',(31.5,-10.5,2.5));
#5555=CARTESIAN_POINT('',(31.5,-11.5,2.5));
#5556=CARTESIAN_POINT('',(31.5,-12.5,2.5));
#5557=CARTESIAN_POINT('',(31.5,-12.5,2.5));
#5558=CARTESIAN_POINT('',(31.5,-14.5,6.));
#5559=CARTESIAN_POINT('',(31.5,-14.5,6.));
#5560=CARTESIAN_POINT('',(31.5,-11.5,6.));
#5561=CARTESIAN_POINT('',(32.5,-14.5,6.));
#5562=CARTESIAN_POINT('',(33.5,-14.5,6.));
#5563=CARTESIAN_POINT('',(33.5,-14.5,6.));
#5564=CARTESIAN_POINT('',(32.5,-14.5,6.));
#5565=CARTESIAN_POINT('',(33.5,-12.5,6.));
#5566=CARTESIAN_POINT('',(33.5,-8.5,6.));
#5567=CARTESIAN_POINT('',(33.5,-8.5,6.));
#5568=CARTESIAN_POINT('',(33.5,-12.5,6.));
#5569=CARTESIAN_POINT('',(30.5,-8.5,6.));
#5570=CARTESIAN_POINT('',(27.5,-8.5,6.));
#5571=CARTESIAN_POINT('',(27.5,-8.5,6.));
#5572=CARTESIAN_POINT('',(30.5,-8.5,6.));
#5573=CARTESIAN_POINT('',(27.5,-9.5,6.));
#5574=CARTESIAN_POINT('',(27.5,-10.5,6.));
#5575=CARTESIAN_POINT('',(27.5,-10.5,6.));
#5576=CARTESIAN_POINT('',(27.5,-9.5,6.));
#5577=CARTESIAN_POINT('',(28.5,-10.5,6.));
#5578=CARTESIAN_POINT('',(29.5,-10.5,2.5));
#5579=CARTESIAN_POINT('',(29.5,-10.5,2.5));
#5580=CARTESIAN_POINT('',(30.5,-10.5,2.5));
#5581=CARTESIAN_POINT('',(28.5,-10.5,6.));
#5582=CARTESIAN_POINT('',(0.,0.,6.));
#5583=CARTESIAN_POINT('',(-31.5,-13.5,6.));
#5584=CARTESIAN_POINT('',(-31.5,-12.5,2.5));
#5585=CARTESIAN_POINT('',(-31.5,-12.5,2.5));
#5586=CARTESIAN_POINT('',(-31.5,-11.5,2.5));
#5587=CARTESIAN_POINT('',(-31.5,-10.5,2.5));
#5588=CARTESIAN_POINT('',(-31.5,-10.5,6.));
#5589=CARTESIAN_POINT('',(-31.5,-10.5,6.));
#5590=CARTESIAN_POINT('',(-31.5,-13.5,6.));
#5591=CARTESIAN_POINT('',(-31.5,-14.5,6.));
#5592=CARTESIAN_POINT('',(-31.5,-14.5,6.));
#5593=CARTESIAN_POINT('',(-30.5,-10.5,6.));
#5594=CARTESIAN_POINT('',(-30.5,-10.5,2.5));
#5595=CARTESIAN_POINT('',(-29.5,-10.5,2.5));
#5596=CARTESIAN_POINT('',(-29.5,-10.5,2.5));
#5597=CARTESIAN_POINT('',(-27.5,-10.5,6.));
#5598=CARTESIAN_POINT('',(-27.5,-10.5,6.));
#5599=CARTESIAN_POINT('',(-30.5,-10.5,6.));
#5600=CARTESIAN_POINT('',(-27.5,-9.5,6.));
#5601=CARTESIAN_POINT('',(-27.5,-8.5,6.));
#5602=CARTESIAN_POINT('',(-27.5,-8.5,6.));
#5603=CARTESIAN_POINT('',(-27.5,-9.5,6.));
#5604=CARTESIAN_POINT('',(-30.5,-8.5,6.));
#5605=CARTESIAN_POINT('',(-33.5,-8.5,6.));
#5606=CARTESIAN_POINT('',(-33.5,-8.5,6.));
#5607=CARTESIAN_POINT('',(-30.5,-8.5,6.));
#5608=CARTESIAN_POINT('',(-33.5,-9.5,6.));
#5609=CARTESIAN_POINT('',(-33.5,-14.5,6.));
#5610=CARTESIAN_POINT('',(-33.5,-14.5,6.));
#5611=CARTESIAN_POINT('',(-33.5,-9.5,6.));
#5612=CARTESIAN_POINT('',(-32.5,-14.5,6.));
#5613=CARTESIAN_POINT('',(-32.5,-14.5,6.));
#5614=CARTESIAN_POINT('',(0.,0.,6.));
#5615=CARTESIAN_POINT('',(31.5,-46.75,6.));
#5616=CARTESIAN_POINT('',(31.5,-47.5,6.));
#5617=CARTESIAN_POINT('',(31.5,-47.5,6.));
#5618=CARTESIAN_POINT('',(31.5,-47.5,2.5));
#5619=CARTESIAN_POINT('',(31.5,-46.75,6.));
#5620=CARTESIAN_POINT('',(31.5,-43.5,6.));
#5621=CARTESIAN_POINT('',(31.5,-43.5,6.));
#5622=CARTESIAN_POINT('',(31.5,-45.5,2.5));
#5623=CARTESIAN_POINT('',(31.5,-45.5,2.5));
#5624=CARTESIAN_POINT('',(31.5,-46.75,2.5));
#5625=CARTESIAN_POINT('',(33.5,-45.75,6.));
#5626=CARTESIAN_POINT('',(33.5,-43.5,6.));
#5627=CARTESIAN_POINT('',(33.5,-43.5,6.));
#5628=CARTESIAN_POINT('',(33.5,-45.75,6.));
#5629=CARTESIAN_POINT('',(32.5,-43.5,6.));
#5630=CARTESIAN_POINT('',(32.5,-43.5,6.));
#5631=CARTESIAN_POINT('',(0.,0.,6.));
#5632=CARTESIAN_POINT('',(30.5,-47.5,6.));
#5633=CARTESIAN_POINT('',(29.5,-47.5,6.));
#5634=CARTESIAN_POINT('',(29.5,-47.75,6.));
#5635=CARTESIAN_POINT('',(-1.,-11.5,2.5));
#5636=CARTESIAN_POINT('',(-1.,-12.5,2.5));
#5637=CARTESIAN_POINT('',(-1.,-12.5,2.5));
#5638=CARTESIAN_POINT('',(-1.,-11.5,2.5));
#5639=CARTESIAN_POINT('',(0.,-12.5,2.5));
#5640=CARTESIAN_POINT('',(1.,-12.5,2.5));
#5641=CARTESIAN_POINT('',(1.,-12.5,2.5));
#5642=CARTESIAN_POINT('',(0.,-12.5,2.5));
#5643=CARTESIAN_POINT('',(1.,-11.5,2.5));
#5644=CARTESIAN_POINT('',(1.,-11.5,2.5));
#5645=CARTESIAN_POINT('',(0.,0.,2.5));
#5646=CARTESIAN_POINT('',(-29.5,-46.75,2.5));
#5647=CARTESIAN_POINT('',(-29.5,-45.5,2.5));
#5648=CARTESIAN_POINT('',(-29.5,-47.5,6.));
#5649=CARTESIAN_POINT('',(-30.5,-45.5,2.5));
#5650=CARTESIAN_POINT('',(29.5,-46.75,2.5));
#5651=CARTESIAN_POINT('',(29.5,-47.5,6.));
#5652=CARTESIAN_POINT('',(29.5,-47.5,2.5));
#5653=CARTESIAN_POINT('',(29.5,-46.75,2.5));
#5654=CARTESIAN_POINT('',(29.5,-45.5,2.5));
#5655=CARTESIAN_POINT('',(29.5,-45.5,2.5));
#5656=CARTESIAN_POINT('',(30.5,-45.5,2.5));
#5657=CARTESIAN_POINT('',(30.5,-45.5,2.5));
#5658=CARTESIAN_POINT('',(0.,0.,2.5));
#5659=CARTESIAN_POINT('',(30.5,-47.5,2.5));
#5660=CARTESIAN_POINT('',(-29.5,-11.5,2.5));
#5661=CARTESIAN_POINT('',(-29.5,-11.5,2.5));
#5662=CARTESIAN_POINT('',(-29.5,-12.5,2.5));
#5663=CARTESIAN_POINT('',(-29.5,-12.5,2.5));
#5664=CARTESIAN_POINT('',(-30.5,-12.5,2.5));
#5665=CARTESIAN_POINT('',(-30.5,-12.5,2.5));
#5666=CARTESIAN_POINT('',(0.,0.,2.5));
#5667=CARTESIAN_POINT('',(29.5,-11.5,2.5));
#5668=CARTESIAN_POINT('',(29.5,-12.5,2.5));
#5669=CARTESIAN_POINT('',(29.5,-12.5,2.5));
#5670=CARTESIAN_POINT('',(29.5,-11.5,2.5));
#5671=CARTESIAN_POINT('',(30.5,-12.5,2.5));
#5672=CARTESIAN_POINT('',(30.5,-12.5,2.5));
#5673=CARTESIAN_POINT('',(0.,0.,2.5));
#5674=CARTESIAN_POINT('',(6.93889390390723E-15,48.,60.));
#5675=CARTESIAN_POINT('',(-48.,48.,58.));
#5676=CARTESIAN_POINT('',(7.5,48.,58.));
#5677=CARTESIAN_POINT('',(46.,48.,58.));
#5678=CARTESIAN_POINT('',(46.,48.,60.));
#5679=CARTESIAN_POINT('',(7.5,48.,60.));
#5680=CARTESIAN_POINT('',(0.,0.,-2.));
#5681=CARTESIAN_POINT('',(0.,49.,-2.));
#5682=CARTESIAN_POINT('',(-46.,49.,-2.));
#5683=CARTESIAN_POINT('',(46.,49.,-2.));
#5684=CARTESIAN_POINT('',(46.,46.,-2.));
#5685=CARTESIAN_POINT('',(49.,46.,-2.));
#5686=CARTESIAN_POINT('',(49.,-6.80011602582908E-15,-2.));
#5687=CARTESIAN_POINT('',(49.,-46.,-2.));
#5688=CARTESIAN_POINT('',(46.,-46.,-2.));
#5689=CARTESIAN_POINT('',(46.,-49.,-2.));
#5690=CARTESIAN_POINT('',(-46.,-49.,-2.));
#5691=CARTESIAN_POINT('',(-46.,-49.,-2.));
#5692=CARTESIAN_POINT('',(-46.,-46.,-2.));
#5693=CARTESIAN_POINT('',(-49.,-46.,-2.));
#5694=CARTESIAN_POINT('',(-49.,46.,-2.));
#5695=CARTESIAN_POINT('',(-49.,46.,-2.));
#5696=CARTESIAN_POINT('',(-46.,46.,-2.));
#5697=CARTESIAN_POINT('',(50.,0.,-2.));
#5698=CARTESIAN_POINT('',(50.,-46.,-2.));
#5699=CARTESIAN_POINT('',(50.,-46.,59.));
#5700=CARTESIAN_POINT('',(50.,-46.,-1.));
#5701=CARTESIAN_POINT('',(50.,0.,-1.));
#5702=CARTESIAN_POINT('',(50.,46.,-1.));
#5703=CARTESIAN_POINT('',(50.,46.,-2.));
#5704=CARTESIAN_POINT('',(50.,46.,59.));
#5705=CARTESIAN_POINT('',(50.,-46.,59.));
#5706=CARTESIAN_POINT('',(-50.,0.,-2.));
#5707=CARTESIAN_POINT('',(-50.,46.,-2.));
#5708=CARTESIAN_POINT('',(-50.,46.,59.));
#5709=CARTESIAN_POINT('',(-50.,46.,-1.));
#5710=CARTESIAN_POINT('',(-50.,-46.,-1.));
#5711=CARTESIAN_POINT('',(-50.,-46.,-1.));
#5712=CARTESIAN_POINT('',(-50.,-46.,-2.));
#5713=CARTESIAN_POINT('',(-50.,-46.,59.));
#5714=CARTESIAN_POINT('',(-50.,0.,59.));
#5715=CARTESIAN_POINT('',(0.,-50.,20.5));
#5716=CARTESIAN_POINT('',(3.,-50.,20.5));
#5717=CARTESIAN_POINT('',(-3.,-48.,20.5));
#5718=CARTESIAN_POINT('',(5.,-50.,18.4));
#5719=CARTESIAN_POINT('',(5.,-50.,18.3));
#5720=CARTESIAN_POINT('',(5.,-50.,18.5));
#5721=CARTESIAN_POINT('',(0.,-50.,16.3));
#5722=CARTESIAN_POINT('',(-3.,-50.,16.3));
#5723=CARTESIAN_POINT('',(3.,-48.,16.3));
#5724=CARTESIAN_POINT('',(-5.,-50.,18.4));
#5725=CARTESIAN_POINT('',(-5.,-50.,18.3));
#5726=CARTESIAN_POINT('',(-5.,-50.,18.5));
#5727=CARTESIAN_POINT('',(-48.,46.,58.));
#5728=CARTESIAN_POINT('',(-48.,3.1,58.));
#5729=CARTESIAN_POINT('',(44.,3.1,58.));
#5730=CARTESIAN_POINT('',(46.,46.,58.));
#5731=CARTESIAN_POINT('',(7.5,46.,58.));
#5732=CARTESIAN_POINT('',(44.,-48.,58.));
#5733=CARTESIAN_POINT('',(7.5,44.,58.));
#5734=CARTESIAN_POINT('',(7.5,44.5358983848623,58.));
#5735=CARTESIAN_POINT('',(7.5,49.,59.));
#5736=CARTESIAN_POINT('',(-7.5,44.,58.));
#5737=CARTESIAN_POINT('',(-7.5,44.,58.));
#5738=CARTESIAN_POINT('',(-7.5,49.,59.));
#5739=CARTESIAN_POINT('',(0.,44.,56.));
#5740=CARTESIAN_POINT('',(-5.5,44.,56.));
#5741=CARTESIAN_POINT('',(5.5,50.,56.));
#5742=CARTESIAN_POINT('',(30.5,-47.5,6.));
#5743=CARTESIAN_POINT('',(-30.5,-47.5,6.));
#5744=CARTESIAN_POINT('',(-46.,46.,-2.));
#5745=CARTESIAN_POINT('',(-46.,46.,-1.));
#5746=CARTESIAN_POINT('',(-46.,46.,59.));
#5747=CARTESIAN_POINT('',(46.,46.,-2.));
#5748=CARTESIAN_POINT('',(46.,46.,-1.));
#5749=CARTESIAN_POINT('',(46.,46.,59.));
#5750=CARTESIAN_POINT('',(46.,-46.,-2.));
#5751=CARTESIAN_POINT('',(46.,-46.,-1.));
#5752=CARTESIAN_POINT('',(46.,-46.,59.));
#5753=CARTESIAN_POINT('',(-46.,-46.,-2.));
#5754=CARTESIAN_POINT('',(-46.,-46.,-1.));
#5755=CARTESIAN_POINT('',(-46.,-46.,59.));
#5756=CARTESIAN_POINT('',(46.,46.,60.));
#5757=CARTESIAN_POINT('',(46.,46.,50.5358983848622));
#5758=CARTESIAN_POINT('',(46.,46.,60.));
#5759=CARTESIAN_POINT('',(46.,-46.,60.));
#5760=CARTESIAN_POINT('',(46.,-46.,60.));
#5761=CARTESIAN_POINT('',(-46.,46.,60.));
#5762=CARTESIAN_POINT('',(-46.,-46.,60.));
#5763=CARTESIAN_POINT('',(-46.,-46.,-1.));
#5764=CARTESIAN_POINT('',(-46.,-49.,-1.));
#5765=CARTESIAN_POINT('',(-49.,-46.,-1.));
#5766=CARTESIAN_POINT('',(-49.,-1.38777878078145E-16,-1.));
#5767=CARTESIAN_POINT('',(-49.,46.,-1.));
#5768=CARTESIAN_POINT('',(-6.93889390390723E-15,-49.,-1.));
#5769=CARTESIAN_POINT('',(46.,-49.,-1.));
#5770=CARTESIAN_POINT('',(-46.,46.,-1.));
#5771=CARTESIAN_POINT('',(-46.,49.,-1.));
#5772=CARTESIAN_POINT('',(46.,-46.,-1.));
#5773=CARTESIAN_POINT('',(49.,-46.,-1.));
#5774=CARTESIAN_POINT('',(0.,49.,-1.));
#5775=CARTESIAN_POINT('',(46.,49.,-1.));
#5776=CARTESIAN_POINT('',(49.,-6.80011602582908E-15,-1.));
#5777=CARTESIAN_POINT('',(49.,46.,-1.));
#5778=CARTESIAN_POINT('',(46.,46.,-1.));
#5779=CARTESIAN_POINT('',(6.93889390390723E-15,49.,59.));
#5780=CARTESIAN_POINT('',(-46.,49.,59.));
#5781=CARTESIAN_POINT('',(-46.,46.,59.));
#5782=CARTESIAN_POINT('',(-49.,46.,59.));
#5783=CARTESIAN_POINT('',(-49.,6.80011602582908E-15,59.));
#5784=CARTESIAN_POINT('',(-49.,-46.,59.));
#5785=CARTESIAN_POINT('',(-46.,-46.,59.));
#5786=CARTESIAN_POINT('',(-46.,-49.,59.));
#5787=CARTESIAN_POINT('',(0.,-49.,59.));
#5788=CARTESIAN_POINT('',(46.,-49.,59.));
#5789=CARTESIAN_POINT('',(46.,-46.,59.));
#5790=CARTESIAN_POINT('',(49.,-46.,59.));
#5791=CARTESIAN_POINT('',(49.,1.38777878078145E-16,59.));
#5792=CARTESIAN_POINT('',(49.,46.,59.));
#5793=CARTESIAN_POINT('',(46.,46.,59.));
#5794=CARTESIAN_POINT('',(46.,49.,59.));
#5795=CARTESIAN_POINT('',(6.93889390390723E-15,49.,59.));
#5796=CARTESIAN_POINT('',(-3.,-50.,18.3));
#5797=CARTESIAN_POINT('',(3.,-50.,18.3));
#5798=CARTESIAN_POINT('',(3.,-50.,18.5));
#5799=CARTESIAN_POINT('',(-3.,-50.,18.5));
#5800=CARTESIAN_POINT('',(-5.5,44.,58.));
#5801=CARTESIAN_POINT('',(5.5,44.,58.));
#5802=CARTESIAN_POINT('',(-46.,-48.,50.5358983848622));
#5803=CARTESIAN_POINT('',(-46.,-3.1,50.5358983848622));
#5804=CARTESIAN_POINT('',(46.,-48.,50.5358983848622));
#5805=CARTESIAN_POINT('',(46.,3.1,50.5358983848622));
#5806=CARTESIAN_POINT('',(46.,-3.1,43.0697967697244));
#5807=CARTESIAN_POINT('',(48.6,-3.1,54.2));
#5808=CARTESIAN_POINT('',(48.6,-3.1,54.2));
#5809=CARTESIAN_POINT('',(48.6,-3.1,43.0697967697244));
#5810=CARTESIAN_POINT('',(48.6,-3.1,52.));
#5811=CARTESIAN_POINT('',(48.6,-3.1,52.));
#5812=CARTESIAN_POINT('',(46.,3.1,43.0697967697244));
#5813=CARTESIAN_POINT('',(48.6,3.1,52.));
#5814=CARTESIAN_POINT('',(48.6,3.1,52.));
#5815=CARTESIAN_POINT('',(48.6,3.1,43.0697967697244));
#5816=CARTESIAN_POINT('',(48.6,3.1,54.2));
#5817=CARTESIAN_POINT('',(48.6,3.1,54.2));
#5818=CARTESIAN_POINT('',(-46.,3.1,43.0697967697244));
#5819=CARTESIAN_POINT('',(-48.6,3.1,54.2));
#5820=CARTESIAN_POINT('',(-48.6,3.1,54.2));
#5821=CARTESIAN_POINT('',(-48.6,3.1,43.0697967697244));
#5822=CARTESIAN_POINT('',(-48.6,3.1,52.));
#5823=CARTESIAN_POINT('',(-48.6,3.1,52.));
#5824=CARTESIAN_POINT('',(-46.,-3.1,43.0697967697244));
#5825=CARTESIAN_POINT('',(-48.6,-3.1,52.));
#5826=CARTESIAN_POINT('',(-48.6,-3.1,52.));
#5827=CARTESIAN_POINT('',(-48.6,-3.1,43.0697967697244));
#5828=CARTESIAN_POINT('',(-48.6,-3.1,54.2));
#5829=CARTESIAN_POINT('',(-48.6,-3.1,54.2));
#5830=CARTESIAN_POINT('',(-3.1,-46.,43.0697967697244));
#5831=CARTESIAN_POINT('',(-3.1,-48.6,54.2));
#5832=CARTESIAN_POINT('',(-3.1,-48.6,54.2));
#5833=CARTESIAN_POINT('',(-3.1,-48.6,43.0697967697244));
#5834=CARTESIAN_POINT('',(-3.1,-48.6,52.));
#5835=CARTESIAN_POINT('',(-3.1,-48.6,52.));
#5836=CARTESIAN_POINT('',(3.1,-46.,43.0697967697244));
#5837=CARTESIAN_POINT('',(3.1,-48.6,52.));
#5838=CARTESIAN_POINT('',(3.1,-48.6,52.));
#5839=CARTESIAN_POINT('',(3.1,-48.6,43.0697967697244));
#5840=CARTESIAN_POINT('',(3.1,-48.6,54.2));
#5841=CARTESIAN_POINT('',(3.1,-48.6,54.2));
#5842=CARTESIAN_POINT('',(0.,-48.6,54.2));
#5843=CARTESIAN_POINT('',(0.,-48.6,54.2));
#5844=CARTESIAN_POINT('',(0.,-48.6,52.));
#5845=CARTESIAN_POINT('',(0.,-48.6,52.));
#5846=CARTESIAN_POINT('',(-6.93889390390723E-15,-48.6,30.));
#5847=CARTESIAN_POINT('',(48.6,-2.97589172192807E-15,54.2));
#5848=CARTESIAN_POINT('',(48.6,-2.97589172192807E-15,54.2));
#5849=CARTESIAN_POINT('',(48.6,-2.97589172192807E-15,52.));
#5850=CARTESIAN_POINT('',(48.6,-2.97589172192807E-15,52.));
#5851=CARTESIAN_POINT('',(48.6,-9.9147856258353E-15,30.));
#5852=CARTESIAN_POINT('',(-48.6,-2.97589172192807E-15,54.2));
#5853=CARTESIAN_POINT('',(-48.6,-2.97589172192807E-15,54.2));
#5854=CARTESIAN_POINT('',(-48.6,-2.97589172192807E-15,52.));
#5855=CARTESIAN_POINT('',(-48.6,-2.97589172192807E-15,52.));
#5856=CARTESIAN_POINT('',(-48.6,3.96300218197916E-15,30.));
#5857=CARTESIAN_POINT('',(-71.5322718024254,5.24842692539096,-21.4999999795657));
#5858=MECHANICAL_DESIGN_GEOMETRIC_PRESENTATION_REPRESENTATION('',(#3552,
#3553),#5859);
#5859=(
GEOMETRIC_REPRESENTATION_CONTEXT(3)
GLOBAL_UNCERTAINTY_ASSIGNED_CONTEXT((#5862))
GLOBAL_UNIT_ASSIGNED_CONTEXT((#5867,#5866,#5865))
REPRESENTATION_CONTEXT('Assembly 1','TOP_LEVEL_ASSEMBLY_PART')
);
#5860=(
GEOMETRIC_REPRESENTATION_CONTEXT(3)
GLOBAL_UNCERTAINTY_ASSIGNED_CONTEXT((#5863))
GLOBAL_UNIT_ASSIGNED_CONTEXT((#5867,#5866,#5865))
REPRESENTATION_CONTEXT('Part 2','COMPONENT_PART')
);
#5861=(
GEOMETRIC_REPRESENTATION_CONTEXT(3)
GLOBAL_UNCERTAINTY_ASSIGNED_CONTEXT((#5864))
GLOBAL_UNIT_ASSIGNED_CONTEXT((#5867,#5866,#5865))
REPRESENTATION_CONTEXT('Part 1','COMPONENT_PART')
);
#5862=UNCERTAINTY_MEASURE_WITH_UNIT(LENGTH_MEASURE(1.E-5),#5867,
'DISTANCE_ACCURACY_VALUE','Maximum Tolerance applied to model');
#5863=UNCERTAINTY_MEASURE_WITH_UNIT(LENGTH_MEASURE(1.E-5),#5867,
'DISTANCE_ACCURACY_VALUE','Maximum Tolerance applied to model');
#5864=UNCERTAINTY_MEASURE_WITH_UNIT(LENGTH_MEASURE(1.E-5),#5867,
'DISTANCE_ACCURACY_VALUE','Maximum Tolerance applied to model');
#5865=(
NAMED_UNIT(*)
SI_UNIT($,.STERADIAN.)
SOLID_ANGLE_UNIT()
);
#5866=(
NAMED_UNIT(*)
PLANE_ANGLE_UNIT()
SI_UNIT($,.RADIAN.)
);
#5867=(
LENGTH_UNIT()
NAMED_UNIT(*)
SI_UNIT(.MILLI.,.METRE.)
);
#5868=PRODUCT_DEFINITION_SHAPE('','',#5873);
#5869=PRODUCT_DEFINITION_SHAPE('','',#5874);
#5870=PRODUCT_DEFINITION_SHAPE(' ','NAUO PRDDFN',#30);
#5871=PRODUCT_DEFINITION_SHAPE('','',#5875);
#5872=PRODUCT_DEFINITION_SHAPE(' ','NAUO PRDDFN',#31);
#5873=PRODUCT_DEFINITION('','',#5879,#5876);
#5874=PRODUCT_DEFINITION('','',#5880,#5877);
#5875=PRODUCT_DEFINITION('','',#5881,#5878);
#5876=PRODUCT_DEFINITION_CONTEXT('',#5895,'design');
#5877=PRODUCT_DEFINITION_CONTEXT('',#5895,'design');
#5878=PRODUCT_DEFINITION_CONTEXT('',#5895,'design');
#5879=PRODUCT_DEFINITION_FORMATION_WITH_SPECIFIED_SOURCE('','',#5885,
 .NOT_KNOWN.);
#5880=PRODUCT_DEFINITION_FORMATION_WITH_SPECIFIED_SOURCE('','',#5886,
 .NOT_KNOWN.);
#5881=PRODUCT_DEFINITION_FORMATION_WITH_SPECIFIED_SOURCE('','',#5887,
 .NOT_KNOWN.);
#5882=PRODUCT_RELATED_PRODUCT_CATEGORY('','',(#5885));
#5883=PRODUCT_RELATED_PRODUCT_CATEGORY('','',(#5886));
#5884=PRODUCT_RELATED_PRODUCT_CATEGORY('','',(#5887));
#5885=PRODUCT('Assembly 1','Assembly 1','Assembly 1',(#5891));
#5886=PRODUCT('Part 2','Part 2','Part 2',(#5892));
#5887=PRODUCT('Part 1','Part 1','Part 1',(#5893));
#5888=PRODUCT_CATEGORY('','');
#5889=PRODUCT_CATEGORY('','');
#5890=PRODUCT_CATEGORY('','');
#5891=PRODUCT_CONTEXT('',#5895,'mechanical');
#5892=PRODUCT_CONTEXT('',#5895,'mechanical');
#5893=PRODUCT_CONTEXT('',#5895,'mechanical');
#5894=APPLICATION_PROTOCOL_DEFINITION('international standard',
'ap242_managed_model_based_3d_engineering',2020,#5895);
#5895=APPLICATION_CONTEXT('managed model based 3d engineering');
ENDSEC;
END-ISO-10303-21;
